{
    "bias": 100,
    "data": {
        "11": {
            "ler": [
                0.0716,
                0.0875,
                0.1139,
                0.1382,
                0.1623,
                0.2261,
                0.2461,
                0.3146,
                0.3593,
                0.4787
            ],
            "ler_eb": [
                NaN,
                NaN,
                NaN,
                NaN,
                NaN,
                NaN,
                NaN,
                NaN,
                NaN,
                NaN
            ],
            "per": [
                0.42,
                0.4288888888888889,
                0.43777777777777777,
                0.44666666666666666,
                0.45555555555555555,
                0.46444444444444444,
                0.47333333333333333,
                0.4822222222222222,
                0.4911111111111111,
                0.5
            ]
        },
        "13": {
            "ler": [
                0.2082,
                0.2354,
                0.2691,
                0.2903,
                0.3177,
                0.3687,
                0.3716,
                0.4049,
                0.4426,
                0.4952
            ],
            "ler_eb": [
                NaN,
                NaN,
                NaN,
                NaN,
                NaN,
                NaN,
                NaN,
                NaN,
                NaN,
                NaN
            ],
            "per": [
                0.42,
                0.4288888888888889,
                0.43777777777777777,
                0.44666666666666666,
                0.45555555555555555,
                0.46444444444444444,
                0.47333333333333333,
                0.4822222222222222,
                0.4911111111111111,
                0.5
            ]
        },
        "15": {
            "ler": [
                0.1216,
                0.1396,
                0.1915,
                0.2215,
                0.252,
                0.3148,
                0.3262,
                0.3882,
                0.4267,
                0.4917
            ],
            "ler_eb": [
                NaN,
                NaN,
                NaN,
                NaN,
                NaN,
                NaN,
                NaN,
                NaN,
                NaN,
                NaN
            ],
            "per": [
                0.42,
                0.4288888888888889,
                0.43777777777777777,
                0.44666666666666666,
                0.45555555555555555,
                0.46444444444444444,
                0.47333333333333333,
                0.4822222222222222,
                0.4911111111111111,
                0.5
            ]
        },
        "7": {
            "ler": [
                0.4651,
                0.4813,
                0.4714,
                0.4817,
                0.4753,
                0.4825,
                0.4945,
                0.5,
                0.4972,
                0.4989
            ],
            "ler_eb": [
                NaN,
                NaN,
                NaN,
                NaN,
                NaN,
                NaN,
                NaN,
                NaN,
                NaN,
                NaN
            ],
            "per": [
                0.42,
                0.4288888888888889,
                0.43777777777777777,
                0.44666666666666666,
                0.45555555555555555,
                0.46444444444444444,
                0.47333333333333333,
                0.4822222222222222,
                0.4911111111111111,
                0.5
            ]
        },
        "9": {
            "ler": [
                0.1672,
                0.1899,
                0.2081,
                0.2198,
                0.258,
                0.3293,
                0.3403,
                0.3707,
                0.3833,
                0.4871
            ],
            "ler_eb": [
                NaN,
                NaN,
                NaN,
                NaN,
                NaN,
                NaN,
                NaN,
                NaN,
                NaN,
                NaN
            ],
            "per": [
                0.42,
                0.4288888888888889,
                0.43777777777777777,
                0.44666666666666666,
                0.45555555555555555,
                0.46444444444444444,
                0.47333333333333333,
                0.4822222222222222,
                0.4911111111111111,
                0.5
            ]
        }
    },
    "distance_array": [
        7,
        9,
        11,
        13,
        15
    ],
    "ler_distances": [
        [
            0.4651,
            0.4813,
            0.4714,
            0.4817,
            0.4753,
            0.4825,
            0.4945,
            0.5,
            0.4972,
            0.4989
        ],
        [
            0.1672,
            0.1899,
            0.2081,
            0.2198,
            0.258,
            0.3293,
            0.3403,
            0.3707,
            0.3833,
            0.4871
        ],
        [
            0.0716,
            0.0875,
            0.1139,
            0.1382,
            0.1623,
            0.2261,
            0.2461,
            0.3146,
            0.3593,
            0.4787
        ],
        [
            0.2082,
            0.2354,
            0.2691,
            0.2903,
            0.3177,
            0.3687,
            0.3716,
            0.4049,
            0.4426,
            0.4952
        ],
        [
            0.1216,
            0.1396,
            0.1915,
            0.2215,
            0.252,
            0.3148,
            0.3262,
            0.3882,
            0.4267,
            0.4917
        ]
    ],
    "n_runs": 10000,
    "per_list": [
        0.42,
        0.4288888888888889,
        0.43777777777777777,
        0.44666666666666666,
        0.45555555555555555,
        0.46444444444444444,
        0.47333333333333333,
        0.4822222222222222,
        0.4911111111111111,
        0.5
    ]
}
