{
    "bias": 100,
    "data": {
        "19": {
            "ler": [
                0.1538935056940597,
                0.18751171948246764,
                0.22192632046160674,
                0.24588148512417016,
                0.2900232018561485,
                0.3477051460361613,
                0.3834355828220859,
                0.42643923240938164,
                0.46882325363338023,
                0.49455984174085066
            ],
            "ler_eb": [
                0.004476440406543485,
                0.005344867814253805,
                0.006190406591302476,
                0.006752205158422451,
                0.007727781267493909,
                0.00888041157969623,
                0.009520979753322655,
                0.01021284807841079,
                0.010805097043612799,
                0.011118692539031068
            ],
            "per": [
                0.42,
                0.4288888888888889,
                0.43777777777777777,
                0.44666666666666666,
                0.45555555555555555,
                0.46444444444444444,
                0.47333333333333333,
                0.4822222222222222,
                0.4911111111111111,
                0.5
            ]
        }
    },
    "distance_array": [
        19,
        25
    ],
    "ler_distances": [
        [
            0.1538935056940597,
            0.18751171948246764,
            0.22192632046160674,
            0.24588148512417016,
            0.2900232018561485,
            0.3477051460361613,
            0.3834355828220859,
            0.42643923240938164,
            0.46882325363338023,
            0.49455984174085066
        ]
    ],
    "n_logical_errors": 1000,
    "n_runs": 300000,
    "per_list": [
        0.42,
        0.4288888888888889,
        0.43777777777777777,
        0.44666666666666666,
        0.45555555555555555,
        0.46444444444444444,
        0.47333333333333333,
        0.4822222222222222,
        0.4911111111111111,
        0.5
    ]
}
