{
    "bias": 100,
    "data": {
        "11": {
            "ler": [
                0.038,
                0.048,
                0.08,
                0.082,
                0.128,
                0.184,
                0.23,
                0.25,
                0.336,
                0.468
            ],
            "ler_eb": [
                NaN,
                NaN,
                NaN,
                NaN,
                NaN,
                NaN,
                NaN,
                NaN,
                NaN,
                NaN
            ],
            "per": [
                0.4,
                0.41111111111111115,
                0.4222222222222222,
                0.43333333333333335,
                0.4444444444444445,
                0.45555555555555555,
                0.4666666666666667,
                0.47777777777777775,
                0.4888888888888889,
                0.5
            ]
        },
        "13": {
            "ler": [
                0.126,
                0.19,
                0.212,
                0.238,
                0.316,
                0.278,
                0.338,
                0.344,
                0.424,
                0.49
            ],
            "ler_eb": [
                NaN,
                NaN,
                NaN,
                NaN,
                NaN,
                NaN,
                NaN,
                NaN,
                NaN,
                NaN
            ],
            "per": [
                0.4,
                0.41111111111111115,
                0.4222222222222222,
                0.43333333333333335,
                0.4444444444444445,
                0.45555555555555555,
                0.4666666666666667,
                0.47777777777777775,
                0.4888888888888889,
                0.5
            ]
        },
        "15": {
            "ler": [
                0.066,
                0.118,
                0.094,
                0.15,
                0.188,
                0.298,
                0.334,
                0.342,
                0.41,
                0.54
            ],
            "ler_eb": [
                NaN,
                NaN,
                NaN,
                NaN,
                NaN,
                NaN,
                NaN,
                NaN,
                NaN,
                NaN
            ],
            "per": [
                0.4,
                0.41111111111111115,
                0.4222222222222222,
                0.43333333333333335,
                0.4444444444444445,
                0.45555555555555555,
                0.4666666666666667,
                0.47777777777777775,
                0.4888888888888889,
                0.5
            ]
        },
        "7": {
            "ler": [
                0.396,
                0.476,
                0.474,
                0.478,
                0.5,
                0.462,
                0.5,
                0.502,
                0.496,
                0.506
            ],
            "ler_eb": [
                NaN,
                NaN,
                NaN,
                NaN,
                NaN,
                NaN,
                NaN,
                NaN,
                NaN,
                NaN
            ],
            "per": [
                0.4,
                0.41111111111111115,
                0.4222222222222222,
                0.43333333333333335,
                0.4444444444444445,
                0.45555555555555555,
                0.4666666666666667,
                0.47777777777777775,
                0.4888888888888889,
                0.5
            ]
        },
        "9": {
            "ler": [
                0.094,
                0.122,
                0.182,
                0.246,
                0.244,
                0.292,
                0.306,
                0.34,
                0.382,
                0.486
            ],
            "ler_eb": [
                NaN,
                NaN,
                NaN,
                NaN,
                NaN,
                NaN,
                NaN,
                NaN,
                NaN,
                NaN
            ],
            "per": [
                0.4,
                0.41111111111111115,
                0.4222222222222222,
                0.43333333333333335,
                0.4444444444444445,
                0.45555555555555555,
                0.4666666666666667,
                0.47777777777777775,
                0.4888888888888889,
                0.5
            ]
        }
    },
    "distance_array": [
        7,
        9,
        11,
        13,
        15
    ],
    "ler_distances": [
        [
            0.396,
            0.476,
            0.474,
            0.478,
            0.5,
            0.462,
            0.5,
            0.502,
            0.496,
            0.506
        ],
        [
            0.094,
            0.122,
            0.182,
            0.246,
            0.244,
            0.292,
            0.306,
            0.34,
            0.382,
            0.486
        ],
        [
            0.038,
            0.048,
            0.08,
            0.082,
            0.128,
            0.184,
            0.23,
            0.25,
            0.336,
            0.468
        ],
        [
            0.126,
            0.19,
            0.212,
            0.238,
            0.316,
            0.278,
            0.338,
            0.344,
            0.424,
            0.49
        ],
        [
            0.066,
            0.118,
            0.094,
            0.15,
            0.188,
            0.298,
            0.334,
            0.342,
            0.41,
            0.54
        ]
    ],
    "n_runs": 500,
    "per_list": [
        0.4,
        0.41111111111111115,
        0.4222222222222222,
        0.43333333333333335,
        0.4444444444444445,
        0.45555555555555555,
        0.4666666666666667,
        0.47777777777777775,
        0.4888888888888889,
        0.5
    ]
}
