{
    "bias": 100,
    "data": {
        "25": {
            "ler": [
                0.129366106080207,
                0.17733640716439084,
                0.2149151085321298,
                0.2528445006321112,
                0.30039050765995795,
                0.3629764065335753,
                0.400320256204964,
                0.4192872117400419,
                0.4604051565377532,
                0.49776007964161273
            ],
            "ler_eb": [
                0.003817141779973004,
                0.005086382828158983,
                0.006021785163227243,
                0.0069112883189835685,
                0.00794536863322643,
                0.009161279973687016,
                0.009803186290178022,
                0.010103976131875133,
                0.010694834650445439,
                0.011155156768374993
            ],
            "per": [
                0.42,
                0.4288888888888889,
                0.43777777777777777,
                0.44666666666666666,
                0.45555555555555555,
                0.46444444444444444,
                0.47333333333333333,
                0.4822222222222222,
                0.4911111111111111,
                0.5
            ]
        }
    },
    "distance_array": [
        25
    ],
    "ler_distances": [
        [
            0.129366106080207,
            0.17733640716439084,
            0.2149151085321298,
            0.2528445006321112,
            0.30039050765995795,
            0.3629764065335753,
            0.400320256204964,
            0.4192872117400419,
            0.4604051565377532,
            0.49776007964161273
        ]
    ],
    "n_logical_errors": 1000,
    "n_runs": 300000,
    "per_list": [
        0.42,
        0.4288888888888889,
        0.43777777777777777,
        0.44666666666666666,
        0.45555555555555555,
        0.46444444444444444,
        0.47333333333333333,
        0.4822222222222222,
        0.4911111111111111,
        0.5
    ]
}
