{
    "bias": 300,
    "data": {
        "13": {
            "ler": [
                0.2528445006321112,
                0.2642706131078224,
                0.275178866263071,
                0.2701242571582928,
                0.29577048210588586,
                0.36496350364963503,
                0.38476337052712584,
                0.3705075954057058,
                0.41169205434335115,
                0.482392667631452
            ],
            "ler_eb": [
                0.0069112883189835685,
                0.007168163849952575,
                0.007408503678498907,
                0.007297734357772338,
                0.007848956850320629,
                0.009197054920819809,
                0.009543656786106323,
                0.009295919679863571,
                0.009985615564938705,
                0.010974908492737299
            ],
            "per": [
                0.45,
                0.45555555555555555,
                0.46111111111111114,
                0.4666666666666667,
                0.4722222222222222,
                0.4777777777777778,
                0.48333333333333334,
                0.4888888888888889,
                0.49444444444444446,
                0.5
            ]
        }
    },
    "distance_array": [
        13,
        19,
        25
    ],
    "ler_distances": [
        [
            0.2528445006321112,
            0.2642706131078224,
            0.275178866263071,
            0.2701242571582928,
            0.29577048210588586,
            0.36496350364963503,
            0.38476337052712584,
            0.3705075954057058,
            0.41169205434335115,
            0.482392667631452
        ]
    ],
    "n_logical_errors": 1000,
    "n_runs": 300000,
    "per_list": [
        0.45,
        0.45555555555555555,
        0.46111111111111114,
        0.4666666666666667,
        0.4722222222222222,
        0.4777777777777778,
        0.48333333333333334,
        0.4888888888888889,
        0.49444444444444446,
        0.5
    ]
}
