{
    "bias": 300,
    "data": {
        "19": {
            "ler": [
                0.18109380659181457,
                0.20445716622367613,
                0.22168033695411218,
                0.23369946249123627,
                0.2679528403001072,
                0.3480682213713888,
                0.34904013961605584,
                0.3732736095558044,
                0.43535045711798,
                0.5221932114882507
            ],
            "ler_eb": [
                0.005182277627993345,
                0.005766789793931206,
                0.006184522503036239,
                0.006469299814100922,
                0.007249831200223144,
                0.008887210148663316,
                0.008905380465768477,
                0.009344719670909237,
                0.0103449523655255,
                0.01141451280343857
            ],
            "per": [
                0.45,
                0.45555555555555555,
                0.46111111111111114,
                0.4666666666666667,
                0.4722222222222222,
                0.4777777777777778,
                0.48333333333333334,
                0.4888888888888889,
                0.49444444444444446,
                0.5
            ]
        }
    },
    "distance_array": [
        13,
        19,
        25
    ],
    "ler_distances": [
        [
            0.2528445006321112,
            0.2642706131078224,
            0.275178866263071,
            0.2701242571582928,
            0.29577048210588586,
            0.36496350364963503,
            0.38476337052712584,
            0.3705075954057058,
            0.41169205434335115,
            0.482392667631452
        ],
        [
            0.18109380659181457,
            0.20445716622367613,
            0.22168033695411218,
            0.23369946249123627,
            0.2679528403001072,
            0.3480682213713888,
            0.34904013961605584,
            0.3732736095558044,
            0.43535045711798,
            0.5221932114882507
        ]
    ],
    "n_logical_errors": 1000,
    "n_runs": 300000,
    "per_list": [
        0.45,
        0.45555555555555555,
        0.46111111111111114,
        0.4666666666666667,
        0.4722222222222222,
        0.4777777777777778,
        0.48333333333333334,
        0.4888888888888889,
        0.49444444444444446,
        0.5
    ]
}
