{
    "bias": 300,
    "data": {
        "25": {
            "ler": [
                0.16906170752324598,
                0.18814675446848542,
                0.21838829438742083,
                0.2382654276864427,
                0.27078256160303277,
                0.35410764872521244,
                0.3766478342749529,
                0.40160642570281124,
                0.4363001745200698,
                0.5099439061703213
            ],
            "ler_eb": [
                0.004873372829382374,
                0.005360872727202588,
                0.006105551289954399,
                0.0065760160470960905,
                0.007312219425066338,
                0.008999437774371542,
                0.009403774599982954,
                0.009824130290190781,
                0.010358797346965112,
                0.011288735652921815
            ],
            "per": [
                0.45,
                0.45555555555555555,
                0.46111111111111114,
                0.4666666666666667,
                0.4722222222222222,
                0.4777777777777778,
                0.48333333333333334,
                0.4888888888888889,
                0.49444444444444446,
                0.5
            ]
        }
    },
    "distance_array": [
        13,
        19,
        25
    ],
    "ler_distances": [
        [
            0.2528445006321112,
            0.2642706131078224,
            0.275178866263071,
            0.2701242571582928,
            0.29577048210588586,
            0.36496350364963503,
            0.38476337052712584,
            0.3705075954057058,
            0.41169205434335115,
            0.482392667631452
        ],
        [
            0.18109380659181457,
            0.20445716622367613,
            0.22168033695411218,
            0.23369946249123627,
            0.2679528403001072,
            0.3480682213713888,
            0.34904013961605584,
            0.3732736095558044,
            0.43535045711798,
            0.5221932114882507
        ],
        [
            0.16906170752324598,
            0.18814675446848542,
            0.21838829438742083,
            0.2382654276864427,
            0.27078256160303277,
            0.35410764872521244,
            0.3766478342749529,
            0.40160642570281124,
            0.4363001745200698,
            0.5099439061703213
        ]
    ],
    "n_logical_errors": 1000,
    "n_runs": 300000,
    "per_list": [
        0.45,
        0.45555555555555555,
        0.46111111111111114,
        0.4666666666666667,
        0.4722222222222222,
        0.4777777777777778,
        0.48333333333333334,
        0.4888888888888889,
        0.49444444444444446,
        0.5
    ]
}
