{
    "bias": 10,
    "code": "ColourCode",
    "data": {
        "11": {
            "ler": [
                0.07883823969978399,
                0.09165230780511054,
                0.10019036168720569,
                0.10972130787798991,
                0.12339889928181841,
                0.13334044482372392,
                0.14528970767710817,
                0.16158743496105743,
                0.1728967115045472,
                0.18047283883775492,
                0.19883087445818587,
                0.21563807305817914,
                0.22662375923491818,
                0.2450379808870375,
                0.2547381292031791,
                0.2702702702702703,
                0.288300755347979,
                0.3040807638508788,
                0.3246331645240878,
                0.33633795237454595,
                0.3521622763769545
            ],
            "ler_eb": [
                0.0010700889196565558,
                0.0012353341898163268,
                0.0013440525916962544,
                0.0014640940077237396,
                0.001633906834753579,
                0.0017555013275814416,
                0.0018995875505523044,
                0.002092432582242292,
                0.0022237276936428784,
                0.0023105135700128183,
                0.0025168708027282446,
                0.0027008389773404314,
                0.002818485793250811,
                0.003011001381887277,
                0.0031100215906872146,
                0.00326508351185201,
                0.003439608634719861,
                0.0035874294244956353,
                0.0037729213176438707,
                0.0038749344931126783,
                0.004008583615537769
            ],
            "ler_x": [
                0.04552119960265527,
                0.05202184991018074,
                0.058030257489229534,
                0.06324336186087338,
                0.06991781633307831,
                0.07712411328604192,
                0.08319288661591213,
                0.09504572924409398,
                0.09906981569210553,
                0.10391626060277928,
                0.11603769833379728,
                0.124940699529909,
                0.13221230113765128,
                0.14369027199215878,
                0.1504483391073976,
                0.1625945945945946,
                0.17125064867669954,
                0.1811713191023536,
                0.19361121932216596,
                0.20153370106282792,
                0.2073531483307508
            ],
            "ler_z": [
                0.0357294902319421,
                0.042398357590644135,
                0.045326119627291855,
                0.05064735571648014,
                0.05868851649843283,
                0.06237666008853805,
                0.06828616260824083,
                0.07429790259509421,
                0.08337079428749265,
                0.08709619202310052,
                0.09611484471308705,
                0.10656833570535214,
                0.11181616280650863,
                0.11992158784611615,
                0.12497452618707969,
                0.13043243243243244,
                0.1440927175229199,
                0.15319588882807272,
                0.16549798727437995,
                0.1726759047490919,
                0.18270178898436398
            ],
            "per": [
                0.16,
                0.165,
                0.17,
                0.175,
                0.18,
                0.185,
                0.19,
                0.195,
                0.2,
                0.20500000000000002,
                0.21000000000000002,
                0.215,
                0.22,
                0.225,
                0.23,
                0.235,
                0.24,
                0.245,
                0.25,
                0.255,
                0.26
            ],
            "ratio": null
        }
    },
    "distance_array": [
        3,
        5,
        7,
        9,
        11,
        13,
        17,
        21
    ],
    "ler_distances": [
        [
            0.16083376222336593,
            0.16913605304106624,
            0.17953321364452424,
            0.18725890416089286,
            0.19075960474609896,
            0.202322664184842,
            0.20142609676509687,
            0.2154800896397173,
            0.21804544066983558,
            0.2290950744558992,
            0.23655201778871174,
            0.24481002741872307,
            0.2575461007520346,
            0.2654209576388152,
            0.2719756309834639,
            0.27511830086937383,
            0.2845435920783064,
            0.29861442904921165,
            0.29701793988356895,
            0.3053435114503817,
            0.31340102795537167
        ],
        [
            0.12632642748863063,
            0.131516650007891,
            0.1437607820586544,
            0.15445923820703716,
            0.16078721420072675,
            0.17263405034008908,
            0.1769097406503202,
            0.18238856058947983,
            0.1966336322164543,
            0.20381542475134518,
            0.21253985122210414,
            0.2175805047867711,
            0.22871780796852842,
            0.2445226917057903,
            0.2550499897980004,
            0.2616294280780702,
            0.27021184608733245,
            0.2782879723938331,
            0.293513354857646,
            0.2943080816999235,
            0.3046365685736916
        ],
        [
            0.11035335143128297,
            0.12256103539562702,
            0.13354344168157903,
            0.13900086180534318,
            0.14904462396041374,
            0.16219021668612948,
            0.16964103956029042,
            0.1820763992571283,
            0.1911826559094559,
            0.19988007195682592,
            0.2127297481279782,
            0.22491116009176376,
            0.24058124428619546,
            0.25119316754584275,
            0.2615062761506276,
            0.26873051703751477,
            0.28216704288939054,
            0.2957180033120416,
            0.3095783542814686,
            0.318694626808592,
            0.3288608260983952
        ],
        [
            0.09361367508565652,
            0.10351109638953296,
            0.11134369571994833,
            0.12386662042312838,
            0.13336534101517697,
            0.14388903277792167,
            0.15515422329795817,
            0.1659916340216453,
            0.17632952461560164,
            0.18953752843062927,
            0.20636427421684758,
            0.21490587122840196,
            0.22409465758336322,
            0.2434156078087727,
            0.2614925997594268,
            0.26678049301035106,
            0.28910089621277824,
            0.30725742026669944,
            0.31661600810536983,
            0.3191625175539385,
            0.34202065804774606
        ],
        [
            0.07883823969978399,
            0.09165230780511054,
            0.10019036168720569,
            0.10972130787798991,
            0.12339889928181841,
            0.13334044482372392,
            0.14528970767710817,
            0.16158743496105743,
            0.1728967115045472,
            0.18047283883775492,
            0.19883087445818587,
            0.21563807305817914,
            0.22662375923491818,
            0.2450379808870375,
            0.2547381292031791,
            0.2702702702702703,
            0.288300755347979,
            0.3040807638508788,
            0.3246331645240878,
            0.33633795237454595,
            0.3521622763769545
        ]
    ],
    "n_logical_errors": 5000,
    "n_runs": 1000000,