{
    "bias": 10,
    "data": {
        "5": {
            "ler": [
                0.13601741022850924,
                0.13572204125950055,
                0.1485884101040119,
                0.1644195988161789,
                0.170328734457503,
                0.18188432157148055,
                0.1771479185119575,
                0.189465706707086,
                0.20064205457463885,
                0.22609088853719195,
                0.22925263640531865,
                0.2376425855513308,
                0.24770869457517958,
                0.2450379808870375,
                0.25037556334501754,
                0.2700513097488523,
                0.3022061045633122,
                0.2931691586045148,
                0.30129557095510695,
                0.31756113051762463,
                0.3083564600678384
            ],
            "ler_eb": [
                0.003998038732032798,
                0.003990038641066115,
                0.004335654977534078,
                0.004752779943216342,
                0.004906151379143199,
                0.005202386599010705,
                0.005081558618620844,
                0.005394066686336798,
                0.005672736545077061,
                0.006289672615425778,
                0.006364588982612343,
                0.006561506797624907,
                0.006794136560624838,
                0.006732803770245756,
                0.0068551002001649925,
                0.007296128173379516,
                0.007983012617974683,
                0.007794280409932589,
                0.00796415118458798,
                0.008295818022729341,
                0.008109502532813976
            ],
            "ler_x": [
                0.05835146898803047,
                0.06053203040173724,
                0.06032689450222883,
                0.07250904307793489,
                0.07170839720660875,
                0.07930156420516551,
                0.07511071744906997,
                0.07824933687002653,
                0.08888443017656501,
                0.10196699073027357,
                0.10224667583677212,
                0.10646387832699619,
                0.11270745603170672,
                0.11026709139916688,
                0.10791186780170256,
                0.11774237105049959,
                0.14082804472650348,
                0.13573732043389036,
                0.1388972582103043,
                0.13178786916481422,
                0.13197656490903484
            ],
            "ler_z": [
                0.08215451577801959,
                0.08075461454940282,
                0.09331352154531947,
                0.09898059848733969,
                0.10594447283256686,
                0.11531465987631866,
                0.10841452612931798,
                0.1206896551724138,
                0.12219101123595505,
                0.13972416911598462,
                0.1428243924805135,
                0.14686311787072243,
                0.15135001238543472,
                0.15216858613085027,
                0.1597396094141212,
                0.16878206859303269,
                0.19038984587488667,
                0.1838170624450308,
                0.18830973184694186,
                0.21498888536043187,
                0.20444033302497688
            ],
            "per": [
                0.16,
                0.165,
                0.17,
                0.175,
                0.18,
                0.185,
                0.19,
                0.195,
                0.2,
                0.20500000000000002,
                0.21000000000000002,
                0.215,
                0.22,
                0.225,
                0.23,
                0.235,
                0.24,
                0.245,
                0.25,
                0.255,
                0.26
            ]
        }
    },
    "distance_array": [
        5,
        9,
        13,
        17,
        21
    ],
    "ler_distances": [
        [
            0.13601741022850924,
            0.13572204125950055,
            0.1485884101040119,
            0.1644195988161789,
            0.170328734457503,
            0.18188432157148055,
            0.1771479185119575,
            0.189465706707086,
            0.20064205457463885,
            0.22609088853719195,
            0.22925263640531865,
            0.2376425855513308,
            0.24770869457517958,
            0.2450379808870375,
            0.25037556334501754,
            0.2700513097488523,
            0.3022061045633122,
            0.2931691586045148,
            0.30129557095510695,
            0.31756113051762463,
            0.3083564600678384
        ]
    ],
    "n_logical_errors": 1000,
    "n_runs": 1000000,
    "per_list": [
        0.16,
        0.165,
        0.17,
        0.175,
        0.18,
        0.185,
        0.19,
        0.195,
        0.2,
        0.20500000000000002,
        0.21000000000000002,
        0.215,
        0.22,
        0.225,
        0.23,
        0.235,
        0.24,
        0.245,
        0.25,
        0.255,
        0.26
    ]
}
