{
    "bias": 10,
    "data": {
        "25": {
            "ler": [
                0.15978014252388714,
                0.17792011386887288,
                0.20127203928830206,
                0.2287701317715959,
                0.24521223118609156,
                0.2772771384999307,
                0.2961646675551607,
                0.32673332026400054,
                0.3552524068350563,
                0.36959012455187196,
                0.4006891853988861
            ],
            "ler_eb": [
                0.001464600826431481,
                0.0016131771399409437,
                0.0017988000493673168,
                0.0020090523005030806,
                0.0021303676367458346,
                0.0023572191456876397,
                0.0024846703541431094,
                0.0026809393356683345,
                0.0028525409897413702,
                0.002934484786193694,
                0.0031019420369341826
            ],
            "ler_x": [
                0.039641453360176396,
                0.04289653945378525,
                0.05138475163030352,
                0.058359260614934114,
                0.0637306588852652,
                0.07464300568418133,
                0.08565082185695247,
                0.09452394955237535,
                0.10970194323066539,
                0.11290978305059689,
                0.12573626637817045
            ],
            "ler_z": [
                0.12013868916371073,
                0.13502357441508764,
                0.14988728765799855,
                0.1704108711566618,
                0.18148157230082637,
                0.20263413281574935,
                0.2105138456982082,
                0.23220937071162517,
                0.24555046360439092,
                0.2566803415012751,
                0.2749529190207156
            ],
            "per": [
                0.2,
                0.20500000000000002,
                0.21000000000000002,
                0.215,
                0.22,
                0.225,
                0.23,
                0.23500000000000001,
                0.24,
                0.245,
                0.25
            ]
        }
    },
    "distance_array": [
        5,
        7,
        9,
        11,
        13,
        19,
        25
    ],
    "ler_distances": [
        [
            0.19701716019465296,
            0.20335949892219465,
            0.21037573105566543,
            0.23176045239640308,
            0.23686018143489898,
            0.2462387037994632,
            0.25460841226194114,
            0.2584513594541507,
            0.26708688336315806,
            0.2728289635227676,
            0.2764034384587744
        ],
        [
            0.18925056775170326,
            0.1972153196860332,
            0.21000462010164223,
            0.2247090018426138,
            0.23889725029264913,
            0.24406912037489017,
            0.24937033989177326,
            0.26494979201441327,
            0.2735304576164556,
            0.28759598516004714,
            0.2942820988199288
        ],
        [
            0.18713275197425053,
            0.194730590228419,
            0.20962602716753312,
            0.22952625780389277,
            0.23632840194734603,
            0.25369764314889515,
            0.26687304849083293,
            0.2821272393849626,
            0.28873361436738465,
            0.29851637362309325,
            0.3078817733990148
        ],
        [
            0.1831401205061993,
            0.1948747929455325,
            0.2104111433741531,
            0.23325247247620826,
            0.2381122461128176,
            0.2522386177323748,
            0.2654491399447866,
            0.2826056238519147,
            0.297344711724302,
            0.30883261272390367,
            0.3219056816352809
        ],
        [
            0.16828783952071624,
            0.18235530106860207,
            0.19866102469356536,
            0.22174915735320205,
            0.23257977486277792,
            0.24937033989177326,
            0.2598752598752599,
            0.28258965156695964,
            0.302535245356084,
            0.3145544336447422,
            0.3266052648768698
        ],
        [
            0.16276836434070674,
            0.17999208034846467,
            0.20125178610960173,
            0.22504782266231574,
            0.24380729471425786,
            0.25846471956577927,
            0.28767872040505166,
            0.3097221792052529,
            0.3309066843150232,
            0.35585922209174053,
            0.37589745517422846
        ],
        [
            0.15978014252388714,
            0.17792011386887288,
            0.20127203928830206,
            0.2287701317715959,
            0.24521223118609156,
            0.2772771384999307,
            0.2961646675551607,
            0.32673332026400054,
            0.3552524068350563,
            0.36959012455187196,
            0.4006891853988861
        ]
    ],
    "n_logical_errors": 10000,
    "n_runs": 1000000,
    "per_list": [
        0.2,
        0.20500000000000002,
        0.21000000000000002,
        0.215,
        0.22,
        0.225,
        0.23,
        0.23500000000000001,
        0.24,
        0.245,
        0.25
    ]
}
