{
    "bias": 10,
    "data": {
        "7": {
            "ler": [
                0.18925056775170326,
                0.1972153196860332,
                0.21000462010164223,
                0.2247090018426138,
                0.23889725029264913,
                0.24406912037489017,
                0.24937033989177326,
                0.26494979201441327,
                0.2735304576164556,
                0.28759598516004714,
                0.2942820988199288
            ],
            "ler_eb": [
                0.0017040428746951815,
                0.0017670147957365412,
                0.001866556433948359,
                0.001978576476155203,
                0.0020841683503701183,
                0.002122041530486659,
                0.0021605168498251667,
                0.0022715488736080864,
                0.0023313871453057196,
                0.0024274259934711833,
                0.002472176146500902
            ],
            "ler_x": [
                0.1169000757002271,
                0.12160296611840808,
                0.12946784829266245,
                0.14033077165071234,
                0.1514369669605103,
                0.15205506199355656,
                0.15790129921947083,
                0.1678986831995337,
                0.17402007713558904,
                0.18181818181818182,
                0.1887525381831023
            ],
            "ler_z": [
                0.07235049205147616,
                0.07561235356762513,
                0.08053677180897979,
                0.0843782301919015,
                0.08746028333213884,
                0.0920140583813336,
                0.09146904067230244,
                0.09705110881487958,
                0.09951038048086655,
                0.10577780334186535,
                0.10552956063682646
            ],
            "per": [
                0.2,
                0.20500000000000002,
                0.21000000000000002,
                0.215,
                0.22,
                0.225,
                0.23,
                0.23500000000000001,
                0.24,
                0.245,
                0.25
            ]
        }
    },
    "distance_array": [
        5,
        7,
        9,
        11,
        13,
        19,
        25
    ],
    "ler_distances": [
        [
            0.19701716019465296,
            0.20335949892219465,
            0.21037573105566543,
            0.23176045239640308,
            0.23686018143489898,
            0.2462387037994632,
            0.25460841226194114,
            0.2584513594541507,
            0.26708688336315806,
            0.2728289635227676,
            0.2764034384587744
        ],
        [
            0.18925056775170326,
            0.1972153196860332,
            0.21000462010164223,
            0.2247090018426138,
            0.23889725029264913,
            0.24406912037489017,
            0.24937033989177326,
            0.26494979201441327,
            0.2735304576164556,
            0.28759598516004714,
            0.2942820988199288
        ]
    ],
    "n_logical_errors": 10000,
    "n_runs": 1000000,
    "per_list": [
        0.2,
        0.20500000000000002,
        0.21000000000000002,
        0.215,
        0.22,
        0.225,
        0.23,
        0.23500000000000001,
        0.24,
        0.245,
        0.25
    ]
}
