{
    "bias": 10,
    "code": "ColourCode",
    "data": {
        "7": {
            "ler": [
                0.11035335143128297,
                0.12256103539562702,
                0.13354344168157903,
                0.13900086180534318,
                0.14904462396041374,
                0.16219021668612948,
                0.16964103956029042,
                0.1820763992571283,
                0.1911826559094559,
                0.19988007195682592,
                0.2127297481279782,
                0.22491116009176376,
                0.24058124428619546,
                0.25119316754584275,
                0.2615062761506276,
                0.26873051703751477,
                0.28216704288939054,
                0.2957180033120416,
                0.3095783542814686,
                0.318694626808592,
                0.3288608260983952
            ],
            "ler_eb": [
                0.0014720050453823161,
                0.0016235881661153457,
                0.0017579679746647992,
                0.0018240378630661864,
                0.0019443959448459413,
                0.0020994830152701108,
                0.0021861444830864776,
                0.002328761560662565,
                0.0024315808597164925,
                0.0025284946471262446,
                0.002669347682855306,
                0.002800281848962003,
                0.002964950341740195,
                0.0030740272956375136,
                0.003178121663132574,
                0.0032499053331309273,
                0.003380905107389436,
                0.0035096681653703074,
                0.0036378332186916794,
                0.0037201516685807586,
                0.00381007421959448
            ],
            "ler_x": [
                0.0669624136485025,
                0.07395332875772134,
                0.08204909056916215,
                0.08545772983792499,
                0.09097683846543655,
                0.0994550408719346,
                0.10368460337924951,
                0.11259604530060814,
                0.11998623484877452,
                0.12308614831101339,
                0.1316797140912185,
                0.13854527461652646,
                0.14940095270172737,
                0.15694549108264255,
                0.16626569037656905,
                0.16930022573363432,
                0.17945823927765236,
                0.19020581973030518,
                0.19850164076527768,
                0.20205239339664732,
                0.2107340173638516
            ],
            "ler_z": [
                0.048246485245756913,
                0.05382880674575939,
                0.05750380598808792,
                0.05985377109338078,
                0.06608638626404746,
                0.07042299208511743,
                0.07633846780213069,
                0.08135173518808492,
                0.08431155125607005,
                0.0907055766540076,
                0.09509019741320626,
                0.10350411587422968,
                0.10970504739450512,
                0.11534790253705099,
                0.11767782426778242,
                0.12254111576910674,
                0.12934537246049663,
                0.13401939910101726,
                0.14172497059005634,
                0.150296386002932,
                0.15357800578795053
            ],
            "per": [
                0.16,
                0.165,
                0.17,
                0.175,
                0.18,
                0.185,
                0.19,
                0.195,
                0.2,
                0.20500000000000002,
                0.21000000000000002,
                0.215,
                0.22,
                0.225,
                0.23,
                0.235,
                0.24,
                0.245,
                0.25,
                0.255,
                0.26
            ],
            "ratio": null
        }
    },
    "distance_array": [
        3,
        5,
        7,
        9,
        11,
        13,
        17,
        21
    ],
    "ler_distances": [
        [
            0.16083376222336593,
            0.16913605304106624,
            0.17953321364452424,
            0.18725890416089286,
            0.19075960474609896,
            0.202322664184842,
            0.20142609676509687,
            0.2154800896397173,
            0.21804544066983558,
            0.2290950744558992,
            0.23655201778871174,
            0.24481002741872307,
            0.2575461007520346,
            0.2654209576388152,
            0.2719756309834639,
            0.27511830086937383,
            0.2845435920783064,
            0.29861442904921165,
            0.29701793988356895,
            0.3053435114503817,
            0.31340102795537167
        ],
        [
            0.12632642748863063,
            0.131516650007891,
            0.1437607820586544,
            0.15445923820703716,
            0.16078721420072675,
            0.17263405034008908,
            0.1769097406503202,
            0.18238856058947983,
            0.1966336322164543,
            0.20381542475134518,
            0.21253985122210414,
            0.2175805047867711,
            0.22871780796852842,
            0.2445226917057903,
            0.2550499897980004,
            0.2616294280780702,
            0.27021184608733245,
            0.2782879723938331,
            0.293513354857646,
            0.2943080816999235,
            0.3046365685736916
        ],
        [
            0.11035335143128297,
            0.12256103539562702,
            0.13354344168157903,
            0.13900086180534318,
            0.14904462396041374,
            0.16219021668612948,
            0.16964103956029042,
            0.1820763992571283,
            0.1911826559094559,
            0.19988007195682592,
            0.2127297481279782,
            0.22491116009176376,
            0.24058124428619546,
            0.25119316754584275,
            0.2615062761506276,
            0.26873051703751477,
            0.28216704288939054,
            0.2957180033120416,
            0.3095783542814686,
            0.318694626808592,
            0.3288608260983952
        ]
    ],
    "n_logical_errors": 5000,
    "n_runs": 1000000,
    "per_list": [
        0.16,
        0.165,
        0.17,
        0.175,
        0.18,
        0.185,
        0.19,
        0.195,
        0.2,
        0.20500000000000002,
        0.21000000000000002,
        0.215,
        0.22,
        0.225,
        0.23,
        0.235,
        0.24,
        0.245,
        0.25,
        0.255,
        0.26
    ]
}
