{
    "bias": 10,
    "code": "ColourCode",
    "data": {
        "17": {
            "ler": [
                0.04820531608225755,
                0.0569313976658127,
                0.06771397616468039,
                0.07760239636199966,
                0.08897272096375251,
                0.10003401156393174,
                0.11738742545898484,
                0.13391541902134613,
                0.14493593831526466,
                0.1594692862154749,
                0.17987552613591395,
                0.19664136547764188,
                0.21306515532449824,
                0.23425787106446777,
                0.25561065385205256,
                0.2665529374133703,
                0.29735355337496283,
                0.3113131187348235,
                0.3251821019771072,
                0.35438372669927,
                0.3712779386648845
            ],
            "ler_eb": [
                0.0006650917643301374,
                0.0007818770878703589,
                0.0009246298313280349,
                0.001054020877671549,
                0.0012009849381874429,
                0.0013420717399289493,
                0.001559630181282982,
                0.0017624862430408506,
                0.0018953543268295523,
                0.0020676110378301704,
                0.002303705510588038,
                0.002492554207671694,
                0.002672986816455751,
                0.0028990149876554944,
                0.0031188466639995565,
                0.003228366688448911,
                0.003524979191898195,
                0.0036536195729663023,
                0.0037777649091523253,
                0.004026947827627782,
                0.004163355460954892
            ],
            "ler_x": [
                0.023900195713583296,
                0.027953316253914035,
                0.03277356446370531,
                0.03743539600502863,
                0.04306279694645622,
                0.04959686293339736,
                0.05742592853453538,
                0.06588638615850229,
                0.07307670009855644,
                0.08059577725330101,
                0.09105299132999964,
                0.10012978330121525,
                0.10819448587378021,
                0.12467203898050974,
                0.13296866213383773,
                0.14004691331698477,
                0.15456437704430567,
                0.16642799327563665,
                0.17924037460978148,
                0.19306825430576227,
                0.20487116655528329
            ],
            "ler_z": [
                0.025192098184587796,
                0.030037005408482777,
                0.0366738894907909,
                0.04229330601728981,
                0.048312187483317615,
                0.054078386651461495,
                0.0641874442409729,
                0.07343921579130622,
                0.07754072699866658,
                0.08697454870192001,
                0.0986437385329352,
                0.10760215518936564,
                0.11901819576426471,
                0.12631184407796103,
                0.1449312407341138,
                0.1494295767139354,
                0.17192982456140352,
                0.17670132619388582,
                0.1830124869927159,
                0.2019987242185839,
                0.2128907700304448
            ],
            "per": [
                0.16,
                0.165,
                0.17,
                0.175,
                0.18,
                0.185,
                0.19,
                0.195,
                0.2,
                0.20500000000000002,
                0.21000000000000002,
                0.215,
                0.22,
                0.225,
                0.23,
                0.235,
                0.24,
                0.245,
                0.25,
                0.255,
                0.26
            ],
            "ratio": null
        }
    },
    "distance_array": [
        3,
        5,
        7,
        9,
        11,
        13,
        17,
        21
    ],