{
    "bias": 10,
    "data": {
        "5": {
            "ler": [
                0.19701716019465296,
                0.20335949892219465,
                0.21037573105566543,
                0.23176045239640308,
                0.23686018143489898,
                0.2462387037994632,
                0.25460841226194114,
                0.2584513594541507,
                0.26708688336315806,
                0.2728289635227676,
                0.2764034384587744
            ],
            "ler_eb": [
                0.0017654571738545378,
                0.001815079509975532,
                0.0018694156842710837,
                0.0020313635716132533,
                0.0020691601934010027,
                0.0021378303250487334,
                0.002198188807331232,
                0.002225607839584521,
                0.002286540022244025,
                0.0023265305481800303,
                0.002351211453158509
            ],
            "ler_x": [
                0.07644265815552535,
                0.08120144791963232,
                0.0841923675684773,
                0.09529989802540094,
                0.09486250266467704,
                0.10031764792790131,
                0.1016905998574193,
                0.10658534063889176,
                0.10600678400683743,
                0.10945898016533435,
                0.10710633240277509
            ],
            "ler_z": [
                0.1205745020391276,
                0.12215805100256233,
                0.12618336348718812,
                0.13646055437100213,
                0.14199767877022193,
                0.1459210558715619,
                0.15291781240452185,
                0.15186601881525896,
                0.16108009935632062,
                0.16336998335743322,
                0.16929710605599935
            ],
            "per": [
                0.2,
                0.20500000000000002,
                0.21000000000000002,
                0.215,
                0.22,
                0.225,
                0.23,
                0.23500000000000001,
                0.24,
                0.245,
                0.25
            ]
        }
    },
    "distance_array": [
        5,
        7,
        9,
        11,
        13,
        19,
        25
    ],
    "ler_distances": [
        [
            0.19701716019465296,
            0.20335949892219465,
            0.21037573105566543,
            0.23176045239640308,
            0.23686018143489898,
            0.2462387037994632,
            0.25460841226194114,
            0.2584513594541507,
            0.26708688336315806,
            0.2728289635227676,
            0.2764034384587744
        ]
    ],
    "n_logical_errors": 10000,
    "n_runs": 1000000,
    "per_list": [
        0.2,
        0.20500000000000002,
        0.21000000000000002,
        0.215,
        0.22,
        0.225,
        0.23,
        0.23500000000000001,
        0.24,
        0.245,
        0.25
    ]
}
