{
    "bias": 10,
    "data": {
        "9": {
            "ler": [
                0.18713275197425053,
                0.194730590228419,
                0.20962602716753312,
                0.22952625780389277,
                0.23632840194734603,
                0.25369764314889515,
                0.26687304849083293,
                0.2821272393849626,
                0.28873361436738465,
                0.29851637362309325,
                0.3078817733990148
            ],
            "ler_eb": [
                0.0016871730012420938,
                0.0017474500922688777,
                0.001863637835390849,
                0.002014704225350531,
                0.0020652338644986607,
                0.002191663319695297,
                0.0022850426438423923,
                0.0023903899629505693,
                0.002435081434867631,
                0.002500212524487138,
                0.002561380639861351
            ],
            "ler_x": [
                0.08460271716755867,
                0.08979027515432399,
                0.09542176756666107,
                0.10684447300771208,
                0.11027083234863166,
                0.11682776467006621,
                0.12265485308638681,
                0.1305402736634222,
                0.1315759080672172,
                0.139257888295173,
                0.14073275862068965
            ],
            "ler_z": [
                0.10253003480669187,
                0.10494031507409499,
                0.11420425960087205,
                0.12268178479618068,
                0.12605756959871436,
                0.13686987847882892,
                0.1442181954044461,
                0.1515869657215404,
                0.15715770630016745,
                0.15925848532792022,
                0.1671490147783251
            ],
            "per": [
                0.2,
                0.20500000000000002,
                0.21000000000000002,
                0.215,
                0.22,
                0.225,
                0.23,
                0.23500000000000001,
                0.24,
                0.245,
                0.25
            ]
        }
    },
    "distance_array": [
        5,
        7,
        9,
        11,
        13,
        19,
        25
    ],
    "ler_distances": [
        [
            0.19701716019465296,
            0.20335949892219465,
            0.21037573105566543,
            0.23176045239640308,
            0.23686018143489898,
            0.2462387037994632,
            0.25460841226194114,
            0.2584513594541507,
            0.26708688336315806,
            0.2728289635227676,
            0.2764034384587744
        ],
        [
            0.18925056775170326,
            0.1972153196860332,
            0.21000462010164223,
            0.2247090018426138,
            0.23889725029264913,
            0.24406912037489017,
            0.24937033989177326,
            0.26494979201441327,
            0.2735304576164556,
            0.28759598516004714,
            0.2942820988199288
        ],
        [
            0.18713275197425053,
            0.194730590228419,
            0.20962602716753312,
            0.22952625780389277,
            0.23632840194734603,
            0.25369764314889515,
            0.26687304849083293,
            0.2821272393849626,
            0.28873361436738465,
            0.29851637362309325,
            0.3078817733990148
        ]
    ],
    "n_logical_errors": 10000,
    "n_runs": 1000000,
    "per_list": [
        0.2,
        0.20500000000000002,
        0.21000000000000002,
        0.215,
        0.22,
        0.225,
        0.23,
        0.23500000000000001,
        0.24,
        0.245,
        0.25
    ]
}
