{
    "bias": 10,
    "data": {
        "13": {
            "ler": [
                0.16828783952071624,
                0.18235530106860207,
                0.19866102469356536,
                0.22174915735320205,
                0.23257977486277792,
                0.24937033989177326,
                0.2598752598752599,
                0.28258965156695964,
                0.302535245356084,
                0.3145544336447422,
                0.3266052648768698
            ],
            "ler_eb": [
                0.0015347557200285358,
                0.0016489242517097877,
                0.0017783645986336773,
                0.0019562383925170977,
                0.0020374575362697655,
                0.0021605168498251667,
                0.0022357199256077473,
                0.0023935365981997987,
                0.002526603598097618,
                0.0026042477449075905,
                0.0026801434504037827
            ],
            "ler_x": [
                0.0722291407222914,
                0.07905102301323899,
                0.086477144049109,
                0.09572911122937733,
                0.10073030049306912,
                0.11039624947008803,
                0.11689189189189189,
                0.12224828326786673,
                0.1361408604102378,
                0.13689408952219181,
                0.14612319550591155
            ],
            "ler_z": [
                0.09605869879842482,
                0.10330427805536307,
                0.11218388064445636,
                0.12602004612382472,
                0.1318494743697088,
                0.13897409042168524,
                0.14298336798336797,
                0.16034136829909287,
                0.16639438494584619,
                0.1776603441225504,
                0.18048206937095826
            ],
            "per": [
                0.2,
                0.20500000000000002,
                0.21000000000000002,
                0.215,
                0.22,
                0.225,
                0.23,
                0.23500000000000001,
                0.24,
                0.245,
                0.25
            ]
        }
    },
    "distance_array": [
        5,
        7,
        9,
        11,
        13,
        19,
        25
    ],
    "ler_distances": [
        [
            0.19701716019465296,
            0.20335949892219465,
            0.21037573105566543,
            0.23176045239640308,
            0.23686018143489898,
            0.2462387037994632,
            0.25460841226194114,
            0.2584513594541507,
            0.26708688336315806,
            0.2728289635227676,
            0.2764034384587744
        ],
        [
            0.18925056775170326,
            0.1972153196860332,
            0.21000462010164223,
            0.2247090018426138,
            0.23889725029264913,
            0.24406912037489017,
            0.24937033989177326,
            0.26494979201441327,
            0.2735304576164556,
            0.28759598516004714,
            0.2942820988199288
        ],
        [
            0.18713275197425053,
            0.194730590228419,
            0.20962602716753312,
            0.22952625780389277,
            0.23632840194734603,
            0.25369764314889515,
            0.26687304849083293,
            0.2821272393849626,
            0.28873361436738465,
            0.29851637362309325,
            0.3078817733990148
        ],
        [
            0.1831401205061993,
            0.1948747929455325,
            0.2104111433741531,
            0.23325247247620826,
            0.2381122461128176,
            0.2522386177323748,
            0.2654491399447866,
            0.2826056238519147,
            0.297344711724302,
            0.30883261272390367,
            0.3219056816352809
        ],
        [
            0.16828783952071624,
            0.18235530106860207,
            0.19866102469356536,
            0.22174915735320205,
            0.23257977486277792,
            0.24937033989177326,
            0.2598752598752599,
            0.28258965156695964,
            0.302535245356084,
            0.3145544336447422,
            0.3266052648768698
        ]
    ],
    "n_logical_errors": 10000,
    "n_runs": 1000000,
    "per_list": [
        0.2,
        0.20500000000000002,
        0.21000000000000002,
        0.215,
        0.22,
        0.225,
        0.23,
        0.23500000000000001,
        0.24,
        0.245,
        0.25
    ]
}
