{
    "bias": 10,
    "data": {
        "13": {
            "ler": [
                0.07451009611802399,
                0.07540340823405219,
                0.09323140033563304,
                0.10102030508132134,
                0.11210762331838565,
                0.124750499001996,
                0.14771048744460857,
                0.15410695022345508,
                0.16750418760469013,
                0.19661816751867872,
                0.2008435428800964,
                0.22527596305474207,
                0.23894862604540024,
                0.24709661477637757,
                0.2787068004459309,
                0.2909514111143439,
                0.30303030303030304,
                0.32948929159802304,
                0.34782608695652173,
                0.3477051460361613,
                0.3677822728944465
            ],
            "ler_eb": [
                0.002266736126636103,
                0.0022928050020915047,
                0.002807439743303076,
                0.0030288908064480305,
                0.0033405294838272795,
                0.003690695602732575,
                0.00431225965816661,
                0.004482083614451532,
                0.004832998915357113,
                0.005572943593731574,
                0.005677717501956924,
                0.006270300727656633,
                0.006591913879271796,
                0.006780105014198977,
                0.007485201301632041,
                0.00774744436796892,
                0.008000055652754638,
                0.00853186870685762,
                0.008882676842699985,
                0.00888041157969623,
                0.009247495464023318
            ],
            "ler_x": [
                0.03606288652112361,
                0.03551500527823857,
                0.04167443595002797,
                0.04848974643903425,
                0.054708520179372194,
                0.05900698602794411,
                0.07296898079763663,
                0.07751579596239791,
                0.08693467336683416,
                0.09280377506881636,
                0.09981924081140792,
                0.11015994593376886,
                0.12735961768219833,
                0.12824314306893997,
                0.14186176142697882,
                0.15420424789060228,
                0.16424242424242425,
                0.1696869851729819,
                0.17982608695652175,
                0.19123783031988872,
                0.1986024273630011
            ],
            "ler_z": [
                0.040384472095969,
                0.0416226813451968,
                0.0533283609919821,
                0.055460147489645416,
                0.060201793721973096,
                0.06923652694610778,
                0.08020679468242245,
                0.08321775312066575,
                0.08860971524288107,
                0.11521824616594574,
                0.11106647921269332,
                0.1279567470150935,
                0.13094384707287934,
                0.13837410427477143,
                0.16109253065774806,
                0.1638056444573756,
                0.16727272727272727,
                0.19110378912685339,
                0.20278260869565218,
                0.1978442280945758,
                0.2136815005516734
            ],
            "per": [
                0.16,
                0.165,
                0.17,
                0.175,
                0.18,
                0.185,
                0.19,
                0.195,
                0.2,
                0.20500000000000002,
                0.21000000000000002,
                0.215,
                0.22,
                0.225,
                0.23,
                0.235,
                0.24,
                0.245,
                0.25,
                0.255,
                0.26
            ]
        }
    },
    "distance_array": [
        5,
        9,
        13,
        17,
        21
    ],
    "ler_distances": [
        [
            0.13601741022850924,
            0.13572204125950055,
            0.1485884101040119,
            0.1644195988161789,
            0.170328734457503,
            0.18188432157148055,
            0.1771479185119575,
            0.189465706707086,
            0.20064205457463885,
            0.22609088853719195,
            0.22925263640531865,
            0.2376425855513308,
            0.24770869457517958,
            0.2450379808870375,
            0.25037556334501754,
            0.2700513097488523,
            0.3022061045633122,
            0.2931691586045148,
            0.30129557095510695,
            0.31756113051762463,
            0.3083564600678384
        ],
        [
            0.10067451927917044,
            0.10920607185759529,
            0.11835720203574387,
            0.13157894736842105,
            0.14013452914798205,
            0.1531159087429184,
            0.1631321370309951,
            0.1789228842368939,
            0.1846040243677312,
            0.2028809089064719,
            0.21021652301870927,
            0.23261223540358222,
            0.249500998003992,
            0.26130128037627387,
            0.27359781121751026,
            0.2824858757062147,
            0.30921459492888065,
            0.31318509238960224,
            0.3206155819172812,
            0.3453038674033149,
            0.34904013961605584
        ],
        [
            0.07451009611802399,
            0.07540340823405219,
            0.09323140033563304,
            0.10102030508132134,
            0.11210762331838565,
            0.124750499001996,
            0.14771048744460857,
            0.15410695022345508,
            0.16750418760469013,
            0.19661816751867872,
            0.2008435428800964,
            0.22527596305474207,
            0.23894862604540024,
            0.24709661477637757,
            0.2787068004459309,
            0.2909514111143439,
            0.30303030303030304,
            0.32948929159802304,
            0.34782608695652173,
            0.3477051460361613,
            0.3677822728944465
        ]
    ],
    "n_logical_errors": 1000,
    "n_runs": 1000000,
    "per_list": [
        0.16,
        0.165,
        0.17,
        0.175,
        0.18,
        0.185,
        0.19,
        0.195,
        0.2,
        0.20500000000000002,
        0.21000000000000002,
        0.215,
        0.22,
        0.225,
        0.23,
        0.235,
        0.24,
        0.245,
        0.25,
        0.255,
        0.26
    ]
}
