{
    "bias": 10,
    "data": {
        "21": {
            "ler": [
                0.03955696202531646,
                0.045783353172786374,
                0.05554321261941791,
                0.06696578048617156,
                0.07609770945894528,
                0.08806693086745927,
                0.10954102311315587,
                0.12822156686754713,
                0.1479727730097662,
                0.16223231667748214,
                0.1832508704416346,
                0.2010454362685967,
                0.22143489813994685,
                0.2555583950932788,
                0.2675227394328518,
                0.2846569883290635,
                0.31240237425804435,
                0.335345405767941,
                0.37721614485099964,
                0.3996802557953637,
                0.42283298097251587
            ],
            "ler_eb": [
                0.0012259104208684395,
                0.0014142659703269237,
                0.0017069548807984827,
                0.002045510536513785,
                0.0023130477940831776,
                0.0026594653958172823,
                0.003268765391494025,
                0.0037858564279614933,
                0.0043192520606073715,
                0.004695687337912116,
                0.005237094208558414,
                0.005682706941890263,
                0.006178649128604582,
                0.006972772093997785,
                0.0072403202538328095,
                0.007613406518576641,
                0.008191840920969525,
                0.008645505002014891,
                0.009413669461630593,
                0.00979273513580014,
                0.01015826663591102
            ],
            "ler_x": [
                0.01954113924050633,
                0.023807343649848916,
                0.028271495223283715,
                0.03314806134065493,
                0.03995129746594628,
                0.04332892998678996,
                0.05367510132544638,
                0.06564944223618413,
                0.07191476768274638,
                0.08062946138870863,
                0.09107568260949239,
                0.11037394451145958,
                0.11647475642161205,
                0.1339125990288781,
                0.14285714285714285,
                0.15542271562766866,
                0.16526085598250548,
                0.17974513749161636,
                0.21124104111655978,
                0.22302158273381295,
                0.2317124735729387
            ],
            "ler_z": [
                0.02033227848101266,
                0.022937459939565974,
                0.02810486558542546,
                0.035224000535726246,
                0.038201050148390536,
                0.04764420959929547,
                0.0595903165735568,
                0.0671881010385947,
                0.08330867120449838,
                0.08809214795587281,
                0.10262048744731538,
                0.10434258142340169,
                0.11979627989371125,
                0.14030155890621007,
                0.1471375066880685,
                0.15684600056931397,
                0.17588253670727896,
                0.193158953722334,
                0.2089777442474538,
                0.22342126298960832,
                0.24397463002114164
            ],
            "per": [
                0.16,
                0.165,
                0.17,
                0.175,
                0.18,
                0.185,
                0.19,
                0.195,
                0.2,
                0.20500000000000002,
                0.21000000000000002,
                0.215,
                0.22,
                0.225,
                0.23,
                0.235,
                0.24,
                0.245,
                0.25,
                0.255,
                0.26
            ]
        }
    },
    "distance_array": [
        5,
        9,
        13,
        17,
        21
    ],
    "ler_distances": [
        [
            0.13601741022850924,
            0.13572204125950055,
            0.1485884101040119,
            0.1644195988161789,
            0.170328734457503,
            0.18188432157148055,
            0.1771479185119575,
            0.189465706707086,
            0.20064205457463885,
            0.22609088853719195,
            0.22925263640531865,
            0.2376425855513308,
            0.24770869457517958,
            0.2450379808870375,
            0.25037556334501754,
            0.2700513097488523,
            0.3022061045633122,
            0.2931691586045148,
            0.30129557095510695,
            0.31756113051762463,
            0.3083564600678384
        ],
        [
            0.10067451927917044,
            0.10920607185759529,
            0.11835720203574387,
            0.13157894736842105,
            0.14013452914798205,
            0.1531159087429184,
            0.1631321370309951,
            0.1789228842368939,
            0.1846040243677312,
            0.2028809089064719,
            0.21021652301870927,
            0.23261223540358222,
            0.249500998003992,
            0.26130128037627387,
            0.27359781121751026,
            0.2824858757062147,
            0.30921459492888065,
            0.31318509238960224,
            0.3206155819172812,
            0.3453038674033149,
            0.34904013961605584
        ],
        [
            0.07451009611802399,
            0.07540340823405219,
            0.09323140033563304,
            0.10102030508132134,
            0.11210762331838565,
            0.124750499001996,
            0.14771048744460857,
            0.15410695022345508,
            0.16750418760469013,
            0.19661816751867872,
            0.2008435428800964,
            0.22527596305474207,
            0.23894862604540024,
            0.24709661477637757,
            0.2787068004459309,
            0.2909514111143439,
            0.30303030303030304,
            0.32948929159802304,
            0.34782608695652173,
            0.3477051460361613,
            0.3677822728944465
        ],
        [
            0.05141388174807198,
            0.06041931001147967,
            0.06995452955578874,
            0.08745845723281441,
            0.09678668215253582,
            0.11222085063404781,
            0.12584948401711554,
            0.13877324451845685,
            0.15785319652722968,
            0.17238407171177383,
            0.18341892883345562,
            0.2075980900975711,
            0.22675736961451248,
            0.2515090543259557,
            0.2846569883290635,
            0.29507229271171437,
            0.3121098626716604,
            0.3367003367003367,
            0.350385423966363,
            0.3776435045317221,
            0.39463299131807417
        ],
        [
            0.03955696202531646,
            0.045783353172786374,
            0.05554321261941791,
            0.06696578048617156,
            0.07609770945894528,
            0.08806693086745927,
            0.10954102311315587,
            0.12822156686754713,
            0.1479727730097662,
            0.16223231667748214,
            0.1832508704416346,
            0.2010454362685967,
            0.22143489813994685,
            0.2555583950932788,
            0.2675227394328518,
            0.2846569883290635,
            0.31240237425804435,
            0.335345405767941,
            0.37721614485099964,
            0.3996802557953637,
            0.42283298097251587
        ]
    ],
    "n_logical_errors": 1000,
    "n_runs": 1000000,
    "per_list": [
        0.16,
        0.165,
        0.17,
        0.175,
        0.18,
        0.185,
        0.19,
        0.195,
        0.2,
        0.20500000000000002,
        0.21000000000000002,
        0.215,
        0.22,
        0.225,
        0.23,
        0.235,
        0.24,
        0.245,
        0.25,
        0.255,
        0.26
    ]
}
