{
    "bias": 10,
    "code": "ColourCode",
    "data": {
        "5": {
            "ler": [
                0.12632642748863063,
                0.131516650007891,
                0.1437607820586544,
                0.15445923820703716,
                0.16078721420072675,
                0.17263405034008908,
                0.1769097406503202,
                0.18238856058947983,
                0.1966336322164543,
                0.20381542475134518,
                0.21253985122210414,
                0.2175805047867711,
                0.22871780796852842,
                0.2445226917057903,
                0.2550499897980004,
                0.2616294280780702,
                0.27021184608733245,
                0.2782879723938331,
                0.293513354857646,
                0.2943080816999235,
                0.3046365685736916
            ],
            "ler_eb": [
                0.0016698744192947615,
                0.0017333109644049587,
                0.0018812780241210453,
                0.0020086124989661456,
                0.0020830637173643103,
                0.0022207019792806863,
                0.0022698150681177915,
                0.002332308920260129,
                0.0024924681800401393,
                0.002571928707171865,
                0.002667286472232783,
                0.002721791223447191,
                0.0028406755286004798,
                0.0030056947851972264,
                0.003113177432279459,
                0.0031793532162395373,
                0.003264508375401044,
                0.003343423617123614,
                0.0034889507791108416,
                0.003496429354663448,
                0.003592551119476407
            ],
            "ler_x": [
                0.05664477008590197,
                0.05728865274343732,
                0.06391604370327775,
                0.06681906644836427,
                0.07068205936263948,
                0.07540655318855091,
                0.07578813289459718,
                0.08119938717443642,
                0.08514236274972471,
                0.08853742051198435,
                0.0922422954303932,
                0.09447345517841602,
                0.10356342344814967,
                0.10617175273865415,
                0.11410936543562539,
                0.11987860394537178,
                0.12354085603112841,
                0.12734457616741804,
                0.1357205752861755,
                0.13608805697804463,
                0.13678181928958752
            ],
            "ler_z": [
                0.07546740778170793,
                0.07996212320479773,
                0.08711903392754457,
                0.09619721355534275,
                0.09952728559024987,
                0.10710216483099126,
                0.11159466440222199,
                0.11297147442912381,
                0.12407582192858266,
                0.1286075330180988,
                0.1364930924548353,
                0.1387728459530026,
                0.14290288641873655,
                0.15815727699530516,
                0.16108957355641706,
                0.1657684056302653,
                0.17282749675745784,
                0.17715812322591418,
                0.18538303492808922,
                0.188474895520631,
                0.19783098763175533
            ],
            "per": [
                0.16,
                0.165,
                0.17,
                0.175,
                0.18,
                0.185,
                0.19,
                0.195,
                0.2,
                0.20500000000000002,
                0.21000000000000002,
                0.215,
                0.22,
                0.225,
                0.23,
                0.235,
                0.24,
                0.245,
                0.25,
                0.255,
                0.26
            ],
            "ratio": null
        }
    },
    "distance_array": [
        3,
        5,
        7,
        9,
        11,
        13,
        17,
        21
    ],
    "ler_distances": [
        [
            0.16083376222336593,
            0.16913605304106624,
            0.17953321364452424,
            0.18725890416089286,
            0.19075960474609896,
            0.202322664184842,
            0.20142609676509687,
            0.2154800896397173,
            0.21804544066983558,
            0.2290950744558992,
            0.23655201778871174,
            0.24481002741872307,
            0.2575461007520346,
            0.2654209576388152,
            0.2719756309834639,
            0.27511830086937383,
            0.2845435920783064,
            0.29861442904921165,
            0.29701793988356895,
            0.3053435114503817,
            0.31340102795537167
        ],
        [
            0.12632642748863063,
            0.131516650007891,
            0.1437607820586544,
            0.15445923820703716,
            0.16078721420072675,
            0.17263405034008908,
            0.1769097406503202,
            0.18238856058947983,
            0.1966336322164543,
            0.20381542475134518,
            0.21253985122210414,
            0.2175805047867711,
            0.22871780796852842,
            0.2445226917057903,
            0.2550499897980004,
            0.2616294280780702,
            0.27021184608733245,
            0.2782879723938331,
            0.293513354857646,
            0.2943080816999235,
            0.3046365685736916
        ]
    ],
    "n_logical_errors": 5000,
    "n_runs": 1000000,
    "per_list": [
        0.16,
        0.165,
        0.17,
        0.175,
        0.18,
        0.185,
        0.19,
        0.195,
        0.2,
        0.20500000000000002,
        0.21000000000000002,
        0.215,
        0.22,
        0.225,
        0.23,
        0.235,
        0.24,
        0.245,
        0.25,
        0.255,
        0.26
    ]
}
