{
    "bias": 10,
    "data": {
        "19": {
            "ler": [
                0.16276836434070674,
                0.17999208034846467,
                0.20125178610960173,
                0.22504782266231574,
                0.24380729471425786,
                0.25846471956577927,
                0.28767872040505166,
                0.3097221792052529,
                0.3309066843150232,
                0.35585922209174053,
                0.37589745517422846
            ],
            "ler_eb": [
                0.00148933643575719,
                0.0016299054802174455,
                0.0017986418469657821,
                0.0019811267721771566,
                0.0021201321771450363,
                0.0022257028378464138,
                0.0024279833127235704,
                0.002573263536187722,
                0.002706754613140945,
                0.0028560685158343147,
                0.002969595950259672
            ],
            "ler_x": [
                0.05099532854794342,
                0.05772346016775262,
                0.06510495280645616,
                0.07361314279284348,
                0.08160230154086211,
                0.08658568105453605,
                0.09913408705158079,
                0.10883637377272587,
                0.1156187954996691,
                0.12729084374221558,
                0.13505995564410028
            ],
            "ler_z": [
                0.11177303579276332,
                0.12226862018071205,
                0.13614683330314556,
                0.15143467986947226,
                0.16220499317339576,
                0.17187903851124323,
                0.18854463335347085,
                0.20088580543252701,
                0.21528788881535407,
                0.22856837834952493,
                0.24083749953012817
            ],
            "per": [
                0.2,
                0.20500000000000002,
                0.21000000000000002,
                0.215,
                0.22,
                0.225,
                0.23,
                0.23500000000000001,
                0.24,
                0.245,
                0.25
            ]
        }
    },
    "distance_array": [
        5,
        7,
        9,
        11,
        13,
        19,
        25
    ],
    "ler_distances": [
        [
            0.19701716019465296,
            0.20335949892219465,
            0.21037573105566543,
            0.23176045239640308,
            0.23686018143489898,
            0.2462387037994632,
            0.25460841226194114,
            0.2584513594541507,
            0.26708688336315806,
            0.2728289635227676,
            0.2764034384587744
        ],
        [
            0.18925056775170326,
            0.1972153196860332,
            0.21000462010164223,
            0.2247090018426138,
            0.23889725029264913,
            0.24406912037489017,
            0.24937033989177326,
            0.26494979201441327,
            0.2735304576164556,
            0.28759598516004714,
            0.2942820988199288
        ],
        [
            0.18713275197425053,
            0.194730590228419,
            0.20962602716753312,
            0.22952625780389277,
            0.23632840194734603,
            0.25369764314889515,
            0.26687304849083293,
            0.2821272393849626,
            0.28873361436738465,
            0.29851637362309325,
            0.3078817733990148
        ],
        [
            0.1831401205061993,
            0.1948747929455325,
            0.2104111433741531,
            0.23325247247620826,
            0.2381122461128176,
            0.2522386177323748,
            0.2654491399447866,
            0.2826056238519147,
            0.297344711724302,
            0.30883261272390367,
            0.3219056816352809
        ],
        [
            0.16828783952071624,
            0.18235530106860207,
            0.19866102469356536,
            0.22174915735320205,
            0.23257977486277792,
            0.24937033989177326,
            0.2598752598752599,
            0.28258965156695964,
            0.302535245356084,
            0.3145544336447422,
            0.3266052648768698
        ],
        [
            0.16276836434070674,
            0.17999208034846467,
            0.20125178610960173,
            0.22504782266231574,
            0.24380729471425786,
            0.25846471956577927,
            0.28767872040505166,
            0.3097221792052529,
            0.3309066843150232,
            0.35585922209174053,
            0.37589745517422846
        ]
    ],
    "n_logical_errors": 10000,
    "n_runs": 1000000,
    "per_list": [
        0.2,
        0.20500000000000002,
        0.21000000000000002,
        0.215,
        0.22,
        0.225,
        0.23,
        0.23500000000000001,
        0.24,
        0.245,
        0.25
    ]
}
