{
    "bias": 10,
    "data": {
        "17": {
            "ler": [
                0.05141388174807198,
                0.06041931001147967,
                0.06995452955578874,
                0.08745845723281441,
                0.09678668215253582,
                0.11222085063404781,
                0.12584948401711554,
                0.13877324451845685,
                0.15785319652722968,
                0.17238407171177383,
                0.18341892883345562,
                0.2075980900975711,
                0.22675736961451248,
                0.2515090543259557,
                0.2846569883290635,
                0.29507229271171437,
                0.3121098626716604,
                0.3367003367003367,
                0.350385423966363,
                0.3776435045317221,
                0.39463299131807417
            ],
            "ler_eb": [
                0.0015835025852892863,
                0.001852007762579957,
                0.002133378584969805,
                0.0026419715363770707,
                0.0029087792856923008,
                0.0033436901571162257,
                0.0037208704414967058,
                0.00407253193879302,
                0.004580862784172176,
                0.004959199217111028,
                0.0052413577923595455,
                0.005843810312752884,
                0.006305496737136997,
                0.006880926198675181,
                0.007613406518576641,
                0.007834309445052576,
                0.008185911290902643,
                0.008671584074377386,
                0.008930461689295724,
                0.009421100410080993,
                0.009709631860212902
            ],
            "ler_x": [
                0.024215938303341903,
                0.02954504259561356,
                0.03364812871633438,
                0.042417351757914994,
                0.047619047619047616,
                0.05319268320053866,
                0.06204379562043796,
                0.06869275603663613,
                0.07955801104972375,
                0.08619203585588692,
                0.09207630227439471,
                0.10296865268839527,
                0.11473922902494331,
                0.12550301810865191,
                0.15229148875604895,
                0.15343759221009148,
                0.16354556803995007,
                0.17744107744107745,
                0.1885073580939033,
                0.2141238670694864,
                0.20757695343330704
            ],
            "ler_z": [
                0.0280719794344473,
                0.03184097637604979,
                0.037845400489681706,
                0.04617806541892601,
                0.05129694154084398,
                0.06273145550443272,
                0.06732947394915681,
                0.07646405772966972,
                0.0846093133385951,
                0.09429408722634029,
                0.0995964783565664,
                0.11770811708532282,
                0.12653061224489795,
                0.14612676056338028,
                0.1542840876743524,
                0.1699616406019475,
                0.18320848938826467,
                0.19124579124579125,
                0.2025227750525578,
                0.20694864048338368,
                0.23322809786898185
            ],
            "per": [
                0.16,
                0.165,
                0.17,
                0.175,
                0.18,
                0.185,
                0.19,
                0.195,
                0.2,
                0.20500000000000002,
                0.21000000000000002,
                0.215,
                0.22,
                0.225,
                0.23,
                0.235,
                0.24,
                0.245,
                0.25,
                0.255,
                0.26
            ]
        }
    },
    "distance_array": [
        5,
        9,
        13,
        17,
        21
    ],
    "ler_distances": [
        [
            0.13601741022850924,
            0.13572204125950055,
            0.1485884101040119,
            0.1644195988161789,
            0.170328734457503,
            0.18188432157148055,
            0.1771479185119575,
            0.189465706707086,
            0.20064205457463885,
            0.22609088853719195,
            0.22925263640531865,
            0.2376425855513308,
            0.24770869457517958,
            0.2450379808870375,
            0.25037556334501754,
            0.2700513097488523,
            0.3022061045633122,
            0.2931691586045148,
            0.30129557095510695,
            0.31756113051762463,
            0.3083564600678384
        ],
        [
            0.10067451927917044,
            0.10920607185759529,
            0.11835720203574387,
            0.13157894736842105,
            0.14013452914798205,
            0.1531159087429184,
            0.1631321370309951,
            0.1789228842368939,
            0.1846040243677312,
            0.2028809089064719,
            0.21021652301870927,
            0.23261223540358222,
            0.249500998003992,
            0.26130128037627387,
            0.27359781121751026,
            0.2824858757062147,
            0.30921459492888065,
            0.31318509238960224,
            0.3206155819172812,
            0.3453038674033149,
            0.34904013961605584
        ],
        [
            0.07451009611802399,
            0.07540340823405219,
            0.09323140033563304,
            0.10102030508132134,
            0.11210762331838565,
            0.124750499001996,
            0.14771048744460857,
            0.15410695022345508,
            0.16750418760469013,
            0.19661816751867872,
            0.2008435428800964,
            0.22527596305474207,
            0.23894862604540024,
            0.24709661477637757,
            0.2787068004459309,
            0.2909514111143439,
            0.30303030303030304,
            0.32948929159802304,
            0.34782608695652173,
            0.3477051460361613,
            0.3677822728944465
        ],
        [
            0.05141388174807198,
            0.06041931001147967,
            0.06995452955578874,
            0.08745845723281441,
            0.09678668215253582,
            0.11222085063404781,
            0.12584948401711554,
            0.13877324451845685,
            0.15785319652722968,
            0.17238407171177383,
            0.18341892883345562,
            0.2075980900975711,
            0.22675736961451248,
            0.2515090543259557,
            0.2846569883290635,
            0.29507229271171437,
            0.3121098626716604,
            0.3367003367003367,
            0.350385423966363,
            0.3776435045317221,
            0.39463299131807417
        ]
    ],
    "n_logical_errors": 1000,
    "n_runs": 1000000,
    "per_list": [
        0.16,
        0.165,
        0.17,
        0.175,
        0.18,
        0.185,
        0.19,
        0.195,
        0.2,
        0.20500000000000002,
        0.21000000000000002,
        0.215,
        0.22,
        0.225,
        0.23,
        0.235,
        0.24,
        0.245,
        0.25,
        0.255,
        0.26
    ]
}
