{
    "bias": 10,
    "code": "ColourCode",
    "data": {
        "13": {
            "ler": [
                0.06787023211619383,
                0.07733593182064251,
                0.08732099196646874,
                0.09701579417129108,
                0.11006185476237645,
                0.12185611230259309,
                0.13371486641884844,
                0.14606643101282463,
                0.16178088397075002,
                0.17127393553249068,
                0.19235948139883816,
                0.20689369801795837,
                0.22476961114857272,
                0.24139429343890312,
                0.2562262990673363,
                0.26958537768911417,
                0.28796866900881185,
                0.30058915474329684,
                0.3258815094831519,
                0.3502136303144918,
                0.35092644581695676
            ],
            "ler_eb": [
                0.0009266858275031396,
                0.0010505533803638798,
                0.0011797573435242447,
                0.001303759596246002,
                0.0014683572646355307,
                0.0016148982261680004,
                0.0017600504775304423,
                0.0019088748625928405,
                0.0020946958986134906,
                0.0022050161464101806,
                0.0024447679577429982,
                0.00260572128456839,
                0.002798775002981822,
                0.0029733774926511865,
                0.0031250654004314985,
                0.0032583374467972563,
                0.0034364480975509443,
                0.003555121814259578,
                0.0037839277632656875,
                0.003992393512366318,
                0.0039983246372418384
            ],
            "ler_x": [
                0.032645581647889235,
                0.036920173851174735,
                0.04282221446035627,
                0.047052660173076175,
                0.053490061414514956,
                0.059148956911678686,
                0.06675046131628914,
                0.07294557564780463,
                0.07943441402963826,
                0.08748672626999623,
                0.09444850536682953,
                0.10394339388422229,
                0.11013710946280063,
                0.12673200405542412,
                0.13021420518602028,
                0.1386208012077425,
                0.14795830213672753,
                0.15263917277864614,
                0.17441178387538292,
                0.18505288225817748,
                0.18921953958450308
            ],
            "ler_z": [
                0.036717795574860865,
                0.04245742656953273,
                0.047135871463499825,
                0.05291241414102216,
                0.06046798300644962,
                0.06682589198674206,
                0.07231299975931324,
                0.08097922935350997,
                0.09030608943247266,
                0.09444044805261535,
                0.10918324164198054,
                0.11565357719203873,
                0.12937738817711844,
                0.13392555399990344,
                0.14625397150763556,
                0.1546880897180137,
                0.16402695386741922,
                0.17752795479139113,
                0.1852962262921202,
                0.20459480282972614,
                0.20143177989893318
            ],
            "per": [
                0.16,
                0.165,
                0.17,
                0.175,
                0.18,
                0.185,
                0.19,
                0.195,
                0.2,
                0.20500000000000002,
                0.21000000000000002,
                0.215,
                0.22,
                0.225,
                0.23,
                0.235,
                0.24,
                0.245,
                0.25,
                0.255,
                0.26
            ],
            "ratio": null
        }
    },
    "distance_array": [
        3,
        5,
        7,
        9,
        11,
        13,
        17,
        21
    ],