{
    "bias": 10,
    "code": "ColourCode",
    "data": {
        "3": {
            "ler": [
                0.16083376222336593,
                0.16913605304106624,
                0.17953321364452424,
                0.18725890416089286,
                0.19075960474609896,
                0.202322664184842,
                0.20142609676509687,
                0.2154800896397173,
                0.21804544066983558,
                0.2290950744558992,
                0.23655201778871174,
                0.24481002741872307,
                0.2575461007520346,
                0.2654209576388152,
                0.2719756309834639,
                0.27511830086937383,
                0.2845435920783064,
                0.29861442904921165,
                0.29701793988356895,
                0.3053435114503817,
                0.31340102795537167
            ],
            "ler_eb": [
                0.0020836089784811527,
                0.00218029945733545,
                0.0022998012469193758,
                0.0023874461546506747,
                0.0024268346577776103,
                0.002555483959999962,
                0.002545589035751583,
                0.002699132039237382,
                0.0027267967390040035,
                0.002844665201058699,
                0.0029230172650561406,
                0.0030086544274257523,
                0.003138374187114472,
                0.0032171364145933295,
                0.0032818441192794413,
                0.0033125927433327066,
                0.0034037323039485504,
                0.003536748682814611,
                0.003521841448684068,
                0.0035990571408687877,
                0.003672543841059416
            ],
            "ler_x": [
                0.10955995882655688,
                0.11176510384953657,
                0.11967684021543985,
                0.1252762068836373,
                0.1297165312273473,
                0.1371343017844859,
                0.1353180518067921,
                0.14575073263230479,
                0.14657014521826348,
                0.15532646048109966,
                0.1603349576571888,
                0.16509988249118684,
                0.1749253116307819,
                0.18128251406731075,
                0.18342036553524804,
                0.18889622537691209,
                0.19331891645800137,
                0.20646201624462493,
                0.2019721991208269,
                0.2116030534351145,
                0.2142409427102921
            ],
            "ler_z": [
                0.06221049922799794,
                0.0676882484270347,
                0.07127468581687613,
                0.07419197782854575,
                0.07439624585097859,
                0.07963420062315381,
                0.0814969987511582,
                0.08476986726426478,
                0.08769787623740788,
                0.09360824742268041,
                0.09533046316885083,
                0.09963768115942029,
                0.10281240342021222,
                0.10760165622677567,
                0.11129242819843342,
                0.1125233850555739,
                0.11882540405190076,
                0.12129718107978978,
                0.12516335986693597,
                0.12470229007633588,
                0.13050018804061678
            ],
            "per": [
                0.16,
                0.165,
                0.17,
                0.175,
                0.18,
                0.185,
                0.19,
                0.195,
                0.2,
                0.20500000000000002,
                0.21000000000000002,
                0.215,
                0.22,
                0.225,
                0.23,
                0.235,
                0.24,
                0.245,
                0.25,
                0.255,
                0.26
            ],
            "ratio": null
        }
    },
    "distance_array": [
        3,
        5,
        7,
        9,
        11,
        13,
        17,
        21
    ],
    "ler_distances": [
        [
            0.16083376222336593,
            0.16913605304106624,
            0.17953321364452424,
            0.18725890416089286,
            0.19075960474609896,
            0.202322664184842,
            0.20142609676509687,
            0.2154800896397173,
            0.21804544066983558,
            0.2290950744558992,
            0.23655201778871174,
            0.24481002741872307,
            0.2575461007520346,
            0.2654209576388152,
            0.2719756309834639,
            0.27511830086937383,
            0.2845435920783064,
            0.29861442904921165,
            0.29701793988356895,
            0.3053435114503817,
            0.31340102795537167
        ]
    ],
    "n_logical_errors": 5000,
    "n_runs": 1000000,
    "per_list": [
        0.16,
        0.165,
        0.17,
        0.175,
        0.18,
        0.185,
        0.19,
        0.195,
        0.2,
        0.20500000000000002,
        0.21000000000000002,
        0.215,
        0.22,
        0.225,
        0.23,
        0.235,
        0.24,
        0.245,
        0.25,
        0.255,
        0.26
    ]
}
