{
    "bias": 10,
    "code": "ColourCode",
    "data": {
        "21": {
            "ler": [
                0.034287438454047976,
                0.04192590853443794,
                0.05087505087505088,
                0.06040982022037503,
                0.07423574302555194,
                0.08622622311897495,
                0.10008807750820722,
                0.112402490839197,
                0.13082840546339422,
                0.14695077149155034,
                0.16515822157627005,
                0.185000185000185,
                0.2047082906857728,
                0.22745882995177874,
                0.24947610018960184,
                0.27116437984706326,
                0.2913922722769392,
                0.32303915234526426,
                0.34265350877192985,
                0.3575003575003575,
                0.3845858010922237
            ],
            "ler_eb": [
                0.0004765121505491459,
                0.0005803594071259352,
                0.0007009411377330209,
                0.0008281171439328205,
                0.0010101323087032513,
                0.0011656648660384296,
                0.0013427567617454153,
                0.0014976108249321533,
                0.0017249233786411325,
                0.0019194372357469107,
                0.0021341123686989994,
                0.0023619239807914937,
                0.0025817468589734195,
                0.0028273437609603732,
                0.003056512721085869,
                0.0032738775561862235,
                0.003468933464948953,
                0.003758823520396071,
                0.003928867257034449,
                0.004052545722515815,
                0.004266698939917697
            ],
            "ler_x": [
                0.017136861739333178,
                0.02051015445504704,
                0.0251017501017501,
                0.029612893872027837,
                0.0368654699864891,
                0.04280269715625916,
                0.05016414444711346,
                0.05662837488478745,
                0.06423674708252655,
                0.07506245407788391,
                0.08350399682896215,
                0.0964960964960965,
                0.10448311156601843,
                0.12041670457647166,
                0.1290789342381,
                0.1444221487065459,
                0.15368028439885775,
                0.1750872205711332,
                0.18537554824561403,
                0.19555269555269555,
                0.21359895392662104
            ],
            "ler_z": [
                0.017534596025400133,
                0.021927250163511044,
                0.02671957671957672,
                0.031932630968490236,
                0.03898861223701988,
                0.04573438874230431,
                0.053006645848346544,
                0.059977969111795516,
                0.07232194254016432,
                0.0788243938280676,
                0.0900772940476977,
                0.0991970991970992,
                0.1128761514841351,
                0.12487489764352652,
                0.14060473006685958,
                0.15136395683063072,
                0.16358762165627366,
                0.18019123917818838,
                0.19366776315789475,
                0.20377520377520378,
                0.2205984155064995
            ],
            "per": [
                0.16,
                0.165,
                0.17,
                0.175,
                0.18,
                0.185,
                0.19,
                0.195,
                0.2,
                0.20500000000000002,
                0.21000000000000002,
                0.215,
                0.22,
                0.225,
                0.23,
                0.235,
                0.24,
                0.245,
                0.25,
                0.255,
                0.26
            ],
            "ratio": null
        }
    },
    "distance_array": [
        3,
        5,
        7,
        9,
        11,
        13,
        17,
        21
    ],