{
    "bias": 10,
    "data": {
        "11": {
            "ler": [
                0.1831401205061993,
                0.1948747929455325,
                0.2104111433741531,
                0.23325247247620826,
                0.2381122461128176,
                0.2522386177323748,
                0.2654491399447866,
                0.2826056238519147,
                0.297344711724302,
                0.30883261272390367,
                0.3219056816352809
            ],
            "ler_eb": [
                0.0016552259202430827,
                0.001748587537166315,
                0.001869688434569462,
                0.0020424547708452435,
                0.002078390881071507,
                0.002181187971612608,
                0.0022750568756898567,
                0.002393645237308748,
                0.0024924782575954517,
                0.002567525552490954,
                0.002650780058631892
            ],
            "ler_x": [
                0.06779847261139497,
                0.06982363831238429,
                0.07568488827168286,
                0.08406419108042545,
                0.08519656165916613,
                0.0942867953083617,
                0.09909216394138882,
                0.10360322170411192,
                0.10796586482709405,
                0.11605929586164299,
                0.12325768549814904
            ],
            "ler_z": [
                0.11534164789480432,
                0.1250511546331482,
                0.13472625510247022,
                0.1491882813957828,
                0.15291568445365145,
                0.15795182242401312,
                0.16635697600339774,
                0.17900240214780275,
                0.18937884689720794,
                0.19277331686226065,
                0.19864799613713183
            ],
            "per": [
                0.2,
                0.20500000000000002,
                0.21000000000000002,
                0.215,
                0.22,
                0.225,
                0.23,
                0.23500000000000001,
                0.24,
                0.245,
                0.25
            ]
        }
    },
    "distance_array": [
        5,
        7,
        9,
        11,
        13,
        19,
        25
    ],
    "ler_distances": [
        [
            0.19701716019465296,
            0.20335949892219465,
            0.21037573105566543,
            0.23176045239640308,
            0.23686018143489898,
            0.2462387037994632,
            0.25460841226194114,
            0.2584513594541507,
            0.26708688336315806,
            0.2728289635227676,
            0.2764034384587744
        ],
        [
            0.18925056775170326,
            0.1972153196860332,
            0.21000462010164223,
            0.2247090018426138,
            0.23889725029264913,
            0.24406912037489017,
            0.24937033989177326,
            0.26494979201441327,
            0.2735304576164556,
            0.28759598516004714,
            0.2942820988199288
        ],
        [
            0.18713275197425053,
            0.194730590228419,
            0.20962602716753312,
            0.22952625780389277,
            0.23632840194734603,
            0.25369764314889515,
            0.26687304849083293,
            0.2821272393849626,
            0.28873361436738465,
            0.29851637362309325,
            0.3078817733990148
        ],
        [
            0.1831401205061993,
            0.1948747929455325,
            0.2104111433741531,
            0.23325247247620826,
            0.2381122461128176,
            0.2522386177323748,
            0.2654491399447866,
            0.2826056238519147,
            0.297344711724302,
            0.30883261272390367,
            0.3219056816352809
        ]
    ],
    "n_logical_errors": 10000,
    "n_runs": 1000000,
    "per_list": [
        0.2,
        0.20500000000000002,
        0.21000000000000002,
        0.215,
        0.22,
        0.225,
        0.23,
        0.23500000000000001,
        0.24,
        0.245,
        0.25
    ]
}
