{
    "bias": 10,
    "data": {
        "9": {
            "ler": [
                0.10067451927917044,
                0.10920607185759529,
                0.11835720203574387,
                0.13157894736842105,
                0.14013452914798205,
                0.1531159087429184,
                0.1631321370309951,
                0.1789228842368939,
                0.1846040243677312,
                0.2028809089064719,
                0.21021652301870927,
                0.23261223540358222,
                0.249500998003992,
                0.26130128037627387,
                0.27359781121751026,
                0.2824858757062147,
                0.30921459492888065,
                0.31318509238960224,
                0.3206155819172812,
                0.3453038674033149,
                0.34904013961605584
            ],
            "ler_eb": [
                0.003019103584501416,
                0.0032593831036471298,
                0.003514317717095314,
                0.0038774979720690907,
                0.004109229653109214,
                0.004455867863697658,
                0.00471919551890228,
                0.005126935625610195,
                0.0052713936156128125,
                0.0057279970703350966,
                0.005907733153143606,
                0.006443769399324821,
                0.006835138934304738,
                0.007101910761519892,
                0.007373967017819512,
                0.007566794948999207,
                0.008127024351057057,
                0.008207689868069443,
                0.008356846330192137,
                0.008835300605834073,
                0.008905380465768477
            ],
            "ler_x": [
                0.047115675022651765,
                0.05176367806050016,
                0.054917741744585157,
                0.06210526315789474,
                0.06193946188340807,
                0.07119889756545705,
                0.0766721044045677,
                0.0853462157809984,
                0.09100978401329149,
                0.09799147900182593,
                0.10048349800294303,
                0.11165387299371947,
                0.12350299401197605,
                0.12542461458061144,
                0.12995896032831739,
                0.1384180790960452,
                0.15893630179344465,
                0.1522079549013467,
                0.15902532863097146,
                0.17886740331491713,
                0.1668411867364747
            ],
            "ler_z": [
                0.05637773079633545,
                0.05995413344981981,
                0.06699017635223103,
                0.07381578947368421,
                0.08478139013452915,
                0.09095084979329353,
                0.0929853181076672,
                0.10019681517266059,
                0.10393206571903267,
                0.11381618989653074,
                0.1225562329199075,
                0.13677599441730634,
                0.13822355289421157,
                0.1567807682257643,
                0.16716826265389878,
                0.16836158192090395,
                0.1774891774891775,
                0.1813341684935797,
                0.19525488938762423,
                0.20303867403314918,
                0.2157068062827225
            ],
            "per": [
                0.16,
                0.165,
                0.17,
                0.175,
                0.18,
                0.185,
                0.19,
                0.195,
                0.2,
                0.20500000000000002,
                0.21000000000000002,
                0.215,
                0.22,
                0.225,
                0.23,
                0.235,
                0.24,
                0.245,
                0.25,
                0.255,
                0.26
            ]
        }
    },
    "distance_array": [
        5,
        9,
        13,
        17,
        21
    ],
    "ler_distances": [
        [
            0.13601741022850924,
            0.13572204125950055,
            0.1485884101040119,
            0.1644195988161789,
            0.170328734457503,
            0.18188432157148055,
            0.1771479185119575,
            0.189465706707086,
            0.20064205457463885,
            0.22609088853719195,
            0.22925263640531865,
            0.2376425855513308,
            0.24770869457517958,
            0.2450379808870375,
            0.25037556334501754,
            0.2700513097488523,
            0.3022061045633122,
            0.2931691586045148,
            0.30129557095510695,
            0.31756113051762463,
            0.3083564600678384
        ],
        [
            0.10067451927917044,
            0.10920607185759529,
            0.11835720203574387,
            0.13157894736842105,
            0.14013452914798205,
            0.1531159087429184,
            0.1631321370309951,
            0.1789228842368939,
            0.1846040243677312,
            0.2028809089064719,
            0.21021652301870927,
            0.23261223540358222,
            0.249500998003992,
            0.26130128037627387,
            0.27359781121751026,
            0.2824858757062147,
            0.30921459492888065,
            0.31318509238960224,
            0.3206155819172812,
            0.3453038674033149,
            0.34904013961605584
        ]
    ],
    "n_logical_errors": 1000,
    "n_runs": 1000000,
    "per_list": [
        0.16,
        0.165,
        0.17,
        0.175,
        0.18,
        0.185,
        0.19,
        0.195,
        0.2,
        0.20500000000000002,
        0.21000000000000002,
        0.215,
        0.22,
        0.225,
        0.23,
        0.235,
        0.24,
        0.245,
        0.25,
        0.255,
        0.26
    ]
}
