{
    "bias": 10,
    "code": "ColourCode",
    "data": {
        "9": {
            "ler": [
                0.09361367508565652,
                0.10351109638953296,
                0.11134369571994833,
                0.12386662042312838,
                0.13336534101517697,
                0.14388903277792167,
                0.15515422329795817,
                0.1659916340216453,
                0.17632952461560164,
                0.18953752843062927,
                0.20636427421684758,
                0.21490587122840196,
                0.22409465758336322,
                0.2434156078087727,
                0.2614925997594268,
                0.26678049301035106,
                0.28910089621277824,
                0.30725742026669944,
                0.31661600810536983,
                0.3191625175539385,
                0.34202065804774606
            ],
            "ler_eb": [
                0.0012604074606168572,
                0.0013860355378296526,
                0.0014843883706680862,
                0.001639662256235756,
                0.001755803880137506,
                0.0018828153114182154,
                0.002016820829889469,
                0.002143810538691338,
                0.002263167948617431,
                0.0024131074796575032,
                0.0025999207909766973,
                0.0026929242871580445,
                0.0027915851023634993,
                0.002994277924861503,
                0.003177984878701753,
                0.0032306214624415433,
                0.003447215383643512,
                0.003616623658980771,
                0.003701521425169965,
                0.003724333886332304,
                0.003923498269398475
            ],
            "ler_x": [
                0.04386736814513864,
                0.04852600198741305,
                0.05299959916269541,
                0.058985284645493734,
                0.06342855618681817,
                0.07039051483495928,
                0.07574629181406319,
                0.08027355421286766,
                0.08537875581887432,
                0.09184988627748294,
                0.09942630731767717,
                0.10685119917476145,
                0.10814808174973109,
                0.12063677523002775,
                0.135034778515768,
                0.13392380749119626,
                0.14125469788956346,
                0.15418177348982978,
                0.1621707193515704,
                0.16398570151921357,
                0.17634585128941788
            ],
            "ler_z": [
                0.052854280953361664,
                0.05852517389864193,
                0.06317641295149869,
                0.06983600059455977,
                0.07551145608279321,
                0.08049152493596938,
                0.08707255011481413,
                0.09544518956244605,
                0.10068415855550854,
                0.10921152388172858,
                0.12039291757810888,
                0.12159374194102983,
                0.1313642882753675,
                0.14230076432500852,
                0.1497306626222478,
                0.15665350549567816,
                0.17421220005782018,
                0.18343267989921958,
                0.18623353596757852,
                0.19073152049023362,
                0.2037759080648471
            ],
            "per": [
                0.16,
                0.165,
                0.17,
                0.175,
                0.18,
                0.185,
                0.19,
                0.195,
                0.2,
                0.20500000000000002,
                0.21000000000000002,
                0.215,
                0.22,
                0.225,
                0.23,
                0.235,
                0.24,
                0.245,
                0.25,
                0.255,
                0.26
            ],
            "ratio": null
        }
    },
    "distance_array": [
        3,
        5,
        7,
        9,
        11,
        13,
        17,
        21
    ],
    "ler_distances": [
        [
            0.16083376222336593,
            0.16913605304106624,
            0.17953321364452424,
            0.18725890416089286,
            0.19075960474609896,
            0.202322664184842,
            0.20142609676509687,
            0.2154800896397173,
            0.21804544066983558,
            0.2290950744558992,
            0.23655201778871174,
            0.24481002741872307,
            0.2575461007520346,
            0.2654209576388152,
            0.2719756309834639,
            0.27511830086937383,
            0.2845435920783064,
            0.29861442904921165,
            0.29701793988356895,
            0.3053435114503817,
            0.31340102795537167
        ],
        [
            0.12632642748863063,
            0.131516650007891,
            0.1437607820586544,
            0.15445923820703716,
            0.16078721420072675,
            0.17263405034008908,
            0.1769097406503202,
            0.18238856058947983,
            0.1966336322164543,
            0.20381542475134518,
            0.21253985122210414,
            0.2175805047867711,
            0.22871780796852842,
            0.2445226917057903,
            0.2550499897980004,
            0.2616294280780702,
            0.27021184608733245,
            0.2782879723938331,
            0.293513354857646,
            0.2943080816999235,
            0.3046365685736916
        ],
        [
            0.11035335143128297,
            0.12256103539562702,
            0.13354344168157903,
            0.13900086180534318,
            0.14904462396041374,
            0.16219021668612948,
            0.16964103956029042,
            0.1820763992571283,
            0.1911826559094559,
            0.19988007195682592,
            0.2127297481279782,
            0.22491116009176376,
            0.24058124428619546,
            0.25119316754584275,
            0.2615062761506276,
            0.26873051703751477,
            0.28216704288939054,
            0.2957180033120416,
            0.3095783542814686,
            0.318694626808592,
            0.3288608260983952
        ],
        [
            0.09361367508565652,
            0.10351109638953296,
            0.11134369571994833,
            0.12386662042312838,
            0.13336534101517697,
            0.14388903277792167,
            0.15515422329795817,
            0.1659916340216453,
            0.17632952461560164,
            0.18953752843062927,
            0.20636427421684758,
            0.21490587122840196,
            0.22409465758336322,
            0.2434156078087727,
            0.2614925997594268,
            0.26678049301035106,
            0.28910089621277824,
            0.30725742026669944,
            0.31661600810536983,
            0.3191625175539385,
            0.34202065804774606
        ]
    ],
    "n_logical_errors": 5000,
    "n_runs": 1000000,
    "per_list": [
        0.16,
        0.165,
        0.17,
        0.175,
        0.18,
        0.185,
        0.19,
        0.195,
        0.2,
        0.20500000000000002,
        0.21000000000000002,
        0.215,
        0.22,
        0.225,
        0.23,
        0.235,
        0.24,
        0.245,
        0.25,
        0.255,
        0.26
    ]
}
