{
    "bias": 30,
    "data": {
        "29": {
            "ler": [
                0.06684491978609626,
                0.08403361344537816,
                0.11261261261261261,
                0.13869625520110956,
                0.15313935681470137,
                0.26455026455026454,
                0.26246719160104987,
                0.39215686274509803,
                0.45248868778280543,
                0.45454545454545453
            ],
            "ler_eb": [
                0.006457216068984777,
                0.008042532172463994,
                0.010608247900965992,
                0.01287190728750665,
                0.014092654142481582,
                0.022687398436617285,
                0.022540611638893045,
                0.030574233528752087,
                0.033481451284884334,
                0.033570406630727107
            ],
            "per": [
                0.35,
                0.3611111111111111,
                0.37222222222222223,
                0.3833333333333333,
                0.39444444444444443,
                0.40555555555555556,
                0.4166666666666667,
                0.4277777777777778,
                0.4388888888888889,
                0.45
            ]
        }
    },
    "distance_array": [
        21,
        23,
        27,
        29
    ],
    "ler_distances": [
        [
            0.06587615283267458,
            0.11363636363636363,
            0.11682242990654206,
            0.1392757660167131,
            0.18975332068311196,
            0.2247191011235955,
            0.28328611898017,
            0.2770083102493075,
            0.36900369003690037,
            0.3546099290780142
        ],
        [
            0.0645577792123951,
            0.07342143906020558,
            0.1037344398340249,
            0.1148105625717566,
            0.1834862385321101,
            0.2288329519450801,
            0.2915451895043732,
            0.26109660574412535,
            0.36101083032490977,
            0.3787878787878788
        ],
        [
            0.08833922261484099,
            0.1182033096926714,
            0.1342281879194631,
            0.14684287812041116,
            0.2178649237472767,
            0.2331002331002331,
            0.35714285714285715,
            0.31545741324921134,
            0.3968253968253968,
            0.40816326530612246
        ],
        [
            0.06684491978609626,
            0.08403361344537816,
            0.11261261261261261,
            0.13869625520110956,
            0.15313935681470137,
            0.26455026455026454,
            0.26246719160104987,
            0.39215686274509803,
            0.45248868778280543,
            0.45454545454545453
        ]
    ],
    "n_logical_errors": 100,
    "n_runs": 300000,
    "per_list": [
        0.35,
        0.3611111111111111,
        0.37222222222222223,
        0.3833333333333333,
        0.39444444444444443,
        0.40555555555555556,
        0.4166666666666667,
        0.4277777777777778,
        0.4388888888888889,
        0.45
    ]
}
