{
    "bias": 30,
    "data": {
        "27": {
            "ler": [
                0.07614986293024673,
                0.09753242953281967,
                0.12086052695189752,
                0.15401201293700909,
                0.19661816751867872,
                0.23304591004427871,
                0.2859593937660852,
                0.33783783783783783,
                0.37864445285876563,
                0.39824771007566706
            ],
            "ler_eb": [
                0.002314567708114321,
                0.002929981276081198,
                0.0035835492170687255,
                0.00447957379287292,
                0.005572943593731574,
                0.006453958512710084,
                0.007641274877331307,
                0.008693416139622727,
                0.00943847193320752,
                0.009769271134565716
            ],
            "per": [
                0.35,
                0.3611111111111111,
                0.37222222222222223,
                0.3833333333333333,
                0.39444444444444443,
                0.40555555555555556,
                0.4166666666666667,
                0.4277777777777778,
                0.4388888888888889,
                0.45
            ]
        }
    },
    "distance_array": [
        23,
        25,
        27,
        29
    ],
    "ler_distances": [
        [
            0.06850253459377997,
            0.07428868583314761,
            0.0974089226573154,
            0.12534469791927802,
            0.1538698261270965,
            0.19692792437967704,
            0.24061597690086622,
            0.2763957987838585,
            0.3342245989304813,
            0.3700962250185048
        ],
        [
            0.0946073793755913,
            0.11272686281140795,
            0.14384349827387802,
            0.16900456312320433,
            0.20764119601328904,
            0.2581977794990963,
            0.3013863773357444,
            0.3506311360448808,
            0.37467216185837393,
            0.42955326460481097
        ],
        [
            0.07614986293024673,
            0.09753242953281967,
            0.12086052695189752,
            0.15401201293700909,
            0.19661816751867872,
            0.23304591004427871,
            0.2859593937660852,
            0.33783783783783783,
            0.37864445285876563,
            0.39824771007566706
        ]
    ],
    "n_logical_errors": 1000,
    "n_runs": 300000,
    "per_list": [
        0.35,
        0.3611111111111111,
        0.37222222222222223,
        0.3833333333333333,
        0.39444444444444443,
        0.40555555555555556,
        0.4166666666666667,
        0.4277777777777778,
        0.4388888888888889,
        0.45
    ]
}
