{
    "bias": 30,
    "data": {
        "25": {
            "ler": [
                0.0946073793755913,
                0.11272686281140795,
                0.14384349827387802,
                0.16900456312320433,
                0.20764119601328904,
                0.2581977794990963,
                0.3013863773357444,
                0.3506311360448808,
                0.37467216185837393,
                0.42955326460481097
            ],
            "ler_eb": [
                0.0028467117105923593,
                0.0033578097616202627,
                0.004208882640083174,
                0.004871893098562687,
                0.005844864744467325,
                0.0070322866885846385,
                0.007966033772231432,
                0.008935033999201423,
                0.009369260360897406,
                0.01025946167676336
            ],
            "per": [
                0.35,
                0.3611111111111111,
                0.37222222222222223,
                0.3833333333333333,
                0.39444444444444443,
                0.40555555555555556,
                0.4166666666666667,
                0.4277777777777778,
                0.4388888888888889,
                0.45
            ]
        }
    },
    "distance_array": [
        23,
        25,
        27,
        29
    ],
    "ler_distances": [
        [
            0.06850253459377997,
            0.07428868583314761,
            0.0974089226573154,
            0.12534469791927802,
            0.1538698261270965,
            0.19692792437967704,
            0.24061597690086622,
            0.2763957987838585,
            0.3342245989304813,
            0.3700962250185048
        ],
        [
            0.0946073793755913,
            0.11272686281140795,
            0.14384349827387802,
            0.16900456312320433,
            0.20764119601328904,
            0.2581977794990963,
            0.3013863773357444,
            0.3506311360448808,
            0.37467216185837393,
            0.42955326460481097
        ]
    ],
    "n_logical_errors": 1000,
    "n_runs": 300000,
    "per_list": [
        0.35,
        0.3611111111111111,
        0.37222222222222223,
        0.3833333333333333,
        0.39444444444444443,
        0.40555555555555556,
        0.4166666666666667,
        0.4277777777777778,
        0.4388888888888889,
        0.45
    ]
}
