{
    "bias": 30,
    "data": {
        "19": {
            "ler": [
                0.11290504685559445,
                0.13215276860050218,
                0.1597444089456869,
                0.19149751053236308,
                0.2181976871045167,
                0.25,
                0.30349013657056145,
                0.3386386725364037,
                0.3694126339120798,
                0.4177109440267335
            ],
            "ler_eb": [
                0.0033627796418982097,
                0.0038931210465360483,
                0.004630537144027382,
                0.005445074337846154,
                0.006100966189524793,
                0.006846531968814577,
                0.008009551838902965,
                0.008708752559793477,
                0.009276504869831483,
                0.010079643399226358
            ],
            "per": [
                0.35,
                0.3611111111111111,
                0.37222222222222223,
                0.3833333333333333,
                0.39444444444444443,
                0.40555555555555556,
                0.4166666666666667,
                0.4277777777777778,
                0.4388888888888889,
                0.45
            ]
        }
    },
    "distance_array": [
        11,
        13,
        15,
        17,
        19,
        21,
        23,
        27,
        29
    ],
    "ler_distances": [
        [
            0.09206407659731172,
            0.09531979792202841,
            0.10967317394165386,
            0.12913223140495866,
            0.1386193512614361,
            0.1533036946190403,
            0.18646280067126608,
            0.22487069934787496,
            0.2684563758389262,
            0.27314941272876264
        ],
        [
            0.13723068478111705,
            0.1588057805304113,
            0.18765246762994933,
            0.2113718030014796,
            0.24384296513045597,
            0.28360748723766305,
            0.3110419906687403,
            0.3469812630117974,
            0.3699593044765076,
            0.4
        ],
        [
            0.10833062506770665,
            0.1162655505173817,
            0.14465499783017502,
            0.165809981760902,
            0.1721763085399449,
            0.2077274615704196,
            0.253613999492772,
            0.2987750224081267,
            0.3257328990228013,
            0.3604902667627974
        ],
        [
            0.0651593145240112,
            0.0764642911760208,
            0.0947238798901203,
            0.11555350127108852,
            0.13361838588989844,
            0.16412276382734287,
            0.20920502092050208,
            0.2486943546381497,
            0.3057169061449098,
            0.3374957813027337
        ],
        [
            0.11290504685559445,
            0.13215276860050218,
            0.1597444089456869,
            0.19149751053236308,
            0.2181976871045167,
            0.25,
            0.30349013657056145,
            0.3386386725364037,
            0.3694126339120798,
            0.4177109440267335
        ]
    ],
    "n_logical_errors": 1000,
    "n_runs": 300000,
    "per_list": [
        0.35,
        0.3611111111111111,
        0.37222222222222223,
        0.3833333333333333,
        0.39444444444444443,
        0.40555555555555556,
        0.4166666666666667,
        0.4277777777777778,
        0.4388888888888889,
        0.45
    ]
}
