{
    "bias": 30,
    "data": {
        "23": {
            "ler": [
                0.06850253459377997,
                0.07428868583314761,
                0.0974089226573154,
                0.12534469791927802,
                0.1538698261270965,
                0.19692792437967704,
                0.24061597690086622,
                0.2763957987838585,
                0.3342245989304813,
                0.3700962250185048
            ],
            "ler_eb": [
                0.002090727729908619,
                0.002260270733013845,
                0.002926471223960599,
                0.0037070157788047266,
                0.004475814247329584,
                0.005580647173843424,
                0.006630636026049038,
                0.0074350171961574,
                0.008623871630449748,
                0.009288632077931859
            ],
            "per": [
                0.35,
                0.3611111111111111,
                0.37222222222222223,
                0.3833333333333333,
                0.39444444444444443,
                0.40555555555555556,
                0.4166666666666667,
                0.4277777777777778,
                0.4388888888888889,
                0.45
            ]
        }
    },
    "distance_array": [
        23,
        25,
        27,
        29
    ],
    "ler_distances": [
        [
            0.06850253459377997,
            0.07428868583314761,
            0.0974089226573154,
            0.12534469791927802,
            0.1538698261270965,
            0.19692792437967704,
            0.24061597690086622,
            0.2763957987838585,
            0.3342245989304813,
            0.3700962250185048
        ]
    ],
    "n_logical_errors": 1000,
    "n_runs": 300000,
    "per_list": [
        0.35,
        0.3611111111111111,
        0.37222222222222223,
        0.3833333333333333,
        0.39444444444444443,
        0.40555555555555556,
        0.4166666666666667,
        0.4277777777777778,
        0.4388888888888889,
        0.45
    ]
}
