{
    "bias": 30,
    "data": {
        "11": {
            "ler": [
                0.09206407659731172,
                0.09531979792202841,
                0.10967317394165386,
                0.12913223140495866,
                0.1386193512614361,
                0.1533036946190403,
                0.18646280067126608,
                0.22487069934787496,
                0.2684563758389262,
                0.27314941272876264
            ],
            "ler_eb": [
                0.0027740724635975183,
                0.0028670195617223884,
                0.0032724659897735145,
                0.0038107526855112304,
                0.004068379127067015,
                0.0044608380221728755,
                0.005318398938030957,
                0.006260657527673193,
                0.007260956545973231,
                0.007364153694991478
            ],
            "per": [
                0.35,
                0.3611111111111111,
                0.37222222222222223,
                0.3833333333333333,
                0.39444444444444443,
                0.40555555555555556,
                0.4166666666666667,
                0.4277777777777778,
                0.4388888888888889,
                0.45
            ]
        }
    },
    "distance_array": [
        11,
        13,
        15,
        17,
        19,
        21,
        23,
        27,
        29
    ],
    "ler_distances": [
        [
            0.09206407659731172,
            0.09531979792202841,
            0.10967317394165386,
            0.12913223140495866,
            0.1386193512614361,
            0.1533036946190403,
            0.18646280067126608,
            0.22487069934787496,
            0.2684563758389262,
            0.27314941272876264
        ]
    ],
    "n_logical_errors": 1000,
    "n_runs": 300000,
    "per_list": [
        0.35,
        0.3611111111111111,
        0.37222222222222223,
        0.3833333333333333,
        0.39444444444444443,
        0.40555555555555556,
        0.4166666666666667,
        0.4277777777777778,
        0.4388888888888889,
        0.45
    ]
}
