{
    "bias": 30,
    "data": {
        "19": {
            "ler": [
                0.03479834359884469,
                0.038884784383870594,
                0.04517936206740761,
                0.052954882440160986,
                0.056293627561360055,
                0.06369426751592357,
                0.07237984944991314,
                0.08359806052499583,
                0.09041591320072333,
                0.10773540185304892,
                0.11814744801512288,
                0.14530659691950015,
                0.16820857863751051,
                0.21226915729144555,
                0.2247191011235955,
                0.26136957658128596,
                0.2991325157044571,
                0.339097999321804,
                0.36310820624546114,
                0.40096230954290296
            ],
            "ler_eb": [
                0.0010811043163548035,
                0.001205500573966384,
                0.0013960500648031147,
                0.0016296387502635042,
                0.0017293292185479856,
                0.0019489881059258295,
                0.002204462738911602,
                0.0025306914729648785,
                0.0027268817157283286,
                0.0032181424712673964,
                0.003508506886769373,
                0.004248058684632439,
                0.0048512690320407755,
                0.00595766145617298,
                0.006257048640412995,
                0.0071034385888397,
                0.007919204889897611,
                0.008717536225092104,
                0.009163658385415658,
                0.009813651356893665
            ],
            "per": [
                0.25,
                0.26052631578947366,
                0.2710526315789474,
                0.28157894736842104,
                0.29210526315789476,
                0.3026315789473684,
                0.3131578947368421,
                0.3236842105263158,
                0.33421052631578946,
                0.3447368421052632,
                0.35526315789473684,
                0.36578947368421055,
                0.3763157894736842,
                0.3868421052631579,
                0.3973684210526316,
                0.40789473684210525,
                0.4184210526315789,
                0.42894736842105263,
                0.43947368421052635,
                0.45
            ]
        }
    },
    "distance_array": [
        19,
        21,
        23,
        27,
        29
    ],
    "ler_distances": [
        [
            0.03479834359884469,
            0.038884784383870594,
            0.04517936206740761,
            0.052954882440160986,
            0.056293627561360055,
            0.06369426751592357,
            0.07237984944991314,
            0.08359806052499583,
            0.09041591320072333,
            0.10773540185304892,
            0.11814744801512288,
            0.14530659691950015,
            0.16820857863751051,
            0.21226915729144555,
            0.2247191011235955,
            0.26136957658128596,
            0.2991325157044571,
            0.339097999321804,
            0.36310820624546114,
            0.40096230954290296
        ]
    ],
    "n_logical_errors": 1000,
    "n_runs": 300000,
    "per_list": [
        0.25,
        0.26052631578947366,
        0.2710526315789474,
        0.28157894736842104,
        0.29210526315789476,
        0.3026315789473684,
        0.3131578947368421,
        0.3236842105263158,
        0.33421052631578946,
        0.3447368421052632,
        0.35526315789473684,
        0.36578947368421055,
        0.3763157894736842,
        0.3868421052631579,
        0.3973684210526316,
        0.40789473684210525,
        0.4184210526315789,
        0.42894736842105263,
        0.43947368421052635,
        0.45
    ]
}
