{
    "bias": 300,
    "data": {
        "9": {
            "ler": [
                0.2534661495957215,
                0.27721564605106314,
                0.29816035063657237,
                0.31984647369262753,
                0.3425596053713346,
                0.3659384491528525,
                0.37969396666286975,
                0.40597596622279963,
                0.4280821917808219,
                0.4482696790389098,
                0.46952765517889006,
                0.4974381933044819,
                0.511587455875582,
                0.5272871078302136,
                0.5471357443781802,
                0.5602554764972828
            ],
            "ler_eb": [
                0.0021900030514574098,
                0.0023567966361938983,
                0.002497864295092715,
                0.0026378193151036368,
                0.002777565709549948,
                0.002913894022175292,
                0.0029904510566500053,
                0.003128976723181259,
                0.0032373821768171772,
                0.0033296822430340187,
                0.003419735770663321,
                0.0035264186324387246,
                0.003575306610130093,
                0.003625316072086541,
                0.003681960370738194,
                0.003715235349062491
            ],
            "ler_x": [
                0.051022735913618736,
                0.058381615058353896,
                0.0663108619815737,
                0.0729889652966576,
                0.07882296519594409,
                0.08738610165770118,
                0.09405019554239283,
                0.10689347190646313,
                0.10963184931506849,
                0.12479827864443249,
                0.12921401070523053,
                0.14246629856240361,
                0.15061134700977133,
                0.16266807276562087,
                0.1705422115226788,
                0.18578071600649895
            ],
            "ler_z": [
                0.20244341368210275,
                0.21883403099270923,
                0.23184948865499866,
                0.24685750839596993,
                0.2637366401753905,
                0.27855234749515134,
                0.2856437711204769,
                0.2990824943163365,
                0.31845034246575343,
                0.3234714003944773,
                0.34031364447365947,
                0.3549718947420783,
                0.3609761088658106,
                0.36461903506459264,
                0.37659353285550146,
                0.3744747604907838
            ],
            "per": [
                0.32,
                0.33,
                0.34,
                0.35,
                0.36,
                0.37,
                0.38,
                0.39,
                0.4,
                0.41,
                0.42,
                0.43,
                0.44,
                0.44999999999999996,
                0.45999999999999996,
                0.47
            ]
        }
    },
    "distance_array": [
        5,
        7,
        9,
        11,
        13,
        15,
        17,
        19,
        21,
        23,
        25,
        27,
        29
    ],
    "ler_distances": [
        [
            0.27978288847854066,
            0.29642804209278195,
            0.31219755861509163,
            0.33384522935167255,
            0.34539928156949434,
            0.3588345055260514,
            0.37929072634174094,
            0.3968568934042384,
            0.4024954719259408,
            0.42720437457279564,
            0.4424191479007211,
            0.45657930782576933,
            0.4712757434374853,
            0.48555474629764506,
            0.500801282051282,
            0.5114827886041635
        ],
        [
            0.2506956805134248,
            0.2680390264822558,
            0.28549404744911067,
            0.3020965500573983,
            0.31857279388340237,
            0.33889114816321,
            0.3588345055260514,
            0.380517503805175,
            0.3965107057890563,
            0.4120482920598294,
            0.43704383549670034,
            0.4583791712504584,
            0.4720989519403267,
            0.4927079227433977,
            0.5032965926820675,
            0.5246589716684156
        ],
        [
            0.2534661495957215,
            0.27721564605106314,
            0.29816035063657237,
            0.31984647369262753,
            0.3425596053713346,
            0.3659384491528525,
            0.37969396666286975,
            0.40597596622279963,
            0.4280821917808219,
            0.4482696790389098,
            0.46952765517889006,
            0.4974381933044819,
            0.511587455875582,
            0.5272871078302136,
            0.5471357443781802,
            0.5602554764972828
        ]
    ],
    "n_logical_errors": 10000,
    "n_runs": 1000000,
    "per_list": [
        0.32,
        0.33,
        0.34,
        0.35,
        0.36,
        0.37,
        0.38,
        0.39,
        0.4,
        0.41,
        0.42,
        0.43,
        0.44,
        0.44999999999999996,
        0.45999999999999996,
        0.47
    ]
}
