{
    "bias": 300,
    "code": "ColourCode",
    "data": {
        "17": {
            "ler": [
                0.12325289028027707,
                0.13481086036291084,
                0.14708910658076663,
                0.15798786653185035,
                0.16998708098184537,
                0.18051193183869454,
                0.19591708788840562,
                0.20521239482864764,
                0.22087732473384283,
                0.2373492832051647,
                0.25166096235152,
                0.26325488337808667,
                0.27998656064508903,
                0.29845400823733065,
                0.31565656565656564,
                0.32853669754911624,
                0.34843205574912894,
                0.3563537880407669,
                0.37091988130563797,
                0.38645849435770596,
                0.4085301086690089
            ],
            "ler_eb": [
                0.0016321094581111053,
                0.001773353873304615,
                0.0019210883509186596,
                0.00205020792122172,
                0.0021901473783508315,
                0.0023109589397988114,
                0.0024844927345485366,
                0.0025872841575711844,
                0.002757204974383127,
                0.0029313370938608943,
                0.0030787898873283676,
                0.0031955827406877297,
                0.0033598700845844007,
                0.0035352529024790407,
                0.003692894301441682,
                0.003807237997261621,
                0.003977525347972981,
                0.0040431512335319195,
                0.004160524559609812,
                0.0042809467844743265,
                0.004443297459074825
            ],
            "ler_x": [
                0.03041881332117238,
                0.03580576451238912,
                0.039243373635748535,
                0.04335187057633974,
                0.045420548038349086,
                0.052095743528647244,
                0.05603228713608401,
                0.05910116971065053,
                0.06370102045324028,
                0.07134719453147252,
                0.07766257298167908,
                0.0826093824040436,
                0.09222757307649233,
                0.09419208499970154,
                0.10315656565656565,
                0.11209672120375846,
                0.1197212543554007,
                0.12187299550994227,
                0.13071216617210682,
                0.13734734889472872,
                0.1456818367513686
            ],
            "ler_z": [
                0.09601400152833584,
                0.10321119469384453,
                0.1118171388226988,
                0.12041835187057634,
                0.1311620316855919,
                0.13527564171991768,
                0.14877943654245523,
                0.15592037759080649,
                0.16804346865750763,
                0.17848666097028387,
                0.1909100060398631,
                0.19833622913705048,
                0.2062381005711726,
                0.22491494060765235,
                0.23478535353535354,
                0.24370852224193443,
                0.2602090592334495,
                0.2659824673936284,
                0.2783382789317507,
                0.29131241304683875,
                0.3049268731105482
            ],
            "per": [
                0.28,
                0.28500000000000003,
                0.29000000000000004,
                0.29500000000000004,
                0.30000000000000004,
                0.30500000000000005,
                0.31,
                0.315,
                0.32,
                0.325,
                0.33,
                0.335,
                0.34,
                0.34500000000000003,
                0.35000000000000003,
                0.355,
                0.36,
                0.365,
                0.37,
                0.375,
                0.38
            ],
            "ratio": null
        }
    },
    "distance_array": [
        3,
        5,
        7,
        9,
        11,
        13,
        17,
        21
    ],