{
    "bias": 300,
    "data": {
        "11": {
            "ler": [
                0.2799316966660135,
                0.29994900866852636,
                0.32653061224489793,
                0.35103731526661286,
                0.3690854063630324,
                0.3920031360250882,
                0.40683482506102525,
                0.42233296731142833,
                0.4416180886769122,
                0.45791739170253687,
                0.47085412939071475,
                0.48847205939820243,
                0.4917146088410287,
                0.5073566717402334,
                0.5188605821615732,
                0.527648796960743
            ],
            "ler_eb": [
                0.002375411876367867,
                0.0025096448577589196,
                0.002679679368647477,
                0.002827894135373982,
                0.002931650270196293,
                0.003056611276552201,
                0.0031333286097230467,
                0.003209916796915176,
                0.0032999892434389146,
                0.0033714744695546744,
                0.003425106572747038,
                0.003493609882767111,
                0.003505636848420418,
                0.003561063176607269,
                0.0035990356436823114,
                0.0036264146889938586
            ],
            "ler_x": [
                0.012820871707303418,
                0.015507363748162813,
                0.01766530612244898,
                0.021097342647523432,
                0.0227725695725991,
                0.026029008232065855,
                0.02693246541903987,
                0.028718641777177128,
                0.035550256138491436,
                0.040296730469823246,
                0.04021094264996704,
                0.04616060961313013,
                0.049614004032059796,
                0.056519533231862,
                0.060862346287552535,
                0.0677501055297594
            ],
            "ler_z": [
                0.2671108249587101,
                0.28444164492036356,
                0.308865306122449,
                0.3299399726190894,
                0.3463128367904333,
                0.36597412779302235,
                0.3799023596419854,
                0.3936143255342512,
                0.40606783253842077,
                0.41762066123271363,
                0.4306431867407477,
                0.4423114497850723,
                0.4421006048089689,
                0.45083713850837137,
                0.45799823587402066,
                0.45989869143098355
            ],
            "per": [
                0.32,
                0.33,
                0.34,
                0.35,
                0.36,
                0.37,
                0.38,
                0.39,
                0.4,
                0.41,
                0.42,
                0.43,
                0.44,
                0.44999999999999996,
                0.45999999999999996,
                0.47
            ]
        }
    },
    "distance_array": [
        5,
        7,
        9,
        11,
        13,
        15,
        17,
        19,
        21,
        23,
        25,
        27,
        29
    ],
    "ler_distances": [
        [
            0.27978288847854066,
            0.29642804209278195,
            0.31219755861509163,
            0.33384522935167255,
            0.34539928156949434,
            0.3588345055260514,
            0.37929072634174094,
            0.3968568934042384,
            0.4024954719259408,
            0.42720437457279564,
            0.4424191479007211,
            0.45657930782576933,
            0.4712757434374853,
            0.48555474629764506,
            0.500801282051282,
            0.5114827886041635
        ],
        [
            0.2506956805134248,
            0.2680390264822558,
            0.28549404744911067,
            0.3020965500573983,
            0.31857279388340237,
            0.33889114816321,
            0.3588345055260514,
            0.380517503805175,
            0.3965107057890563,
            0.4120482920598294,
            0.43704383549670034,
            0.4583791712504584,
            0.4720989519403267,
            0.4927079227433977,
            0.5032965926820675,
            0.5246589716684156
        ],
        [
            0.2534661495957215,
            0.27721564605106314,
            0.29816035063657237,
            0.31984647369262753,
            0.3425596053713346,
            0.3659384491528525,
            0.37969396666286975,
            0.40597596622279963,
            0.4280821917808219,
            0.4482696790389098,
            0.46952765517889006,
            0.4974381933044819,
            0.511587455875582,
            0.5272871078302136,
            0.5471357443781802,
            0.5602554764972828
        ],
        [
            0.2799316966660135,
            0.29994900866852636,
            0.32653061224489793,
            0.35103731526661286,
            0.3690854063630324,
            0.3920031360250882,
            0.40683482506102525,
            0.42233296731142833,
            0.4416180886769122,
            0.45791739170253687,
            0.47085412939071475,
            0.48847205939820243,
            0.4917146088410287,
            0.5073566717402334,
            0.5188605821615732,
            0.527648796960743
        ]
    ],
    "n_logical_errors": 10000,
    "n_runs": 1000000,
    "per_list": [
        0.32,
        0.33,
        0.34,
        0.35,
        0.36,
        0.37,
        0.38,
        0.39,
        0.4,
        0.41,
        0.42,
        0.43,
        0.44,
        0.44999999999999996,
        0.45999999999999996,
        0.47
    ]
}
