{
    "bias": 300,
    "data": {
        "25": {
            "ler": [
                0.32347803584136636,
                0.3518029903254178,
                0.3856834310398025,
                0.4061903407936959,
                0.42226163330799765,
                0.45116174148432214,
                0.4728355950635964,
                0.48503662026483,
                0.5008263634997746,
                0.5093465084296848,
                0.5246039240373518,
                0.5378078950198989,
                0.5379236148466918,
                0.5548158011540169,
                0.5539552404165743,
                0.5657388549445576
            ],
            "ler_eb": [
                0.0026606377454374964,
                0.0028323899075406523,
                0.003022923080177865,
                0.0031300640212992364,
                0.0032095727779215036,
                0.0033423694505706715,
                0.003433074293770991,
                0.0034806688156341042,
                0.003538449503275728,
                0.003567802292904087,
                0.003617090134475118,
                0.0036562714791277097,
                0.0036566003564229956,
                0.0037018489336125325,
                0.003699677733969674,
                0.0037281338276658987
            ],
            "ler_x": [
                0.009510254253736172,
                0.011328056288478452,
                0.01373033014501697,
                0.016531946870303425,
                0.023519972975255467,
                0.02959621024137153,
                0.03522625183223793,
                0.042731726245331524,
                0.05273701607652627,
                0.058218305913512965,
                0.07402161368167035,
                0.08153167688501667,
                0.09074771382463691,
                0.10785619174434088,
                0.12009749612231331,
                0.13193030097307082
            ],
            "ler_z": [
                0.3139677815876302,
                0.3404749340369393,
                0.37195310089478556,
                0.3896583939233925,
                0.39874166033274216,
                0.4215655312429506,
                0.43760934323135847,
                0.44230489401949846,
                0.44808934742324835,
                0.45112820251617175,
                0.45058231035568147,
                0.4562762181348822,
                0.44717590102205484,
                0.446959609409676,
                0.43385774429426105,
                0.43380855397148677
            ],
            "per": [
                0.32,
                0.33,
                0.34,
                0.35,
                0.36,
                0.37,
                0.38,
                0.39,
                0.4,
                0.41,
                0.42,
                0.43,
                0.44,
                0.44999999999999996,
                0.45999999999999996,
                0.47
            ]
        }
    },
    "distance_array": [
        5,
        7,
        9,
        11,
        13,
        15,
        17,
        19,
        21,
        23,
        25,
        27,
        29
    ],
    "ler_distances": [
        [
            0.27978288847854066,
            0.29642804209278195,
            0.31219755861509163,
            0.33384522935167255,
            0.34539928156949434,
            0.3588345055260514,
            0.37929072634174094,
            0.3968568934042384,
            0.4024954719259408,
            0.42720437457279564,
            0.4424191479007211,
            0.45657930782576933,
            0.4712757434374853,
            0.48555474629764506,
            0.500801282051282,
            0.5114827886041635
        ],
        [
            0.2506956805134248,
            0.2680390264822558,
            0.28549404744911067,
            0.3020965500573983,
            0.31857279388340237,
            0.33889114816321,
            0.3588345055260514,
            0.380517503805175,
            0.3965107057890563,
            0.4120482920598294,
            0.43704383549670034,
            0.4583791712504584,
            0.4720989519403267,
            0.4927079227433977,
            0.5032965926820675,
            0.5246589716684156
        ],
        [
            0.2534661495957215,
            0.27721564605106314,
            0.29816035063657237,
            0.31984647369262753,
            0.3425596053713346,
            0.3659384491528525,
            0.37969396666286975,
            0.40597596622279963,
            0.4280821917808219,
            0.4482696790389098,
            0.46952765517889006,
            0.4974381933044819,
            0.511587455875582,
            0.5272871078302136,
            0.5471357443781802,
            0.5602554764972828
        ],
        [
            0.2799316966660135,
            0.29994900866852636,
            0.32653061224489793,
            0.35103731526661286,
            0.3690854063630324,
            0.3920031360250882,
            0.40683482506102525,
            0.42233296731142833,
            0.4416180886769122,
            0.45791739170253687,
            0.47085412939071475,
            0.48847205939820243,
            0.4917146088410287,
            0.5073566717402334,
            0.5188605821615732,
            0.527648796960743
        ],
        [
            0.242107301956227,
            0.2641100810817949,
            0.29460287532406315,
            0.31818760341097113,
            0.3430884825196418,
            0.3742374911118596,
            0.39248008163585696,
            0.41891835281303674,
            0.4463687898942106,
            0.4672897196261682,
            0.48513074273516715,
            0.5140859551717047,
            0.5346449957228401,
            0.5508124483613329,
            0.5668612890425713,
            0.5891363261458702
        ],
        [
            0.3024071610015725,
            0.32685079261317207,
            0.3522242964319679,
            0.3741674773628676,
            0.39567918331816565,
            0.42744176106005555,
            0.4324698352289928,
            0.46485682409817775,
            0.4729697772312349,
            0.4875908137890682,
            0.5086987486010784,
            0.5242738806752647,
            0.5254584625085387,
            0.5351313747525017,
            0.5461198186882202,
            0.5632216277105041
        ],
        [
            0.3299785513941594,
            0.3588473822083468,
            0.3816793893129771,
            0.40121970791205264,
            0.41741453437408693,
            0.4366812227074236,
            0.45731010198015276,
            0.47644004002096335,
            0.4742258263385024,
            0.49072529198154874,
            0.5016554630279924,
            0.5084918132818061,
            0.5173305742369374,
            0.5202913631633714,
            0.5232588561561404,
            0.531236719082023
        ],
        [
            0.28656579550664835,
            0.3161555485298767,
            0.3529328721677137,
            0.3734548306382343,
            0.4024306813151435,
            0.4258037044922291,
            0.44865180133698235,
            0.4593477262287552,
            0.4838163433160772,
            0.5035753852351698,
            0.510986203372509,
            0.5279831045406547,
            0.5468664552116373,
            0.561955605507165,
            0.5751754285056943,
            0.572442612628084
        ],
        [
            0.33928207912058084,
            0.3645244778186855,
            0.38756685528253626,
            0.4108463434675431,
            0.42960862654122095,
            0.45448347952551926,
            0.46496489515041617,
            0.48730568685736564,
            0.4876145894285157,
            0.5082592121982211,
            0.510282186048885,
            0.5157297576070139,
            0.5269536807714602,
            0.5385319618719371,
            0.5400442836312578,
