{
    "bias": 300,
    "data": {
        "21": {
            "ler": [
                0.10585371017254155,
                0.11918951132300358,
                0.13381506757660913,
                0.1399972000559989,
                0.15206812652068127,
                0.16744809109176156,
                0.1899696048632219,
                0.20056157240272765,
                0.2161227577263886,
                0.2331002331002331,
                0.24777006937561943,
                0.2680246582685607,
                0.27948574622694244,
                0.30012004801920766,
                0.3123048094940662,
                0.3206155819172812,
                0.3443526170798898,
                0.378931413414172,
                0.3779289493575208,
                0.4042037186742118,
                0.4073319755600815
            ],
            "ler_eb": [
                0.003165267175531976,
                0.003537360141628739,
                0.003938313916924334,
                0.004105530496407741,
                0.0044281128035986925,
                0.004831543137480129,
                0.005406731178690794,
                0.005670746532961041,
                0.006050963434607131,
                0.006455234308947657,
                0.006795542724172992,
                0.00725141860498097,
                0.00750206723667682,
                0.007939749195394093,
                0.008189863546846898,
                0.008356846330192137,
                0.008817359618614911,
                0.009443443612428963,
                0.009426059040669458,
                0.009866183732357859,
                0.009916404915832476
            ],
            "ler_x": [
                0.02921562400762147,
                0.03289630512514899,
                0.03867255452964004,
                0.041999160016799666,
                0.0430352798053528,
                0.05006697923643671,
                0.05965045592705167,
                0.06117127958283193,
                0.0663496866220013,
                0.07156177156177156,
                0.08969276511397423,
                0.09220048244438489,
                0.09921743991056456,
                0.1059423769507803,
                0.09837601499063085,
                0.12247515229240141,
                0.1322314049586777,
                0.1530882910193255,
                0.14474678760393045,
                0.15804365400161682,
                0.16130346232179227
            ],
            "ler_z": [
                0.0782258918175082,
                0.08891537544696067,
                0.09929078014184398,
                0.10247795044099119,
                0.11313868613138686,
                0.12391158740790355,
                0.13867781155015196,
                0.1486161251504212,
                0.1605792089907067,
                0.17575757575757575,
                0.17566897918731417,
                0.19217367997855803,
                0.20067076579094467,
                0.2154861944777911,
                0.23703935040599625,
                0.23244629689002885,
                0.24793388429752067,
                0.26525198938992045,
                0.2717309145880574,
                0.29345189975747776,
                0.29775967413441956
            ],
            "per": [
                0.28,
                0.28500000000000003,
                0.29000000000000004,
                0.29500000000000004,
                0.30000000000000004,
                0.30500000000000005,
                0.31,
                0.315,
                0.32,
                0.325,
                0.33,
                0.335,
                0.34,
                0.34500000000000003,
                0.35000000000000003,
                0.355,
                0.36,
                0.365,
                0.37,
                0.375,
                0.38
            ]
        }
    },
    "distance_array": [
        5,
        9,
        13,
        17,
        21
    ],
    "ler_distances": [
        [
            0.21772262138036141,
            0.23485204321277595,
            0.23110700254217703,
            0.24449877750611246,
            0.2463661000246366,
            0.24600246002460024,
            0.25926886180969666,
            0.2789400278940028,
            0.27114967462039047,
            0.2884338044418806,
            0.30321406913280774,
            0.3146633102580239,
            0.32456994482310936,
            0.31887755102040816,
            0.3290556103981573,
            0.33025099075297226,
            0.3641660597232338,
            0.36231884057971014,
            0.35423308537017356,
            0.37821482602118,
            0.38774718883288095
        ],
        [
            0.17352073572791948,
            0.188040616773223,
            0.20044097013429546,
            0.19312475859405176,
            0.20903010033444816,
            0.21547080370609784,
            0.2249212775528565,
            0.23629489603024575,
            0.25412960609911056,
            0.25201612903225806,
            0.27233115468409586,
            0.29542097488921715,
            0.2931691586045148,
            0.315357931251971,
            0.31565656565656564,
            0.32970656116056707,
            0.35549235691432635,
            0.36536353671903543,
            0.3667033370003667,
            0.376081233546446,
            0.38299502106472616
        ],
        [
            0.14467592592592593,
            0.16123831022250887,
            0.1589572405023049,
            0.18096272167933405,
            0.1840264998159735,
            0.19798059790140565,
            0.21920210434020165,
            0.2296211251435132,
            0.2439619419370578,
            0.26322716504343247,
            0.26824034334763946,
            0.2796420581655481,
            0.2992220227408737,
            0.2988643156007173,
            0.31338138514572234,
            0.3254149040026033,
            0.3586800573888092,
            0.3471017007983339,
            0.37147102526002973,
            0.3795066413662239,
            0.3949447077409163
        ],
        [
            0.12233912405187179,
            0.13831258644536654,
            0.1457938474996355,
            0.1552072016141549,
            0.16592002654720425,
            0.18982536066818528,
            0.19353590090961872,
            0.21285653469561516,
            0.23391812865497075,
            0.23353573096683794,
            0.2587991718426501,
            0.2651113467656416,
            0.2830455703368242,
            0.30156815440289503,
            0.3158559696778269,
            0.3457814661134163,
            0.33444816053511706,
            0.35880875493362036,
            0.3834355828220859,
            0.3968253968253968,
            0.4046944556859571
        ],
        [
            0.10585371017254155,
            0.11918951132300358,
            0.13381506757660913,
            0.1399972000559989,
            0.15206812652068127,
            0.16744809109176156,
            0.1899696048632219,
            0.20056157240272765,
            0.2161227577263886,
            0.2331002331002331,
            0.24777006937561943,
            0.2680246582685607,
            0.27948574622694244,
            0.30012004801920766,
            0.3123048094940662,
            0.3206155819172812,
            0.3443526170798898,
            0.378931413414172,
            0.3779289493575208,
            0.4042037186742118,
            0.4073319755600815
        ]
    ],
    "n_logical_errors": 1000,
    "n_runs": 1000000,