{
    "bias": 300,
    "data": {
        "17": {
            "ler": [
                0.3299785513941594,
                0.3588473822083468,
                0.3816793893129771,
                0.40121970791205264,
                0.41741453437408693,
                0.4366812227074236,
                0.45731010198015276,
                0.47644004002096335,
                0.4742258263385024,
                0.49072529198154874,
                0.5016554630279924,
                0.5084918132818061,
                0.5173305742369374,
                0.5202913631633714,
                0.5232588561561404,
                0.531236719082023
            ],
            "ler_eb": [
                0.0027010340831667345,
                0.0028733629815334383,
                0.0030012734770799017,
                0.003104674011548308,
                0.003186011873202971,
                0.0032774919346589223,
                0.003368888704574835,
                0.0034473983177971514,
                0.0034386250822259724,
                0.0035019867318893992,
                0.003541362604156589,
                0.0035649163457479286,
                0.003594123870156806,
                0.0036035901033170904,
                0.003612916334468252,
                0.003637180704546888
            ],
            "ler_x": [
                0.004982676126051806,
                0.006961639214841928,
                0.008396946564885497,
                0.010431712405713368,
                0.012480694577785199,
                0.014541484716157205,
                0.016966204783463668,
                0.018676449568821765,
                0.022288613837909612,
                0.02777505152615566,
                0.029748168957559946,
                0.0343740465778501,
                0.04174857734092085,
                0.045525494276795,
                0.051279367903301766,
                0.059286017849553764
            ],
            "ler_z": [
                0.3249958752681076,
                0.35188574299350484,
                0.3732824427480916,
                0.39078799550633925,
                0.4049338397963017,
                0.42213973799126636,
                0.4403438971966891,
                0.4577635904521416,
                0.45193721250059277,
                0.46295024045539307,
                0.4719072940704324,
                0.47411776670395606,
                0.47558199689601655,
                0.47476586888657646,
                0.4719794882528387,
                0.4719507012324692
            ],
            "per": [
                0.32,
                0.33,
                0.34,
                0.35,
                0.36,
                0.37,
                0.38,
                0.39,
                0.4,
                0.41,
                0.42,
                0.43,
                0.44,
                0.44999999999999996,
                0.45999999999999996,
                0.47
            ]
        }
    },
    "distance_array": [
        5,
        7,
        9,
        11,
        13,
        15,
        17,
        19,
        21,
        23,
        25,
        27,
        29
    ],
    "ler_distances": [
        [
            0.27978288847854066,
            0.29642804209278195,
            0.31219755861509163,
            0.33384522935167255,
            0.34539928156949434,
            0.3588345055260514,
            0.37929072634174094,
            0.3968568934042384,
            0.4024954719259408,
            0.42720437457279564,
            0.4424191479007211,
            0.45657930782576933,
            0.4712757434374853,
            0.48555474629764506,
            0.500801282051282,
            0.5114827886041635
        ],
        [
            0.2506956805134248,
            0.2680390264822558,
            0.28549404744911067,
            0.3020965500573983,
            0.31857279388340237,
            0.33889114816321,
            0.3588345055260514,
            0.380517503805175,
            0.3965107057890563,
            0.4120482920598294,
            0.43704383549670034,
            0.4583791712504584,
            0.4720989519403267,
            0.4927079227433977,
            0.5032965926820675,
            0.5246589716684156
        ],
        [
            0.2534661495957215,
            0.27721564605106314,
            0.29816035063657237,
            0.31984647369262753,
            0.3425596053713346,
            0.3659384491528525,
            0.37969396666286975,
            0.40597596622279963,
            0.4280821917808219,
            0.4482696790389098,
            0.46952765517889006,
            0.4974381933044819,
            0.511587455875582,
            0.5272871078302136,
            0.5471357443781802,
            0.5602554764972828
        ],
        [
            0.2799316966660135,
            0.29994900866852636,
            0.32653061224489793,
            0.35103731526661286,
            0.3690854063630324,
            0.3920031360250882,
            0.40683482506102525,
            0.42233296731142833,
            0.4416180886769122,
            0.45791739170253687,
            0.47085412939071475,
            0.48847205939820243,
            0.4917146088410287,
            0.5073566717402334,
            0.5188605821615732,
            0.527648796960743
        ],
        [
            0.242107301956227,
            0.2641100810817949,
            0.29460287532406315,
            0.31818760341097113,
            0.3430884825196418,
            0.3742374911118596,
            0.39248008163585696,
            0.41891835281303674,
            0.4463687898942106,
            0.4672897196261682,
            0.48513074273516715,
            0.5140859551717047,
            0.5346449957228401,
            0.5508124483613329,
            0.5668612890425713,
            0.5891363261458702
        ],
        [
            0.3024071610015725,
            0.32685079261317207,
            0.3522242964319679,
            0.3741674773628676,
            0.39567918331816565,
            0.42744176106005555,
            0.4324698352289928,
            0.46485682409817775,
            0.4729697772312349,
            0.4875908137890682,
            0.5086987486010784,
            0.5242738806752647,
            0.5254584625085387,
            0.5351313747525017,
            0.5461198186882202,
            0.5632216277105041
        ],
        [
            0.3299785513941594,
            0.3588473822083468,
            0.3816793893129771,
            0.40121970791205264,
            0.41741453437408693,
            0.4366812227074236,
            0.45731010198015276,
            0.47644004002096335,
            0.4742258263385024,
            0.49072529198154874,
            0.5016554630279924,
            0.5084918132818061,
            0.5173305742369374,
            0.5202913631633714,
            0.5232588561561404,
            0.531236719082023
        ]
    ],
    "n_logical_errors": 10000,
    "n_runs": 1000000,
    "per_list": [
        0.32,
        0.33,
        0.34,
        0.35,
        0.36,
        0.37,
        0.38,
        0.39,
        0.4,
        0.41,
        0.42,
        0.43,
        0.44,
        0.44999999999999996,
        0.45999999999999996,
        0.47
    ]
}
