{
    "bias": 300,
    "data": {
        "17": {
            "ler": [
                0.49486331875136086,
                0.5046427129592249,
                0.5087039241420709,
                0.5141916906622789,
                0.5264487870619946,
                0.5392637970642479,
                0.5559879906594017,
                0.5727901755029098,
                0.6321512105695682,
                0.6649289855843395,
                0.7458122641368715
            ],
            "ler_eb": [
                0.0015729130457503918,
                0.0015883941625133358,
                0.0015945999027550787,
                0.0016027748585449339,
                0.001620147682505857,
                0.0016369764538309583,
                0.0016568293036728933,
                0.001674291891412988,
                0.0017146308656859355,
                0.0017213084201246102,
                0.0016815965776644385
            ],
            "ler_x": [
                0.007284388052020032,
                0.013140896245458215,
                0.020480419985959772,
                0.03097490744549568,
                0.050844423854447436,
                0.0825289315027125,
                0.11493383742911154,
                0.14315172066168722,
                0.26097730577154055,
                0.3237007287621682,
                0.48990916006622814
            ],
            "ler_z": [
                0.48757893069934083,
                0.49150181671376664,
                0.48822350415611104,
                0.48321678321678324,
                0.4756043632075472,
                0.4567348655615354,
                0.44105415323029024,
                0.42963845484122254,
                0.3711739047980277,
                0.3412282568221714,
                0.2559031040706433
            ],
            "per": [
                0.4,
                0.41000000000000003,
                0.42000000000000004,
                0.43,
                0.44,
                0.45,
                0.46,
                0.47000000000000003,
                0.48,
                0.49,
                0.5
            ]
        }
    },
    "distance_array": [
        11,
        17,
        23
    ],
    "ler_distances": [
        [
            0.46272731479339224,
            0.48374613003095973,
            0.48838617671765416,
            0.5012631832217187,
            0.5103446868014657,
            0.5246039240373518,
            0.5462451111062556,
            0.5526205265368377,
            0.6076515482961451,
            0.6359947594031825,
            0.739787237190584
        ],
        [
            0.49486331875136086,
            0.5046427129592249,
            0.5087039241420709,
            0.5141916906622789,
            0.5264487870619946,
            0.5392637970642479,
            0.5559879906594017,
            0.5727901755029098,
            0.6321512105695682,
            0.6649289855843395,
            0.7458122641368715
        ]
    ],
    "n_logical_errors": 50000,
    "n_runs": 1000000,
    "per_list": [
        0.4,
        0.41000000000000003,
        0.42000000000000004,
        0.43,
        0.44,
        0.45,
        0.46,
        0.47000000000000003,
        0.48,
        0.49,
        0.5
    ]
}
