{
    "bias": 300,
    "data": {
        "7": {
            "ler": [
                0.2506956805134248,
                0.2680390264822558,
                0.28549404744911067,
                0.3020965500573983,
                0.31857279388340237,
                0.33889114816321,
                0.3588345055260514,
                0.380517503805175,
                0.3965107057890563,
                0.4120482920598294,
                0.43704383549670034,
                0.4583791712504584,
                0.4720989519403267,
                0.4927079227433977,
                0.5032965926820675,
                0.5246589716684156
            ],
            "ler_eb": [
                0.002170081123290094,
                0.002293200326590899,
                0.0024132370439983804,
                0.0025237331843070013,
                0.002629773948235648,
                0.002755476498544763,
                0.0028732887279774035,
                0.002994947121595172,
                0.0030802765022063263,
                0.003159504268783233,
                0.0032791575894354553,
                0.003373436609839728,
                0.003430119878812108,
                0.003509284560166879,
                0.00354709287421493,
                0.0036172602369817304
            ],
            "ler_x": [
                0.220261224899095,
                0.23587434330438511,
                0.24883661175664487,
                0.2664189474956196,
                0.28015291494106404,
                0.2950386335908906,
                0.3142672599397158,
                0.331468797564688,
                0.3471054718477399,
                0.36148996662408833,
                0.37935404921113586,
                0.40002750275027504,
                0.4094042111226513,
                0.42939495467087113,
                0.4379686949519352,
                0.45561385099685203
            ],
            "ler_z": [
                0.030434455614329767,
                0.0321646831778707,
                0.03665743569246581,
                0.035677602561778744,
                0.03841987894233832,
                0.04385251457231937,
                0.04456724558633558,
                0.049048706240487065,
                0.049405233941316413,
                0.05055832543574107,
                0.05768978628556444,
                0.05835166850018335,
                0.06269474081767538,
                0.06331296807252661,
                0.06532789773013237,
                0.06904512067156349
            ],
            "per": [
                0.32,
                0.33,
                0.34,
                0.35,
                0.36,
                0.37,
                0.38,
                0.39,
                0.4,
                0.41,
                0.42,
                0.43,
                0.44,
                0.44999999999999996,
                0.45999999999999996,
                0.47
            ]
        }
    },
    "distance_array": [
        5,
        7,
        9,
        11,
        13,
        15,
        17,
        19,
        21,
        23,
        25,
        27,
        29
    ],
    "ler_distances": [
        [
            0.27978288847854066,
            0.29642804209278195,
            0.31219755861509163,
            0.33384522935167255,
            0.34539928156949434,
            0.3588345055260514,
            0.37929072634174094,
            0.3968568934042384,
            0.4024954719259408,
            0.42720437457279564,
            0.4424191479007211,
            0.45657930782576933,
            0.4712757434374853,
            0.48555474629764506,
            0.500801282051282,
            0.5114827886041635
        ],
        [
            0.2506956805134248,
            0.2680390264822558,
            0.28549404744911067,
            0.3020965500573983,
            0.31857279388340237,
            0.33889114816321,
            0.3588345055260514,
            0.380517503805175,
            0.3965107057890563,
            0.4120482920598294,
            0.43704383549670034,
            0.4583791712504584,
            0.4720989519403267,
            0.4927079227433977,
            0.5032965926820675,
            0.5246589716684156
        ]
    ],
    "n_logical_errors": 10000,
    "n_runs": 1000000,
    "per_list": [
        0.32,
        0.33,
        0.34,
        0.35,
        0.36,
        0.37,
        0.38,
        0.39,
        0.4,
        0.41,
        0.42,
        0.43,
        0.44,
        0.44999999999999996,
        0.45999999999999996,
        0.47
    ]
}
