{
    "bias": 300,
    "code": "ColourCode",
    "data": {
        "3": {
            "ler": [
                0.24533856722276742,
                0.24665778698633517,
                0.25449177991550875,
                0.2610829721685552,
                0.26632576968147437,
                0.2713115198871344,
                0.2762125731963319,
                0.281167407074172,
                0.2901410085301456,
                0.30116853391157694,
                0.30605374303727734,
                0.31203195207189216,
                0.32247662044501774,
                0.3308847859175435,
                0.3329559832190184,
                0.33209351753453775,
                0.3496748024337366,
                0.3457575548025724,
                0.3552397868561279,
                0.35691341280605327,
                0.36305547487656115
            ],
            "ler_eb": [
                0.0030140947491432493,
                0.0030276521717001272,
                0.00310752746146377,
                0.003173886435398808,
                0.003226114827300895,
                0.003275323370290332,
                0.0033232572346896297,
                0.00337127246840083,
                0.003457085798107062,
                0.003560498592679707,
                0.00360558395066277,
                0.003660144235701897,
                0.0037538366890245757,
                0.0038277383996853085,
                0.0038457324596588315,
                0.003838249706491662,
                0.003987903372849832,
                0.003955086937395159,
                0.004033998326749286,
                0.004047739852453561,
                0.004097687100775017
            ],
            "ler_x": [
                0.2433758586849853,
                0.24428987223126633,
                0.25255764238815087,
                0.2588898752023393,
                0.26462128475551294,
                0.2693038146399696,
                0.27450005524251464,
                0.2796491030759714,
                0.2882260778738467,
                0.2991205878809782,
                0.30427863132766114,
                0.30978532201697456,
                0.32041277007416963,
                0.32962742373105686,
                0.3303589265499101,
                0.3300345377258236,
                0.3472970137771872,
                0.3442362215614411,
                0.35346358792184723,
                0.35569990720251266,
                0.36058669764740053
            ],
            "ler_z": [
                0.003140333660451423,
                0.00365053524739776,
                0.0031556980709523084,
                0.003289645449323795,
                0.0027165228507510385,
                0.002767377502848771,
                0.0030935808197989174,
                0.0029241410335713886,
                0.003597748505773806,
                0.0034935549933742924,
                0.0032441696761951397,
                0.0033075386919620567,
                0.0036117381489841984,
                0.0029779630732578916,
                0.003462742225477792,
                0.003055260361317747,
                0.0035666829848241136,
                0.0024894543945785217,
                0.0032682060390763767,
                0.0029266899850096365,
                0.003775776938716236
            ],
            "per": [
                0.28,
                0.28500000000000003,
                0.29000000000000004,
                0.29500000000000004,
                0.30000000000000004,
                0.30500000000000005,
                0.31,
                0.315,
                0.32,
                0.325,
                0.33,
                0.335,
                0.34,
                0.34500000000000003,
                0.35000000000000003,
                0.355,
                0.36,
                0.365,
                0.37,
                0.375,
                0.38
            ],
            "ratio": null
        }
    },
    "distance_array": [
        3,
        5,
        7,
        9,
        11,
        13,
        17,
        21
    ],
    "ler_distances": [
        [
            0.24533856722276742,
            0.24665778698633517,
            0.25449177991550875,
            0.2610829721685552,
            0.26632576968147437,
            0.2713115198871344,
            0.2762125731963319,
            0.281167407074172,
            0.2901410085301456,
            0.30116853391157694,
            0.30605374303727734,
            0.31203195207189216,
            0.32247662044501774,
            0.3308847859175435,
            0.3329559832190184,
            0.33209351753453775,
            0.3496748024337366,
            0.3457575548025724,
            0.3552397868561279,
            0.35691341280605327,
            0.36305547487656115
        ]
    ],
    "n_logical_errors": 5000,
    "n_runs": 1000000,
    "per_list": [
        0.28,
        0.28500000000000003,
        0.29000000000000004,
        0.29500000000000004,
        0.30000000000000004,
        0.30500000000000005,
        0.31,
        0.315,
        0.32,
        0.325,
        0.33,
        0.335,
        0.34,
        0.34500000000000003,
        0.35000000000000003,
        0.355,
        0.36,
        0.365,
        0.37,
        0.375,
        0.38
    ]
}
