{
    "bias": 300,
    "data": {
        "11": {
            "ler": [
                0.46272731479339224,
                0.48374613003095973,
                0.48838617671765416,
                0.5012631832217187,
                0.5103446868014657,
                0.5246039240373518,
                0.5462451111062556,
                0.5526205265368377,
                0.6076515482961451,
                0.6359947594031825,
                0.739787237190584
            ],
            "ler_eb": [
                0.0015168321156882453,
                0.0015544049179370926,
                0.0015622462687849936,
                0.001583129786049953,
                0.0015970695565102615,
                0.001617611884286044,
                0.001645558095935574,
                0.0016530273422372863,
                0.0017021803716026354,
                0.0017160200309860138,
                0.001687664555342846
            ],
            "ler_x": [
                0.01524223774929434,
                0.01944659442724458,
                0.023286252905897753,
                0.036201227092272525,
                0.05166729609178039,
                0.0713356415905991,
                0.10674721961238447,
                0.11946550542673356,
                0.22370084098974286,
                0.26672348219850667,
                0.4784204062911507
            ],
            "ler_z": [
                0.4474850770440979,
                0.4642995356037152,
                0.4650999238117564,
                0.46506195612944623,
                0.45867739070968533,
                0.4532682824467527,
                0.43949789149387114,
                0.4331550211101041,
                0.38395070730640224,
                0.36927127720467584,
                0.2613668308994333
            ],
            "per": [
                0.4,
                0.41000000000000003,
                0.42000000000000004,
                0.43,
                0.44,
                0.45,
                0.46,
                0.47000000000000003,
                0.48,
                0.49,
                0.5
            ]
        }
    },
    "distance_array": [
        11,
        17,
        23
    ],
    "ler_distances": [
        [
            0.46272731479339224,
            0.48374613003095973,
            0.48838617671765416,
            0.5012631832217187,
            0.5103446868014657,
            0.5246039240373518,
            0.5462451111062556,
            0.5526205265368377,
            0.6076515482961451,
            0.6359947594031825,
            0.739787237190584
        ]
    ],
    "n_logical_errors": 50000,
    "n_runs": 1000000,
    "per_list": [
        0.4,
        0.41000000000000003,
        0.42000000000000004,
        0.43,
        0.44,
        0.45,
        0.46,
        0.47000000000000003,
        0.48,
        0.49,
        0.5
    ]
}
