{
    "bias": 300,
    "data": {
        "13": {
            "ler": [
                0.14467592592592593,
                0.16123831022250887,
                0.1589572405023049,
                0.18096272167933405,
                0.1840264998159735,
                0.19798059790140565,
                0.21920210434020165,
                0.2296211251435132,
                0.2439619419370578,
                0.26322716504343247,
                0.26824034334763946,
                0.2796420581655481,
                0.2992220227408737,
                0.2988643156007173,
                0.31338138514572234,
                0.3254149040026033,
                0.3586800573888092,
                0.3471017007983339,
                0.37147102526002973,
                0.3795066413662239,
                0.3949447077409163
            ],
            "ler_eb": [
                0.0042311811428180895,
                0.004669684413493258,
                0.0046098771615559085,
                0.0051789408867297755,
                0.005256762950100991,
                0.005606800053633003,
                0.006125112025441352,
                0.006373295031570027,
                0.006708013232546642,
                0.007144922277596184,
                0.007256184677953975,
                0.007505448756577282,
                0.007921068646351928,
                0.007913618299546935,
                0.008211660438331369,
                0.0084519284265827,
                0.009083319763553515,
                0.008869099156884363,
                0.009312956963514273,
                0.00945339814258254,
                0.009714799250322944
            ],
            "ler_x": [
                0.03660300925925926,
                0.0382134795227346,
                0.034970592910507074,
                0.04505971769815418,
                0.04324622745675377,
                0.05147495545436547,
                0.05480052608505041,
                0.056716417910447764,
                0.05684313247133447,
                0.07159778889181363,
                0.07591201716738197,
                0.08277404921700224,
                0.07540394973070018,
                0.0899581589958159,
                0.09056722030711375,
                0.09957696062479661,
                0.11406025824964132,
                0.10621312044429018,
                0.11552748885586925,
                0.12409867172675522,
                0.11492890995260663
            ],
            "ler_z": [
                0.11299189814814815,
                0.127055788455337,
                0.12875536480686695,
                0.14277958740499458,
                0.14758925285241076,
                0.15402890516729362,
                0.17251205611573872,
                0.18323765786452353,
                0.19736521102707977,
                0.20242168991839957,
                0.20708154506437768,
                0.2150447427293065,
                0.24177139437462597,
                0.23132098027495518,
                0.2481980570354121,
                0.24894240156199154,
                0.27223816355810615,
                0.2710864283234988,
                0.2864041604754829,
                0.29601518026565465,
                0.3135860979462875
            ],
            "per": [
                0.28,
                0.28500000000000003,
                0.29000000000000004,
                0.29500000000000004,
                0.30000000000000004,
                0.30500000000000005,
                0.31,
                0.315,
                0.32,
                0.325,
                0.33,
                0.335,
                0.34,
                0.34500000000000003,
                0.35000000000000003,
                0.355,
                0.36,
                0.365,
                0.37,
                0.375,
                0.38
            ]
        }
    },
    "distance_array": [
        5,
        9,
        13,
        17,
        21
    ],
    "ler_distances": [
        [
            0.21772262138036141,
            0.23485204321277595,
            0.23110700254217703,
            0.24449877750611246,
            0.2463661000246366,
            0.24600246002460024,
            0.25926886180969666,
            0.2789400278940028,
            0.27114967462039047,
            0.2884338044418806,
            0.30321406913280774,
            0.3146633102580239,
            0.32456994482310936,
            0.31887755102040816,
            0.3290556103981573,
            0.33025099075297226,
            0.3641660597232338,
            0.36231884057971014,
            0.35423308537017356,
            0.37821482602118,
            0.38774718883288095
        ],
        [
            0.17352073572791948,
            0.188040616773223,
            0.20044097013429546,
            0.19312475859405176,
            0.20903010033444816,
            0.21547080370609784,
            0.2249212775528565,
            0.23629489603024575,
            0.25412960609911056,
            0.25201612903225806,
            0.27233115468409586,
            0.29542097488921715,
            0.2931691586045148,
            0.315357931251971,
            0.31565656565656564,
            0.32970656116056707,
            0.35549235691432635,
            0.36536353671903543,
            0.3667033370003667,
            0.376081233546446,
            0.38299502106472616
        ],
        [
            0.14467592592592593,
            0.16123831022250887,
            0.1589572405023049,
            0.18096272167933405,
            0.1840264998159735,
            0.19798059790140565,
            0.21920210434020165,
            0.2296211251435132,
            0.2439619419370578,
            0.26322716504343247,
            0.26824034334763946,
            0.2796420581655481,
            0.2992220227408737,
            0.2988643156007173,
            0.31338138514572234,
            0.3254149040026033,
            0.3586800573888092,
            0.3471017007983339,
            0.37147102526002973,
            0.3795066413662239,
            0.3949447077409163
        ]
    ],
    "n_logical_errors": 1000,
    "n_runs": 1000000,
    "per_list": [
        0.28,
        0.28500000000000003,
        0.29000000000000004,
        0.29500000000000004,
        0.30000000000000004,
        0.30500000000000005,
        0.31,
        0.315,
        0.32,
        0.325,
        0.33,
        0.335,
        0.34,
        0.34500000000000003,
        0.35000000000000003,
        0.355,
        0.36,
        0.365,
        0.37,
        0.375,
        0.38
    ]
}
