{
    "bias": 300,
    "code": "ColourCode",
    "data": {
        "9": {
            "ler": [
                0.1693480101608806,
                0.18038819539649326,
                0.19401653020837376,
                0.1967342120794806,
                0.2149151085321298,
                0.22052661756273984,
                0.23834493278672894,
                0.2385610000477122,
                0.25343403112169904,
                0.2634768403857301,
                0.2796420581655481,
                0.27932960893854747,
                0.2977431072470672,
                0.3095783542814686,
                0.3127736769673464,
                0.32808398950131235,
                0.34034442856170444,
                0.35137034434293746,
                0.36520341830399533,
                0.37747244451155065,
                0.3779860901118839
            ],
            "ler_eb": [
                0.0021827532863506844,
                0.002309549177294364,
                0.002463297117373177,
                0.0024935869891138844,
                0.002693024194175157,
                0.0027534466038879506,
                0.0029417115723679083,
                0.00294396066537126,
                0.0030968061732021797,
                0.003197795215239553,
                0.003356538724269615,
                0.0033535154447951543,
                0.0035286186034665665,
                0.0036378332186916794,
                0.0036668663962914918,
                0.003803273259854165,
                0.003909239342462401,
                0.0040020130691579055,
                0.004114974245650741,
                0.004211914448765817,
                0.004215905468580164
            ],
            "ler_x": [
                0.02960203217612193,
                0.034309834764413016,
                0.03608707461875752,
                0.03615974818020854,
                0.04203739522888459,
                0.04242932121907114,
                0.04838402135570598,
                0.044992604608998524,
                0.050230624968320745,
                0.056173262370237655,
                0.059507829977628636,
                0.05815642458100559,
                0.06538438635145596,
                0.06847873196706086,
                0.07206305517327662,
                0.07349081364829396,
                0.0788918385406031,
                0.08292340126493324,
                0.08837922722956687,
                0.09202778197191605,
                0.09071666162685213
            ],
            "ler_z": [
                0.14472480948348856,
                0.15109315246410274,
                0.16343952504753406,
                0.16600432815266575,
                0.18039974210186976,
                0.18678604507564062,
                0.20016207455429497,
                0.20339710864067942,
                0.21415175629783567,
                0.21995046635400747,
                0.23411633109619687,
                0.2360335195530726,
                0.24944917525159294,
                0.25818834747074487,
                0.2592893782059302,
                0.27578740157480314,
                0.2841875978490232,
                0.2938158819395643,
                0.3042144474472281,
                0.3145855352559263,
                0.31750831569398247
            ],
            "per": [
                0.28,
                0.28500000000000003,
                0.29000000000000004,
                0.29500000000000004,
                0.30000000000000004,
                0.30500000000000005,
                0.31,
                0.315,
                0.32,
                0.325,
                0.33,
                0.335,
                0.34,
                0.34500000000000003,
                0.35000000000000003,
                0.355,
                0.36,
                0.365,
                0.37,
                0.375,
                0.38
            ],
            "ratio": null
        }
    },
    "distance_array": [
        3,
        5,
        7,
        9,
        11,
        13,
        17,
        21
    ],
    "ler_distances": [
        [
            0.24533856722276742,
            0.24665778698633517,
            0.25449177991550875,
            0.2610829721685552,
            0.26632576968147437,
            0.2713115198871344,
            0.2762125731963319,
            0.281167407074172,
            0.2901410085301456,
            0.30116853391157694,
            0.30605374303727734,
            0.31203195207189216,
            0.32247662044501774,
            0.3308847859175435,
            0.3329559832190184,
            0.33209351753453775,
            0.3496748024337366,
            0.3457575548025724,
            0.3552397868561279,
            0.35691341280605327,
            0.36305547487656115
        ],
        [
            0.22069209039548024,
            0.22119978764820386,
            0.23410431688360334,
            0.24101031524149233,
            0.2532158411830244,
            0.25916135385891254,
            0.2661698163428267,
            0.27297046459573077,
            0.2844950213371266,
            0.287836048586725,
            0.3049710277523635,
            0.3074085459575776,
            0.31324395439168023,
            0.32308089945722407,
            0.3251821019771072,
            0.3351431061063074,
            0.3477293274914806,
            0.35092644581695676,
            0.3643783704999271,
            0.3688675765400221,
            0.3717195747528065
        ],
        [
            0.17855229796807484,
            0.18420955679180637,
            0.19318445251526156,
            0.19873603879327478,
            0.21323780279767998,
            0.21953896816684962,
            0.22893772893772893,
            0.23977365367093464,
            0.2473288484368817,
            0.25885276454752537,
            0.2655901412939552,
            0.27633469658450316,
            0.28659864725438494,
            0.29508970727101036,
            0.30528758090120894,
            0.31005829095870024,
            0.325754120789628,
            0.32935906725512154,
            0.33346672002134187,
            0.3487236713628121,
            0.3598934715324264
        ],
        [
            0.1693480101608806,
            0.18038819539649326,
            0.19401653020837376,
            0.1967342120794806,
            0.2149151085321298,
            0.22052661756273984,
            0.23834493278672894,
            0.2385610000477122,
            0.25343403112169904,
            0.2634768403857301,
            0.2796420581655481,
            0.27932960893854747,
            0.2977431072470672,
            0.3095783542814686,
            0.3127736769673464,
            0.32808398950131235,
            0.34034442856170444,
            0.35137034434293746,
            0.36520341830399533,
            0.37747244451155065,
            0.3779860901118839
        ]
    ],
    "n_logical_errors": 5000,
    "n_runs": 1000000,
    "per_list": [
        0.28,
        0.28500000000000003,
        0.29000000000000004,
        0.29500000000000004,
        0.30000000000000004,
        0.30500000000000005,
        0.31,
        0.315,
        0.32,
        0.325,
        0.33,
        0.335,
        0.34,
        0.34500000000000003,
        0.35000000000000003,
        0.355,
        0.36,
        0.365,
        0.37,
        0.375,
        0.38
    ]
}
