{
    "bias": 300,
    "data": {
        "15": {
            "ler": [
                0.3024071610015725,
                0.32685079261317207,
                0.3522242964319679,
                0.3741674773628676,
                0.39567918331816565,
                0.42744176106005555,
                0.4324698352289928,
                0.46485682409817775,
                0.4729697772312349,
                0.4875908137890682,
                0.5086987486010784,
                0.5242738806752647,
                0.5254584625085387,
                0.5351313747525017,
                0.5461198186882202,
                0.5632216277105041
            ],
            "ler_eb": [
                0.0025257657972348898,
                0.0026816692485339935,
                0.002834860140892383,
                0.002960023098726844,
                0.003075933767780993,
                0.003234348287741651,
                0.003257994116081966,
                0.003400589477504099,
                0.003433611466190573,
                0.0034903097335424777,
                0.0035656162835864926,
                0.003616069092815871,
                0.003619724416206684,
                0.0036485939391142585,
                0.003679243634800302,
                0.003722287261979481
            ],
            "ler_x": [
                0.01717672674488932,
                0.021604837391730674,
                0.024409143742735374,
                0.027014891865599043,
                0.03394927392869861,
                0.03919640948920709,
                0.0421225619513039,
                0.04894942357753812,
                0.05704015513408693,
                0.06055877907260227,
                0.07177739342761216,
                0.07927021075810003,
                0.08512427092638326,
                0.09514635843099481,
                0.10632952869859648,
                0.1174317093776401
            ],
            "ler_z": [
                0.2852304342566832,
                0.30524595522144143,
                0.3278151526892325,
                0.3471525854972686,
                0.36172990938946703,
                0.3882453515708485,
                0.39034727327768887,
                0.4159074005206396,
                0.415929622097148,
                0.42703203471646595,
                0.43692135517346625,
                0.4450036699171647,
                0.4403341915821554,
                0.43998501632150694,
                0.4397902899896237,
                0.44578991833286397
            ],
            "per": [
                0.32,
                0.33,
                0.34,
                0.35,
                0.36,
                0.37,
                0.38,
                0.39,
                0.4,
                0.41,
                0.42,
                0.43,
                0.44,
                0.44999999999999996,
                0.45999999999999996,
                0.47
            ]
        }
    },
    "distance_array": [
        5,
        7,
        9,
        11,
        13,
        15,
        17,
        19,
        21,
        23,
        25,
        27,
        29
    ],
    "ler_distances": [
        [
            0.27978288847854066,
            0.29642804209278195,
            0.31219755861509163,
            0.33384522935167255,
            0.34539928156949434,
            0.3588345055260514,
            0.37929072634174094,
            0.3968568934042384,
            0.4024954719259408,
            0.42720437457279564,
            0.4424191479007211,
            0.45657930782576933,
            0.4712757434374853,
            0.48555474629764506,
            0.500801282051282,
            0.5114827886041635
        ],
        [
            0.2506956805134248,
            0.2680390264822558,
            0.28549404744911067,
            0.3020965500573983,
            0.31857279388340237,
            0.33889114816321,
            0.3588345055260514,
            0.380517503805175,
            0.3965107057890563,
            0.4120482920598294,
            0.43704383549670034,
            0.4583791712504584,
            0.4720989519403267,
            0.4927079227433977,
            0.5032965926820675,
            0.5246589716684156
        ],
        [
            0.2534661495957215,
            0.27721564605106314,
            0.29816035063657237,
            0.31984647369262753,
            0.3425596053713346,
            0.3659384491528525,
            0.37969396666286975,
            0.40597596622279963,
            0.4280821917808219,
            0.4482696790389098,
            0.46952765517889006,
            0.4974381933044819,
            0.511587455875582,
            0.5272871078302136,
            0.5471357443781802,
            0.5602554764972828
        ],
        [
            0.2799316966660135,
            0.29994900866852636,
            0.32653061224489793,
            0.35103731526661286,
            0.3690854063630324,
            0.3920031360250882,
            0.40683482506102525,
            0.42233296731142833,
            0.4416180886769122,
            0.45791739170253687,
            0.47085412939071475,
            0.48847205939820243,
            0.4917146088410287,
            0.5073566717402334,
            0.5188605821615732,
            0.527648796960743
        ],
        [
            0.242107301956227,
            0.2641100810817949,
            0.29460287532406315,
            0.31818760341097113,
            0.3430884825196418,
            0.3742374911118596,
            0.39248008163585696,
            0.41891835281303674,
            0.4463687898942106,
            0.4672897196261682,
            0.48513074273516715,
            0.5140859551717047,
            0.5346449957228401,
            0.5508124483613329,
            0.5668612890425713,
            0.5891363261458702
        ],
        [
            0.3024071610015725,
            0.32685079261317207,
            0.3522242964319679,
            0.3741674773628676,
            0.39567918331816565,
            0.42744176106005555,
            0.4324698352289928,
            0.46485682409817775,
            0.4729697772312349,
            0.4875908137890682,
            0.5086987486010784,
            0.5242738806752647,
            0.5254584625085387,
            0.5351313747525017,
            0.5461198186882202,
            0.5632216277105041
        ]
    ],
    "n_logical_errors": 10000,
    "n_runs": 1000000,
    "per_list": [
        0.32,
        0.33,
        0.34,
        0.35,
        0.36,
        0.37,
        0.38,
        0.39,
        0.4,
        0.41,
        0.42,
        0.43,
        0.44,
        0.44999999999999996,
        0.45999999999999996,
        0.47
    ]
}
