{
    "bias": 300,
    "code": "ColourCode",
    "data": {
        "11": {
            "ler": [
                0.14806040864672787,
                0.16265981326653436,
                0.17089343085651787,
                0.17736786094359702,
                0.186894927671663,
                0.19870444700552398,
                0.20842886322897994,
                0.21959682023804294,
                0.23661918508352658,
                0.24094063222821896,
                0.25968629895086737,
                0.26381047855220807,
                0.2755428193541276,
                0.2876373468331128,
                0.29749509133099306,
                0.31322433126605276,
                0.327139492279508,
                0.3417634996582365,
                0.35241048773611505,
                0.3670263524921089,
                0.37910379862006216
            ],
            "ler_eb": [
                0.0019326728339362034,
                0.0021049715705789146,
                0.0022006224778440987,
                0.002275059517622032,
                0.0023833391542017715,
                0.002515468891443583,
                0.002622514105337144,
                0.002743472177371094,
                0.0029237186141873412,
                0.0029686767802899893,
                0.003159889735668716,
                0.0032011192671898983,
                0.0033167325761389982,
                0.0034332928049540566,
                0.0035263018394116542,
                0.003670945515848565,
                0.003794988748545146,
                0.003921314330760572,
                0.004010640413791313,
                0.004129572168799592,
                0.004224571212894315
            ],
            "ler_x": [
                0.12052117263843648,
                0.13120140538078662,
                0.1367147446852143,
                0.14288754877616175,
                0.1475722348895451,
                0.15808925803759488,
                0.16674309058318396,
                0.17554569809829154,
                0.1905257678292556,
                0.1932343870470316,
                0.20629479588656902,
                0.21147047960745,
                0.21679709026782762,
                0.22959213024219063,
                0.23644909858987326,
                0.2487627638914991,
                0.25765506411934047,
                0.2716336295283664,
                0.2796729630673809,
                0.2917125449607282,
                0.3036621426946698
            ],
            "ler_z": [
                0.031951436185963876,
                0.03565503106802433,
                0.039032059607628684,
                0.040830081589216034,
                0.045527604380817106,
                0.04796725350713349,
                0.050147984492892574,
                0.05406473714260618,
                0.05726184279021343,
                0.0594159599074788,
                0.06731068868806482,
                0.06632195430802511,
                0.07649068665270584,
                0.07559109474774205,
                0.08121615993336109,
                0.0867631397606966,
                0.09473959696414551,
                0.09665071770334928,
                0.10339723710177615,
                0.10592380532922265,
                0.10865114868450981
            ],
            "per": [
                0.28,
                0.28500000000000003,
                0.29000000000000004,
                0.29500000000000004,
                0.30000000000000004,
                0.30500000000000005,
                0.31,
                0.315,
                0.32,
                0.325,
                0.33,
                0.335,
                0.34,
                0.34500000000000003,
                0.35000000000000003,
                0.355,
                0.36,
                0.365,
                0.37,
                0.375,
                0.38
            ],
            "ratio": null
        }
    },
    "distance_array": [
        3,
        5,
        7,
        9,
        11,
        13,
        17,
        21
    ],
    "ler_distances": [
        [
            0.24533856722276742,
            0.24665778698633517,
            0.25449177991550875,
            0.2610829721685552,
            0.26632576968147437,
            0.2713115198871344,
            0.2762125731963319,
            0.281167407074172,
            0.2901410085301456,
            0.30116853391157694,
            0.30605374303727734,
            0.31203195207189216,
            0.32247662044501774,
            0.3308847859175435,
            0.3329559832190184,
            0.33209351753453775,
            0.3496748024337366,
            0.3457575548025724,
            0.3552397868561279,
            0.35691341280605327,
            0.36305547487656115
        ],
        [
            0.22069209039548024,
            0.22119978764820386,
            0.23410431688360334,
            0.24101031524149233,
            0.2532158411830244,
            0.25916135385891254,
            0.2661698163428267,
            0.27297046459573077,
            0.2844950213371266,
            0.287836048586725,
            0.3049710277523635,
            0.3074085459575776,
            0.31324395439168023,
            0.32308089945722407,
            0.3251821019771072,
            0.3351431061063074,
            0.3477293274914806,
            0.35092644581695676,
            0.3643783704999271,
            0.3688675765400221,
            0.3717195747528065
        ],
        [
            0.17855229796807484,
            0.18420955679180637,
            0.19318445251526156,
            0.19873603879327478,
            0.21323780279767998,
            0.21953896816684962,
            0.22893772893772893,
            0.23977365367093464,
            0.2473288484368817,
            0.25885276454752537,
            0.2655901412939552,
            0.27633469658450316,
            0.28659864725438494,
            0.29508970727101036,
            0.30528758090120894,
            0.31005829095870024,
            0.325754120789628,
            0.32935906725512154,
            0.33346672002134187,
            0.3487236713628121,
            0.3598934715324264
        ],
        [
            0.1693480101608806,
            0.18038819539649326,
            0.19401653020837376,
            0.1967342120794806,
            0.2149151085321298,
            0.22052661756273984,
            0.23834493278672894,
            0.2385610000477122,
            0.25343403112169904,
            0.2634768403857301,
            0.2796420581655481,
            0.27932960893854747,
            0.2977431072470672,
            0.3095783542814686,
            0.3127736769673464,
            0.32808398950131235,
            0.34034442856170444,
            0.35137034434293746,
            0.36520341830399533,
            0.37747244451155065,
            0.3779860901118839
        ],
        [
            0.14806040864672787,
            0.16265981326653436,
            0.17089343085651787,
            0.17736786094359702,
            0.186894927671663,
            0.19870444700552398,
            0.20842886322897994,
            0.21959682023804294,
            0.23661918508352658,
            0.24094063222821896,
            0.25968629895086737,
            0.26381047855220807,
            0.2755428193541276,
            0.2876373468331128,
            0.29749509133099306,
            0.31322433126605276,
            0.327139492279508,
            0.3417634996582365,
            0.35241048773611505,
            0.3670263524921089,
            0.37910379862006216
        ]
    ],
    "n_logical_errors": 5000,
    "n_runs": 1000000,