{
    "bias": 300,
    "code": "ColourCode",
    "data": {
        "21": {
            "ler": [
                0.1051281512163327,
                0.11860989206499822,
                0.12567550584391102,
                0.13911688600762362,
                0.1551590380139643,
                0.16619025460347006,
                0.1807991321641656,
                0.19679615853898533,
                0.21312872975277067,
                0.227966990379793,
                0.24659696192542907,
                0.26182122846520395,
                0.275360722546536,
                0.29687685548034676,
                0.31474254060178775,
                0.3421845058855735,
                0.34833495889647487,
                0.3691944177804032,
                0.3771307889576105,
                0.3961337347488512,
                0.41704896154808574
            ],
            "ler_eb": [
                0.0014064181029422248,
                0.0015747803771117884,
                0.0016618888054798571,
                0.0018254373837525103,
                0.0020168776684396598,
                0.0021461201608813283,
                0.0023142301175132275,
                0.0024942759717846066,
                0.0026736763766149335,
                0.002832728150523335,
                0.0030270277560070515,
                0.0031812707316563266,
                0.0033149572002378605,
                0.003520521784478378,
                0.0036846592371140292,
                0.003924889081111659,
                0.003976713211461962,
                0.0041468458112638145,
                0.004209256773343222,
                0.004353386344242697,
                0.004503167301031028
            ],
            "ler_x": [
                0.029688189903492358,
                0.032261890641679516,
                0.03533995224330778,
                0.039537019003366626,
                0.045492629945694335,
                0.048760220700658115,
                0.054926776351473514,
                0.060258983744637305,
                0.07067348678601876,
                0.0736789312907491,
                0.08053856776484514,
                0.08849557522123894,
                0.0934574292322943,
                0.10610378814867592,
                0.11305552058416216,
                0.12469203394470299,
                0.12553991918628954,
                0.1360112235103005,
                0.14625131995776136,
                0.15544287751544922,
                0.16581866711151888
            ],
            "ler_z": [
                0.07806816509324867,
                0.08945558059542166,
                0.09468392610280256,
                0.10355860994407501,
                0.11484871993793638,
                0.12397792993418866,
                0.13274272283493038,
                0.14586531270909592,
                0.1520460358056266,
                0.16659827656955273,
                0.18075557309133952,
                0.1898727548829659,
                0.20266549179425047,
                0.2134544590903693,
                0.2277477023794536,
                0.24609909663290447,
                0.25296084715062006,
                0.26899505279480174,
                0.2710061849449389,
                0.2850578355252733,
                0.3035282342146968
            ],
            "per": [
                0.28,
                0.28500000000000003,
                0.29000000000000004,
                0.29500000000000004,
                0.30000000000000004,
                0.30500000000000005,
                0.31,
                0.315,
                0.32,
                0.325,
                0.33,
                0.335,
                0.34,
                0.34500000000000003,
                0.35000000000000003,
                0.355,
                0.36,
                0.365,
                0.37,
                0.375,
                0.38
            ],
            "ratio": null
        }
    },
    "distance_array": [
        3,
        5,
        7,
        9,
        11,
        13,
        17,
        21
    ],