{
    "bias": 300,
    "data": {
        "5": {
            "ler": [
                0.27978288847854066,
                0.29642804209278195,
                0.31219755861509163,
                0.33384522935167255,
                0.34539928156949434,
                0.3588345055260514,
                0.37929072634174094,
                0.3968568934042384,
                0.4024954719259408,
                0.42720437457279564,
                0.4424191479007211,
                0.45657930782576933,
                0.4712757434374853,
                0.48555474629764506,
                0.500801282051282,
                0.5114827886041635
            ],
            "ler_eb": [
                0.002374394443432896,
                0.0024864145944138356,
                0.002589174726211156,
                0.0027247881742632984,
                0.0027945357427123043,
                0.0028732887279774035,
                0.0029882459620255075,
                0.003082081457662437,
                0.0031112262855668687,
                0.003233222091120586,
                0.0033036029144840064,
                0.003365769038223045,
                0.003426807468988804,
                0.00348263360290935,
                0.003538361188062804,
                0.0035749581239139473
            ],
            "ler_x": [
                0.03046835655531308,
                0.03159922928709056,
                0.03512222534419781,
                0.03892635374240502,
                0.03978999723680575,
                0.043454858619204825,
                0.04942158164232884,
                0.05008333994761489,
                0.05357214731334273,
                0.058996924128503075,
                0.06176171304694067,
                0.06624965756551913,
                0.07116263725906027,
                0.07123088128186453,
                0.07762419871794872,
                0.08403662216766405
            ],
            "ler_z": [
                0.24931453192322758,
                0.2648288128056914,
                0.27707533327089384,
                0.29491887560926755,
                0.3056092843326886,
                0.31537964690684656,
                0.3298691446994121,
                0.34677355345662353,
                0.3489233246125981,
                0.36820745044429254,
                0.38065743485378045,
                0.3903296502602502,
                0.400113106178425,
                0.41432386501578056,
                0.4231770833333333,
                0.4274461664364994
            ],
            "per": [
                0.32,
                0.33,
                0.34,
                0.35,
                0.36,
                0.37,
                0.38,
                0.39,
                0.4,
                0.41,
                0.42,
                0.43,
                0.44,
                0.44999999999999996,
                0.45999999999999996,
                0.47
            ]
        }
    },
    "distance_array": [
        5,
        7,
        9,
        11,
        13,
        15,
        17,
        19,
        21,
        23,
        25,
        27,
        29
    ],
    "ler_distances": [
        [
            0.27978288847854066,
            0.29642804209278195,
            0.31219755861509163,
            0.33384522935167255,
            0.34539928156949434,
            0.3588345055260514,
            0.37929072634174094,
            0.3968568934042384,
            0.4024954719259408,
            0.42720437457279564,
            0.4424191479007211,
            0.45657930782576933,
            0.4712757434374853,
            0.48555474629764506,
            0.500801282051282,
            0.5114827886041635
        ]
    ],
    "n_logical_errors": 10000,
    "n_runs": 1000000,
    "per_list": [
        0.32,
        0.33,
        0.34,
        0.35,
        0.36,
        0.37,
        0.38,
        0.39,
        0.4,
        0.41,
        0.42,
        0.43,
        0.44,
        0.44999999999999996,
        0.45999999999999996,
        0.47
    ]
}
