{
    "bias": 300,
    "data": {
        "5": {
            "ler": [
                0.21772262138036141,
                0.23485204321277595,
                0.23110700254217703,
                0.24449877750611246,
                0.2463661000246366,
                0.24600246002460024,
                0.25926886180969666,
                0.2789400278940028,
                0.27114967462039047,
                0.2884338044418806,
                0.30321406913280774,
                0.3146633102580239,
                0.32456994482310936,
                0.31887755102040816,
                0.3290556103981573,
                0.33025099075297226,
                0.3641660597232338,
                0.36231884057971014,
                0.35423308537017356,
                0.37821482602118,
                0.38774718883288095
            ],
            "ler_eb": [
                0.006089532329218462,
                0.006496314686949379,
                0.006408347556142016,
                0.006720386917347686,
                0.006763339082985425,
                0.006754985397552146,
                0.007056358902489794,
                0.007490253801937059,
                0.00732028961645482,
                0.007694028882408819,
                0.00800385173749232,
                0.008237550658688782,
                0.008435260373718306,
                0.008322169235807721,
                0.008523393966413696,
                0.008546733635261938,
                0.009182719542144892,
                0.00914940202252657,
                0.009001751445262674,
                0.009431021401435667,
                0.009594316738657852
            ],
            "ler_x": [
                0.017853254953189637,
                0.02325035227806482,
                0.024728449272012943,
                0.01882640586797066,
                0.026361172702636118,
                0.025830258302583026,
                0.030852994555353903,
                0.028730822873082287,
                0.02440347071583514,
                0.027689645226420537,
                0.03850818677986659,
                0.034612964128382634,
                0.03667640376501136,
                0.030293367346938774,
                0.038170450806186244,
                0.04260237780713342,
                0.04624908958485069,
                0.04420289855072464,
                0.04711300035423308,
                0.051815431164901664,
                0.04769290422644436
            ],
            "ler_z": [
                0.20313520574787722,
                0.21441991545326444,
                0.2121562283337185,
                0.23056234718826407,
                0.2261640798226164,
                0.22558425584255842,
                0.23463831993777548,
                0.2574616457461646,
                0.25515184381778744,
                0.2702624747620421,
                0.2762280169799879,
                0.2910635619886721,
                0.29795520934761444,
                0.29846938775510207,
                0.30306021717670284,
                0.30184940554821665,
                0.3306627822286963,
                0.3318840579710145,
                0.32518597236981933,
                0.3437972768532526,
                0.35362543621558745
            ],
            "per": [
                0.28,
                0.28500000000000003,
                0.29000000000000004,
                0.29500000000000004,
                0.30000000000000004,
                0.30500000000000005,
                0.31,
                0.315,
                0.32,
                0.325,
                0.33,
                0.335,
                0.34,
                0.34500000000000003,
                0.35000000000000003,
                0.355,
                0.36,
                0.365,
                0.37,
                0.375,
                0.38
            ]
        }
    },
    "distance_array": [
        5,
        9,
        13,
        17,
        21
    ],
    "ler_distances": [
        [
            0.21772262138036141,
            0.23485204321277595,
            0.23110700254217703,
            0.24449877750611246,
            0.2463661000246366,
            0.24600246002460024,
            0.25926886180969666,
            0.2789400278940028,
            0.27114967462039047,
            0.2884338044418806,
            0.30321406913280774,
            0.3146633102580239,
            0.32456994482310936,
            0.31887755102040816,
            0.3290556103981573,
            0.33025099075297226,
            0.3641660597232338,
            0.36231884057971014,
            0.35423308537017356,
            0.37821482602118,
            0.38774718883288095
        ]
    ],
    "n_logical_errors": 1000,
    "n_runs": 1000000,
    "per_list": [
        0.28,
        0.28500000000000003,
        0.29000000000000004,
        0.29500000000000004,
        0.30000000000000004,
        0.30500000000000005,
        0.31,
        0.315,
        0.32,
        0.325,
        0.33,
        0.335,
        0.34,
        0.34500000000000003,
        0.35000000000000003,
        0.355,
        0.36,
        0.365,
        0.37,
        0.375,
        0.38
    ]
}
