{
    "bias": 300,
    "code": "ColourCode",
    "data": {
        "13": {
            "ler": [
                0.14586615321780733,
                0.15363815142576204,
                0.16522371290727644,
                0.17609974289437538,
                0.1886223027010714,
                0.19795708290442632,
                0.21380313007782434,
                0.223234217340834,
                0.2358156864594633,
                0.24703557312252963,
                0.26063386155129276,
                0.27957951241333034,
                0.2883672645481285,
                0.3011503945070168,
                0.31082929255253017,
                0.32673332026400054,
                0.34440005510400884,
                0.3533818644427168,
                0.3646441073512252,
                0.3738597278301181,
                0.39032006245121
            ],
            "ler_eb": [
                0.001906481053891352,
                0.001998904796711199,
                0.0021348748801966323,
                0.0022605339761171362,
                0.002402810788233383,
                0.0025071761463239307,
                0.002680987024253838,
                0.00278240794624569,
                0.002915323464580279,
                0.003031528974241816,
                0.003169389500238159,
                0.0033559336702552903,
                0.00344024137241171,
                0.0035603303499991954,
                0.0036492224900703907,
                0.003791420768401674,
                0.0039436436442395984,
                0.004018677877074504,
                0.004110481791060771,
                0.004183690049448817,
                0.004310094819557317
            ],
            "ler_x": [
                0.03337417585623432,
                0.03367748279252704,
                0.03952151212742053,
                0.041735639065966966,
                0.044778934661234344,
                0.05008314197481986,
                0.05255280937312922,
                0.05737119385659434,
                0.06324576710842805,
                0.06521739130434782,
                0.07078815679733111,
                0.07733169313352717,
                0.08039679335601822,
                0.08492441125097874,
                0.08833768494342907,
                0.09801999607920016,
                0.10628185700509712,
                0.10657997031592338,
                0.10749708284714118,
                0.11784058621205323,
                0.12334113973458236
            ],
            "ler_z": [
                0.11631367057587957,
                0.12466199606686332,
                0.13168329918709934,
                0.14028105518965941,
                0.15029425079221367,
                0.15678200966030564,
                0.16997348841187035,
                0.17595321010804535,
                0.18365325661463,
                0.19461462450592884,
                0.2052231025854879,
                0.21857526280474168,
                0.2255608743295461,
                0.23869180268626153,
                0.24462265323884122,
                0.2529569365483892,
                0.2681498829039813,
                0.2774047635875327,
                0.2877771295215869,
                0.2896665171227755,
                0.30257611241217797
            ],
            "per": [
                0.28,
                0.28500000000000003,
                0.29000000000000004,
                0.29500000000000004,
                0.30000000000000004,
                0.30500000000000005,
                0.31,
                0.315,
                0.32,
                0.325,
                0.33,
                0.335,
                0.34,
                0.34500000000000003,
                0.35000000000000003,
                0.355,
                0.36,
                0.365,
                0.37,
                0.375,
                0.38
            ],
            "ratio": null
        }
    },
    "distance_array": [
        3,
        5,
        7,
        9,
        11,
        13,
        17,
        21
    ],