{
    "bias": 300,
    "data": {
        "13": {
            "ler": [
                0.242107301956227,
                0.2641100810817949,
                0.29460287532406315,
                0.31818760341097113,
                0.3430884825196418,
                0.3742374911118596,
                0.39248008163585696,
                0.41891835281303674,
                0.4463687898942106,
                0.4672897196261682,
                0.48513074273516715,
                0.5140859551717047,
                0.5346449957228401,
                0.5508124483613329,
                0.5668612890425713,
                0.5891363261458702
            ],
            "ler_eb": [
                0.002107714335602467,
                0.00226564261738552,
                0.002474308367302228,
                0.0026273365174593376,
                0.002780734833472548,
                0.002960411365620345,
                0.0030591296398517027,
                0.0031933606299635315,
                0.0033212693948799837,
                0.0034106076798269603,
                0.0034810260813964264,
                0.0035835664759257956,
                0.0036471842223680913,
                0.0036916252074968422,
                0.003730699765863927,
                0.0037762842283677713
            ],
            "ler_x": [
                0.05038252953709084,
                0.05966246731637746,
                0.06590266320999293,
                0.07700140002545501,
                0.08556626754039867,
                0.09546798398263538,
                0.10946269476824051,
                0.11788362448158854,
                0.13109851359192964,
                0.14065420560747663,
                0.15111822636200456,
                0.16527863458770306,
                0.1768071000855432,
                0.193390250619664,
                0.20475029760217675,
                0.21851066336750324
            ],
            "ler_z": [
                0.19172477241913616,
                0.20444761376541742,
                0.22870021211407024,
                0.2411862033855161,
                0.25752221497924316,
                0.2787695071292242,
                0.28301738686761646,
                0.3010347283314482,
                0.31527027630228094,
                0.32663551401869156,
                0.3340125163731626,
                0.34880732058400166,
                0.35783789563729684,
                0.35742219774166895,
                0.36211099144039455,
                0.3706256627783669
            ],
            "per": [
                0.32,
                0.33,
                0.34,
                0.35,
                0.36,
                0.37,
                0.38,
                0.39,
                0.4,
                0.41,
                0.42,
                0.43,
                0.44,
                0.44999999999999996,
                0.45999999999999996,
                0.47
            ]
        }
    },
    "distance_array": [
        5,
        7,
        9,
        11,
        13,
        15,
        17,
        19,
        21,
        23,
        25,
        27,
        29
    ],
    "ler_distances": [
        [
            0.27978288847854066,
            0.29642804209278195,
            0.31219755861509163,
            0.33384522935167255,
            0.34539928156949434,
            0.3588345055260514,
            0.37929072634174094,
            0.3968568934042384,
            0.4024954719259408,
            0.42720437457279564,
            0.4424191479007211,
            0.45657930782576933,
            0.4712757434374853,
            0.48555474629764506,
            0.500801282051282,
            0.5114827886041635
        ],
        [
            0.2506956805134248,
            0.2680390264822558,
            0.28549404744911067,
            0.3020965500573983,
            0.31857279388340237,
            0.33889114816321,
            0.3588345055260514,
            0.380517503805175,
            0.3965107057890563,
            0.4120482920598294,
            0.43704383549670034,
            0.4583791712504584,
            0.4720989519403267,
            0.4927079227433977,
            0.5032965926820675,
            0.5246589716684156
        ],
        [
            0.2534661495957215,
            0.27721564605106314,
            0.29816035063657237,
            0.31984647369262753,
            0.3425596053713346,
            0.3659384491528525,
            0.37969396666286975,
            0.40597596622279963,
            0.4280821917808219,
            0.4482696790389098,
            0.46952765517889006,
            0.4974381933044819,
            0.511587455875582,
            0.5272871078302136,
            0.5471357443781802,
            0.5602554764972828
        ],
        [
            0.2799316966660135,
            0.29994900866852636,
            0.32653061224489793,
            0.35103731526661286,
            0.3690854063630324,
            0.3920031360250882,
            0.40683482506102525,
            0.42233296731142833,
            0.4416180886769122,
            0.45791739170253687,
            0.47085412939071475,
            0.48847205939820243,
            0.4917146088410287,
            0.5073566717402334,
            0.5188605821615732,
            0.527648796960743
        ],
        [
            0.242107301956227,
            0.2641100810817949,
            0.29460287532406315,
            0.31818760341097113,
            0.3430884825196418,
            0.3742374911118596,
            0.39248008163585696,
            0.41891835281303674,
            0.4463687898942106,
            0.4672897196261682,
            0.48513074273516715,
            0.5140859551717047,
            0.5346449957228401,
            0.5508124483613329,
            0.5668612890425713,
            0.5891363261458702
        ]
    ],
    "n_logical_errors": 10000,
    "n_runs": 1000000,
    "per_list": [
        0.32,
        0.33,
        0.34,
        0.35,
        0.36,
        0.37,
        0.38,
        0.39,
        0.4,
        0.41,
        0.42,
        0.43,
        0.44,
        0.44999999999999996,
        0.45999999999999996,
        0.47
    ]
}
