{
    "bias": 300,
    "data": {
        "23": {
            "ler": [
                0.5015850086272622,
                0.504907702871915,
                0.508538359048423,
                0.5157563566970963,
                0.5282396940435692,
                0.5472495238929143,
                0.5677431075986737,
                0.5907651590339809,
                0.6470481662654968,
                0.6810318995341742,
                0.7503338985848703
            ],
            "ler_eb": [
                0.0015836350087611707,
                0.0015888031013283471,
                0.001594349494292795,
                0.0016050610335387994,
                0.0016225822798910492,
                0.0016467582508057118,
                0.001669313216575812,
                0.0016901146755312632,
                0.00171913241763182,
                0.0017201094373589844,
                0.0016766768002079578
            ],
            "ler_x": [
                0.005597688696280245,
                0.010481883911620955,
                0.0188972854222394,
                0.03280210428593532,
                0.05904663300019017,
                0.09215681982356676,
                0.13472543943316528,
                0.18251098823195802,
                0.29205166032559465,
                0.3660818872756,
                0.49693113435478786
            ],
            "ler_z": [
                0.4959873199309819,
                0.4944258189602941,
                0.48964107362618364,
                0.48295425241116097,
                0.46919306104337904,
                0.4550927040693475,
                0.43301766816550846,
                0.40825417080202275,
                0.3549965059399022,
                0.3149500122585742,
                0.2534027642300824
            ],
            "per": [
                0.4,
                0.41000000000000003,
                0.42000000000000004,
                0.43,
                0.44,
                0.45,
                0.46,
                0.47000000000000003,
                0.48,
                0.49,
                0.5
            ]
        }
    },
    "distance_array": [
        11,
        17,
        23
    ],
    "ler_distances": [
        [
            0.46272731479339224,
            0.48374613003095973,
            0.48838617671765416,
            0.5012631832217187,
            0.5103446868014657,
            0.5246039240373518,
            0.5462451111062556,
            0.5526205265368377,
            0.6076515482961451,
            0.6359947594031825,
            0.739787237190584
        ],
        [
            0.49486331875136086,
            0.5046427129592249,
            0.5087039241420709,
            0.5141916906622789,
            0.5264487870619946,
            0.5392637970642479,
            0.5559879906594017,
            0.5727901755029098,
            0.6321512105695682,
            0.6649289855843395,
            0.7458122641368715
        ],
        [
            0.5015850086272622,
            0.504907702871915,
            0.508538359048423,
            0.5157563566970963,
            0.5282396940435692,
            0.5472495238929143,
            0.5677431075986737,
            0.5907651590339809,
            0.6470481662654968,
            0.6810318995341742,
            0.7503338985848703
        ]
    ],
    "n_logical_errors": 50000,
    "n_runs": 1000000,
    "per_list": [
        0.4,
        0.41000000000000003,
        0.42000000000000004,
        0.43,
        0.44,
        0.45,
        0.46,
        0.47000000000000003,
        0.48,
        0.49,
        0.5
    ]
}
