{
    "bias": 300,
    "data": {
        "19": {
            "ler": [
                0.28656579550664835,
                0.3161555485298767,
                0.3529328721677137,
                0.3734548306382343,
                0.4024306813151435,
                0.4258037044922291,
                0.44865180133698235,
                0.4593477262287552,
                0.4838163433160772,
                0.5035753852351698,
                0.510986203372509,
                0.5279831045406547,
                0.5468664552116373,
                0.561955605507165,
                0.5751754285056943,
                0.572442612628084
            ],
            "ler_eb": [
                0.0024204789790159146,
                0.002614444770181202,
                0.002839009064462561,
                0.002956067007846619,
                0.003110894116126987,
                0.0032265591315482193,
                0.003331366358834381,
                0.003377540675147384,
                0.003476023146222491,
                0.003548061568145286,
                0.0035733020654956267,
                0.0036274279700559725,
                0.003681242194965275,
                0.0037192988108070636,
                0.0037489110727659653,
                0.0037430804584038073
            ],
            "ler_x": [
                0.018426180651077487,
                0.022194119506797345,
                0.028446389496717725,
                0.034880681181611084,
                0.041490603243591294,
                0.04590163934426229,
                0.057651756471802235,
                0.061552595314653194,
                0.07237892496008515,
                0.08107563702286233,
                0.08967807869187532,
                0.10802534318901795,
                0.11834190090779832,
                0.1321719584152852,
                0.13608650638444725,
                0.15089587268876295
            ],
            "ler_z": [
                0.26813961485557086,
                0.29396142902307937,
                0.324486482670996,
                0.33857414945662323,
                0.36094007807155215,
                0.37990206514796676,
                0.39100004486518014,
                0.39779513091410196,
                0.41143741835599207,
                0.4224997482123074,
                0.4213081246806336,
                0.41995776135163676,
                0.428524554303839,
                0.4297836470918797,
                0.439088922121247,
                0.42154673993932107
            ],
            "per": [
                0.32,
                0.33,
                0.34,
                0.35,
                0.36,
                0.37,
                0.38,
                0.39,
                0.4,
                0.41,
                0.42,
                0.43,
                0.44,
                0.44999999999999996,
                0.45999999999999996,
                0.47
            ]
        }
    },
    "distance_array": [
        5,
        7,
        9,
        11,
        13,
        15,
        17,
        19,
        21,
        23,
        25,
        27,
        29
    ],
    "ler_distances": [
        [
            0.27978288847854066,
            0.29642804209278195,
            0.31219755861509163,
            0.33384522935167255,
            0.34539928156949434,
            0.3588345055260514,
            0.37929072634174094,
            0.3968568934042384,
            0.4024954719259408,
            0.42720437457279564,
            0.4424191479007211,
            0.45657930782576933,
            0.4712757434374853,
            0.48555474629764506,
            0.500801282051282,
            0.5114827886041635
        ],
        [
            0.2506956805134248,
            0.2680390264822558,
            0.28549404744911067,
            0.3020965500573983,
            0.31857279388340237,
            0.33889114816321,
            0.3588345055260514,
            0.380517503805175,
            0.3965107057890563,
            0.4120482920598294,
            0.43704383549670034,
            0.4583791712504584,
            0.4720989519403267,
            0.4927079227433977,
            0.5032965926820675,
            0.5246589716684156
        ],
        [
            0.2534661495957215,
            0.27721564605106314,
            0.29816035063657237,
            0.31984647369262753,
            0.3425596053713346,
            0.3659384491528525,
            0.37969396666286975,
            0.40597596622279963,
            0.4280821917808219,
            0.4482696790389098,
            0.46952765517889006,
            0.4974381933044819,
            0.511587455875582,
            0.5272871078302136,
            0.5471357443781802,
            0.5602554764972828
        ],
        [
            0.2799316966660135,
            0.29994900866852636,
            0.32653061224489793,
            0.35103731526661286,
            0.3690854063630324,
            0.3920031360250882,
            0.40683482506102525,
            0.42233296731142833,
            0.4416180886769122,
            0.45791739170253687,
            0.47085412939071475,
            0.48847205939820243,
            0.4917146088410287,
            0.5073566717402334,
            0.5188605821615732,
            0.527648796960743
        ],
        [
            0.242107301956227,
            0.2641100810817949,
            0.29460287532406315,
            0.31818760341097113,
            0.3430884825196418,
            0.3742374911118596,
            0.39248008163585696,
            0.41891835281303674,
            0.4463687898942106,
            0.4672897196261682,
            0.48513074273516715,
            0.5140859551717047,
            0.5346449957228401,
            0.5508124483613329,
            0.5668612890425713,
            0.5891363261458702
        ],
        [
            0.3024071610015725,
            0.32685079261317207,
            0.3522242964319679,
            0.3741674773628676,
            0.39567918331816565,
            0.42744176106005555,
            0.4324698352289928,
            0.46485682409817775,
            0.4729697772312349,
            0.4875908137890682,
            0.5086987486010784,
            0.5242738806752647,
            0.5254584625085387,
            0.5351313747525017,
            0.5461198186882202,
            0.5632216277105041
        ],
        [
            0.3299785513941594,
            0.3588473822083468,
            0.3816793893129771,
            0.40121970791205264,
            0.41741453437408693,
            0.4366812227074236,
            0.45731010198015276,
            0.47644004002096335,
            0.4742258263385024,
            0.49072529198154874,
            0.5016554630279924,
            0.5084918132818061,
            0.5173305742369374,
            0.5202913631633714,
            0.5232588561561404,
            0.531236719082023
        ],
        [
            0.28656579550664835,
            0.3161555485298767,
            0.3529328721677137,
            0.3734548306382343,
            0.4024306813151435,
            0.4258037044922291,
            0.44865180133698235,
            0.4593477262287552,
            0.4838163433160772,
            0.5035753852351698,
            0.510986203372509,
            0.5279831045406547,
            0.5468664552116373,
            0.561955605507165,
            0.5751754285056943,
            0.572442612628084
        ]
    ],
    "n_logical_errors": 10000,
    "n_runs": 1000000,
    "per_list": [
        0.32,
        0.33,
        0.34,
        0.35,
        0.36,
        0.37,
        0.38,
        0.39,
        0.4,
        0.41,
        0.42,
        0.43,
        0.44,
        0.44999999999999996,
        0.45999999999999996,
        0.47
    ]
}
