{
    "bias": 300,
    "data": {
        "17": {
            "ler": [
                0.12233912405187179,
                0.13831258644536654,
                0.1457938474996355,
                0.1552072016141549,
                0.16592002654720425,
                0.18982536066818528,
                0.19353590090961872,
                0.21285653469561516,
                0.23391812865497075,
                0.23353573096683794,
                0.2587991718426501,
                0.2651113467656416,
                0.2830455703368242,
                0.30156815440289503,
                0.3158559696778269,
                0.3457814661134163,
                0.33444816053511706,
                0.35880875493362036,
                0.3834355828220859,
                0.3968253968253968,
                0.4046944556859571
            ],
            "ler_eb": [
                0.003624338363858876,
                0.004060098569962196,
                0.004261088405924446,
                0.004511146905615509,
                0.004791843827823179,
                0.005403106848230712,
                0.005496092810821143,
                0.005971919360279137,
                0.006474429013484484,
                0.006465457986153796,
                0.007045808419016706,
                0.007186858378051495,
                0.007578829532058702,
                0.00796980131543548,
                0.008261575200508277,
                0.008844293230917387,
                0.008628191105659622,
                0.009085667163135814,
                0.009520979753322655,
                0.00974587827530433,
                0.009874093111808153
            ],
            "ler_x": [
                0.031196476633227305,
                0.04024896265560166,
                0.03499052339991252,
                0.042526773242278444,
                0.045628007300481166,
                0.05466970387243736,
                0.05283530094832591,
                0.06726266496381439,
                0.07345029239766082,
                0.06375525455394676,
                0.07893374741200829,
                0.08244962884411453,
                0.08547976224172092,
                0.09107358262967431,
                0.09886291850915982,
                0.12206085753803596,
                0.1197324414715719,
                0.12773591675636886,
                0.1357361963190184,
                0.14246031746031745,
                0.15540267098340751
            ],
            "ler_z": [
                0.09383410814778566,
                0.10235131396957123,
                0.11473975798221316,
                0.11857830203321434,
                0.12692882030861125,
                0.14236902050113895,
                0.14689374879040062,
                0.15772669220945082,
                0.17146198830409357,
                0.18145726296123307,
                0.19591097308488614,
                0.19883351007423117,
                0.21879422587036512,
                0.23069963811821473,
                0.23847125710675932,
                0.2520746887966805,
                0.2454849498327759,
                0.26300681736634374,
                0.28642638036809814,
                0.29603174603174603,
                0.29866450829623636
            ],
            "per": [
                0.28,
                0.28500000000000003,
                0.29000000000000004,
                0.29500000000000004,
                0.30000000000000004,
                0.30500000000000005,
                0.31,
                0.315,
                0.32,
                0.325,
                0.33,
                0.335,
                0.34,
                0.34500000000000003,
                0.35000000000000003,
                0.355,
                0.36,
                0.365,
                0.37,
                0.375,
                0.38
            ]
        }
    },
    "distance_array": [
        5,
        9,
        13,
        17,
        21
    ],
    "ler_distances": [
        [
            0.21772262138036141,
            0.23485204321277595,
            0.23110700254217703,
            0.24449877750611246,
            0.2463661000246366,
            0.24600246002460024,
            0.25926886180969666,
            0.2789400278940028,
            0.27114967462039047,
            0.2884338044418806,
            0.30321406913280774,
            0.3146633102580239,
            0.32456994482310936,
            0.31887755102040816,
            0.3290556103981573,
            0.33025099075297226,
            0.3641660597232338,
            0.36231884057971014,
            0.35423308537017356,
            0.37821482602118,
            0.38774718883288095
        ],
        [
            0.17352073572791948,
            0.188040616773223,
            0.20044097013429546,
            0.19312475859405176,
            0.20903010033444816,
            0.21547080370609784,
            0.2249212775528565,
            0.23629489603024575,
            0.25412960609911056,
            0.25201612903225806,
            0.27233115468409586,
            0.29542097488921715,
            0.2931691586045148,
            0.315357931251971,
            0.31565656565656564,
            0.32970656116056707,
            0.35549235691432635,
            0.36536353671903543,
            0.3667033370003667,
            0.376081233546446,
            0.38299502106472616
        ],
        [
            0.14467592592592593,
            0.16123831022250887,
            0.1589572405023049,
            0.18096272167933405,
            0.1840264998159735,
            0.19798059790140565,
            0.21920210434020165,
            0.2296211251435132,
            0.2439619419370578,
            0.26322716504343247,
            0.26824034334763946,
            0.2796420581655481,
            0.2992220227408737,
            0.2988643156007173,
            0.31338138514572234,
            0.3254149040026033,
            0.3586800573888092,
            0.3471017007983339,
            0.37147102526002973,
            0.3795066413662239,
            0.3949447077409163
        ],
        [
            0.12233912405187179,
            0.13831258644536654,
            0.1457938474996355,
            0.1552072016141549,
            0.16592002654720425,
            0.18982536066818528,
            0.19353590090961872,
            0.21285653469561516,
            0.23391812865497075,
            0.23353573096683794,
            0.2587991718426501,
            0.2651113467656416,
            0.2830455703368242,
            0.30156815440289503,
            0.3158559696778269,
            0.3457814661134163,
            0.33444816053511706,
            0.35880875493362036,
            0.3834355828220859,
            0.3968253968253968,
            0.4046944556859571
        ]
    ],
    "n_logical_errors": 1000,
    "n_runs": 1000000,
    "per_list": [
        0.28,
        0.28500000000000003,
        0.29000000000000004,
        0.29500000000000004,
        0.30000000000000004,
        0.30500000000000005,
        0.31,
        0.315,
        0.32,
        0.325,
        0.33,
        0.335,
        0.34,
        0.34500000000000003,
        0.35000000000000003,
        0.355,
        0.36,
        0.365,
        0.37,
        0.375,
        0.38
    ]
}
