{
    "bias": 300,
    "code": "ColourCode",
    "data": {
        "7": {
            "ler": [
                0.17855229796807484,
                0.18420955679180637,
                0.19318445251526156,
                0.19873603879327478,
                0.21323780279767998,
                0.21953896816684962,
                0.22893772893772893,
                0.23977365367093464,
                0.2473288484368817,
                0.25885276454752537,
                0.2655901412939552,
                0.27633469658450316,
                0.28659864725438494,
                0.29508970727101036,
                0.30528758090120894,
                0.31005829095870024,
                0.325754120789628,
                0.32935906725512154,
                0.33346672002134187,
                0.3487236713628121,
                0.3598934715324264
            ],
            "ler_eb": [
                0.0022886026753066286,
                0.002352970390780386,
                0.0024539985319051005,
                0.00251581922723361,
                0.002674859277329992,
                0.002742851078009856,
                0.0028430015384366732,
                0.0029565683068196627,
                0.0030345368001721638,
                0.00315151988656992,
                0.003218816337035984,
                0.0033244460652517532,
                0.0034233877972633733,
                0.0035037731915420994,
                0.0035985427527176796,
                0.003642206346396407,
                0.0037828059764315656,
                0.0038144300095131296,
                0.0038501567838475624,
                0.003979963350498437,
                0.004072068684707648
            ],
            "ler_x": [
                0.15855444059565046,
                0.16435176656964964,
                0.17158643072405533,
                0.17512619738463372,
                0.18858751279426816,
                0.19293084522502743,
                0.20164835164835165,
                0.21085695103821991,
                0.22051840126632372,
                0.23001656657693104,
                0.23271008180176353,
                0.24157179175417265,
                0.2538690817379342,
                0.2603281397544854,
                0.2677982659665405,
                0.27024680639960313,
                0.2843181966251873,
                0.2875963375271721,
                0.29265039349072963,
                0.3036685730227368,
                0.3119556611243072
            ],
            "ler_z": [
                0.024068849766096488,
                0.024794606344177135,
                0.026659454447106098,
                0.02841925354743829,
                0.031132719208461276,
                0.0328430296377607,
                0.034844322344322345,
                0.03726082578046324,
                0.034230312623664425,
                0.03831020915303376,
                0.04254754063529162,
                0.045484691057809216,
                0.04591310329015247,
                0.04733238904627007,
                0.05159360117230431,
                0.0551283641324569,
                0.057463026907290375,
                0.0590870166655688,
                0.05808990262771775,
                0.06423490026503,
                0.06924350392283884
            ],
            "per": [
                0.28,
                0.28500000000000003,
                0.29000000000000004,
                0.29500000000000004,
                0.30000000000000004,
                0.30500000000000005,
                0.31,
                0.315,
                0.32,
                0.325,
                0.33,
                0.335,
                0.34,
                0.34500000000000003,
                0.35000000000000003,
                0.355,
                0.36,
                0.365,
                0.37,
                0.375,
                0.38
            ],
            "ratio": null
        }
    },
    "distance_array": [
        3,
        5,
        7,
        9,
        11,
        13,
        17,
        21
    ],
    "ler_distances": [
        [
            0.24533856722276742,
            0.24665778698633517,
            0.25449177991550875,
            0.2610829721685552,
            0.26632576968147437,
            0.2713115198871344,
            0.2762125731963319,
            0.281167407074172,
            0.2901410085301456,
            0.30116853391157694,
            0.30605374303727734,
            0.31203195207189216,
            0.32247662044501774,
            0.3308847859175435,
            0.3329559832190184,
            0.33209351753453775,
            0.3496748024337366,
            0.3457575548025724,
            0.3552397868561279,
            0.35691341280605327,
            0.36305547487656115
        ],
        [
            0.22069209039548024,
            0.22119978764820386,
            0.23410431688360334,
            0.24101031524149233,
            0.2532158411830244,
            0.25916135385891254,
            0.2661698163428267,
            0.27297046459573077,
            0.2844950213371266,
            0.287836048586725,
            0.3049710277523635,
            0.3074085459575776,
            0.31324395439168023,
            0.32308089945722407,
            0.3251821019771072,
            0.3351431061063074,
            0.3477293274914806,
            0.35092644581695676,
            0.3643783704999271,
            0.3688675765400221,
            0.3717195747528065
        ],
        [
            0.17855229796807484,
            0.18420955679180637,
            0.19318445251526156,
            0.19873603879327478,
            0.21323780279767998,
            0.21953896816684962,
            0.22893772893772893,
            0.23977365367093464,
            0.2473288484368817,
            0.25885276454752537,
            0.2655901412939552,
            0.27633469658450316,
            0.28659864725438494,
            0.29508970727101036,
            0.30528758090120894,
            0.31005829095870024,
            0.325754120789628,
            0.32935906725512154,
            0.33346672002134187,
            0.3487236713628121,
            0.3598934715324264
        ]
    ],
    "n_logical_errors": 5000,
    "n_runs": 1000000,
    "per_list": [
        0.28,
        0.28500000000000003,
        0.29000000000000004,
        0.29500000000000004,
        0.30000000000000004,
        0.30500000000000005,
        0.31,
        0.315,
        0.32,
        0.325,
        0.33,
        0.335,
        0.34,
        0.34500000000000003,
        0.35000000000000003,
        0.355,
        0.36,
        0.365,
        0.37,
        0.375,
        0.38
    ]
}
