{
    "bias": 300,
    "data": {
        "9": {
            "ler": [
                0.17352073572791948,
                0.188040616773223,
                0.20044097013429546,
                0.19312475859405176,
                0.20903010033444816,
                0.21547080370609784,
                0.2249212775528565,
                0.23629489603024575,
                0.25412960609911056,
                0.25201612903225806,
                0.27233115468409586,
                0.29542097488921715,
                0.2931691586045148,
                0.315357931251971,
                0.31565656565656564,
                0.32970656116056707,
                0.35549235691432635,
                0.36536353671903543,
                0.3667033370003667,
                0.376081233546446,
                0.38299502106472616
            ],
            "ler_eb": [
                0.004988469961075506,
                0.0053581987596808475,
                0.005667764050639173,
                0.005485814886550056,
                0.005878801649961853,
                0.006035218345117967,
                0.006261861375424316,
                0.006530060237556794,
                0.006940439099420351,
                0.0068924631534405655,
                0.007346224870330224,
                0.007841627029584755,
                0.007794280409932589,
                0.008251550248514998,
                0.0082575626917452,
                0.008536111393435976,
                0.009024939594946683,
                0.009204235311179896,
                0.009228231099389986,
                0.009393894685387233,
                0.009513437349191712
            ],
            "ler_x": [
                0.03314246052403262,
                0.03196690485144791,
                0.034275405892964524,
                0.03514870606411742,
                0.038252508361204016,
                0.043740573152337855,
                0.038911381016644174,
                0.05151228733459357,
                0.05362134688691233,
                0.049899193548387094,
                0.06263616557734204,
                0.0638109305760709,
                0.06654939900322486,
                0.06654052349416588,
                0.06786616161616162,
                0.07088691064952192,
                0.08745111980092428,
                0.08366824990865912,
                0.08030803080308031,
                0.08687476494922904,
                0.09574875526618154
            ],
            "ler_z": [
                0.14645150095436404,
                0.15983452425723957,
                0.1721787933453598,
                0.1629972962533797,
                0.17955685618729098,
                0.17991812109459168,
                0.19343229869545658,
                0.19706994328922495,
                0.21245235069885643,
                0.2127016129032258,
                0.22303921568627452,
                0.24549483013293943,
                0.2459689240691879,
                0.2642699463891517,
                0.26862373737373735,
                0.2805802835476426,
                0.2900817632420903,
                0.30434782608695654,
                0.30986431976530987,
                0.31477999247837535,
                0.31941784756798164
            ],
            "per": [
                0.28,
                0.28500000000000003,
                0.29000000000000004,
                0.29500000000000004,
                0.30000000000000004,
                0.30500000000000005,
                0.31,
                0.315,
                0.32,
                0.325,
                0.33,
                0.335,
                0.34,
                0.34500000000000003,
                0.35000000000000003,
                0.355,
                0.36,
                0.365,
                0.37,
                0.375,
                0.38
            ]
        }
    },
    "distance_array": [
        5,
        9,
        13,
        17,
        21
    ],
    "ler_distances": [
        [
            0.21772262138036141,
            0.23485204321277595,
            0.23110700254217703,
            0.24449877750611246,
            0.2463661000246366,
            0.24600246002460024,
            0.25926886180969666,
            0.2789400278940028,
            0.27114967462039047,
            0.2884338044418806,
            0.30321406913280774,
            0.3146633102580239,
            0.32456994482310936,
            0.31887755102040816,
            0.3290556103981573,
            0.33025099075297226,
            0.3641660597232338,
            0.36231884057971014,
            0.35423308537017356,
            0.37821482602118,
            0.38774718883288095
        ],
        [
            0.17352073572791948,
            0.188040616773223,
            0.20044097013429546,
            0.19312475859405176,
            0.20903010033444816,
            0.21547080370609784,
            0.2249212775528565,
            0.23629489603024575,
            0.25412960609911056,
            0.25201612903225806,
            0.27233115468409586,
            0.29542097488921715,
            0.2931691586045148,
            0.315357931251971,
            0.31565656565656564,
            0.32970656116056707,
            0.35549235691432635,
            0.36536353671903543,
            0.3667033370003667,
            0.376081233546446,
            0.38299502106472616
        ]
    ],
    "n_logical_errors": 1000,
    "n_runs": 1000000,
    "per_list": [
        0.28,
        0.28500000000000003,
        0.29000000000000004,
        0.29500000000000004,
        0.30000000000000004,
        0.30500000000000005,
        0.31,
        0.315,
        0.32,
        0.325,
        0.33,
        0.335,
        0.34,
        0.34500000000000003,
        0.35000000000000003,
        0.355,
        0.36,
        0.365,
        0.37,
        0.375,
        0.38
    ]
}
