{
    "bias": 300,
    "code": "ColourCode",
    "data": {
        "5": {
            "ler": [
                0.22069209039548024,
                0.22119978764820386,
                0.23410431688360334,
                0.24101031524149233,
                0.2532158411830244,
                0.25916135385891254,
                0.2661698163428267,
                0.27297046459573077,
                0.2844950213371266,
                0.287836048586725,
                0.3049710277523635,
                0.3074085459575776,
                0.31324395439168023,
                0.32308089945722407,
                0.3251821019771072,
                0.3351431061063074,
                0.3477293274914806,
                0.35092644581695676,
                0.3643783704999271,
                0.3688675765400221,
                0.3717195747528065
            ],
            "ler_eb": [
                0.0027552201644653767,
                0.002760658801748016,
                0.002897405170748305,
                0.002969399050893929,
                0.00309459213859499,
                0.003154620001391826,
                0.0032245683599272886,
                0.0032915971977027403,
                0.0034032668112303328,
                0.0034351853517421045,
                0.0035956303322317064,
                0.003618007799653541,
                0.0036711230478319867,
                0.003759193364893737,
                0.0037777649091523253,
                0.003864642952138202,
                0.003971643370211315,
                0.0039983246372418384,
                0.004108345135584233,
                0.004144247901482525,
                0.004166843544418678
            ],
            "ler_x": [
                0.020568502824858757,
                0.0206158202088126,
                0.02228673096731904,
                0.024004627398052637,
                0.02643573381950775,
                0.027108277613642255,
                0.025339366515837104,
                0.026696511437462468,
                0.030213371266002844,
                0.03085602440849692,
                0.033668801463860934,
                0.03307715954503535,
                0.03502067410098985,
                0.03566813130007754,
                0.03648543184183142,
                0.038876600308331656,
                0.046595729883858406,
                0.044918585064570464,
                0.043871155808191224,
                0.04699372925119882,
                0.049066983867370455
            ],
            "ler_z": [
                0.20506709039548024,
                0.20425588391435145,
                0.21668695570746324,
                0.22221151065265593,
                0.2334650055707485,
                0.23837661327942777,
                0.24732499334575458,
                0.2538625320740296,
                0.26327169274537693,
                0.2645788958609176,
                0.28039036291552305,
                0.28422994159237625,
                0.28805914045858916,
                0.2974282760403205,
                0.29897242455775236,
                0.30685702795093506,
                0.3142082203213019,
                0.3216591802358226,
                0.3366127386678327,
                0.33773515308004426,
                0.3400490669838674
            ],
            "per": [
                0.28,
                0.28500000000000003,
                0.29000000000000004,
                0.29500000000000004,
                0.30000000000000004,
                0.30500000000000005,
                0.31,
                0.315,
                0.32,
                0.325,
                0.33,
                0.335,
                0.34,
                0.34500000000000003,
                0.35000000000000003,
                0.355,
                0.36,
                0.365,
                0.37,
                0.375,
                0.38
            ],
            "ratio": null
        }
    },
    "distance_array": [
        3,
        5,
        7,
        9,
        11,
        13,
        17,
        21
    ],
    "ler_distances": [
        [
            0.24533856722276742,
            0.24665778698633517,
            0.25449177991550875,
            0.2610829721685552,
            0.26632576968147437,
            0.2713115198871344,
            0.2762125731963319,
            0.281167407074172,
            0.2901410085301456,
            0.30116853391157694,
            0.30605374303727734,
            0.31203195207189216,
            0.32247662044501774,
            0.3308847859175435,
            0.3329559832190184,
            0.33209351753453775,
            0.3496748024337366,
            0.3457575548025724,
            0.3552397868561279,
            0.35691341280605327,
            0.36305547487656115
        ],
        [
            0.22069209039548024,
            0.22119978764820386,
            0.23410431688360334,
            0.24101031524149233,
            0.2532158411830244,
            0.25916135385891254,
            0.2661698163428267,
            0.27297046459573077,
            0.2844950213371266,
            0.287836048586725,
            0.3049710277523635,
            0.3074085459575776,
            0.31324395439168023,
            0.32308089945722407,
            0.3251821019771072,
            0.3351431061063074,
            0.3477293274914806,
            0.35092644581695676,
            0.3643783704999271,
            0.3688675765400221,
            0.3717195747528065
        ]
    ],
    "n_logical_errors": 5000,
    "n_runs": 1000000,
    "per_list": [
        0.28,
        0.28500000000000003,
        0.29000000000000004,
        0.29500000000000004,
        0.30000000000000004,
        0.30500000000000005,
        0.31,
        0.315,
        0.32,
        0.325,
        0.33,
        0.335,
        0.34,
        0.34500000000000003,
        0.35000000000000003,
        0.355,
        0.36,
        0.365,
        0.37,
        0.375,
        0.38
    ]
}
