{
    "bias": 30,
    "code": "XZZX",
    "data": {
        "3": {
            "ler": [
                0.08021175904387583,
                0.09096201426284384,
                0.10307790628156761,
                0.117547489185631,
                0.13931845412243304,
                0.1578731331502005,
                0.17576545857208142,
                0.1987518384545057,
                0.2309788885295884,
                0.2598752598752599,
                0.27925160569673274,
                0.322393448965117,
                0.3559478892290169,
                0.39080819133969047,
                0.4329754069968826,
                0.46420945130442853
            ],
            "ler_eb": [
                0.00108792001026918,
                0.0012264958478984474,
                0.0013805684600376926,
                0.0015616151959471684,
                0.0018278682546199977,
                0.002048858602036481,
                0.002256700549947111,
                0.0025159944306249555,
                0.0028645500597833952,
                0.003161785440462244,
                0.0033527604019528536,
                0.0037530988595666395,
                0.004039819151362083,
                0.004313757062453049,
                0.00461083068505361,
                0.004805366323605841
            ],
            "ler_x": [
                0.07198203256597417,
                0.07906418279726386,
                0.08508050384480591,
                0.09255689298476584,
                0.10248265485246176,
                0.11250039468283288,
                0.11709494850072064,
                0.12505465675557498,
                0.13766341756363468,
                0.1444906444906445,
                0.1505724657916783,
                0.16139016055193758,
                0.1712109347191571,
                0.17859934344223855,
                0.1906823692414271,
                0.2001671154024696
            ],
            "ler_z": [
                0.008983717012914094,
                0.012825644011060981,
                0.01944049312470365,
                0.02795279292834305,
                0.04157262671013402,
                0.051719238420005684,
                0.06812669174253876,
                0.08566204237389195,
                0.10708181272231718,
                0.1331081081081081,
                0.1512985199664898,
                0.19253336772196789,
                0.22680999501672955,
                0.26207597311239644,
                0.300831312781434,
                0.3307956549995358
            ],
            "per": [
                0.25,
                0.26,
                0.27,
                0.28,
                0.29000000000000004,
                0.3,
                0.31,
                0.32,
                0.33,
                0.34,
                0.35000000000000003,
                0.36,
                0.37,
                0.38,
                0.39,
                0.4
            ],
            "ratio": 11.0
        }
    },
    "distance_array": [
        [
            3,
            33
        ],
        [
            5,
            55
        ],
        [
            7,
            77
        ],
        [
            9,
            99
        ]
    ],
    "ler_distances": [
        [
            0.08021175904387583,
            0.09096201426284384,
            0.10307790628156761,
            0.117547489185631,
            0.13931845412243304,
            0.1578731331502005,
            0.17576545857208142,
            0.1987518384545057,
            0.2309788885295884,
            0.2598752598752599,
            0.27925160569673274,
            0.322393448965117,
            0.3559478892290169,
            0.39080819133969047,
            0.4329754069968826,
            0.46420945130442853
        ]
    ],
    "n_logical_errors": 5000,
    "n_runs": 100000,
    "per_list": [
        0.25,
        0.26,
        0.27,
        0.28,
        0.29000000000000004,
        0.3,
        0.31,
        0.32,
        0.33,
        0.34,
        0.35000000000000003,
        0.36,
        0.37,
        0.38,
        0.39,
        0.4
    ]
}
