{
    "bias": 30,
    "code": "XZZX",
    "data": {
        "9": {
            "ler": [
                0.01337,
                0.01905,
                0.02812,
                0.04045,
                0.06115684283914527,
                0.08422754914677492,
                0.11530833448641668,
                0.16006146360202317,
                0.2089776811836496,
                0.2745291824520947,
                0.33783783783783783,
                0.4120313143798929,
                0.4818348270212971,
                0.5463883728554256,
                0.5889975262103899,
                0.6310740880979427
            ],
            "ler_eb": [
                0.0003631975096280259,
                0.0004322857561844942,
                0.0005227740008837471,
                0.0006230072030081194,
                0.0008380242339979804,
                0.0011398900135487192,
                0.0015338103535160864,
                0.0020745577799725183,
                0.002628507814149693,
                0.0033068423299668346,
                0.003887813888978044,
                0.004468094191784235,
                0.004905093557242855,
                0.005204254612935152,
                0.0053401159444311985,
                0.005420819242586563
            ],
            "ler_x": [
                0.01309,
                0.01833,
                0.02595,
                0.03556,
                0.05083356776789755,
                0.06480467631352863,
                0.07958581246252479,
                0.1029515333888213,
                0.12647329265234472,
                0.15148520287706582,
                0.18493243243243243,
                0.21400906468891637,
                0.24631396357328708,
                0.27089935526172004,
                0.29520556013664745,
                0.3284109554461694
            ],
            "ler_z": [
                0.00028,
                0.00073,
                0.00221,
                0.00512,
                0.010910380762503516,
                0.021006350757205666,
                0.03865135371984687,
                0.0642486714898521,
                0.09525202708350748,
                0.14429253829682095,
                0.1870945945945946,
                0.25414091470951794,
                0.31165076611737497,
                0.37864714238881,
                0.4221934267876075,
                0.451217972990029
            ],
            "per": [
                0.25,
                0.26,
                0.27,
                0.28,
                0.29000000000000004,
                0.3,
                0.31,
                0.32,
                0.33,
                0.34,
                0.35000000000000003,
                0.36,
                0.37,
                0.38,
                0.39,
                0.4
            ],
            "ratio": 11.0
        }
    },
    "distance_array": [
        [
            3,
            33
        ],
        [
            5,
            55
        ],
        [
            7,
            77
        ],
        [
            9,
            99
        ]
    ],
    "ler_distances": [
        [
            0.08021175904387583,
            0.09096201426284384,
            0.10307790628156761,
            0.117547489185631,
            0.13931845412243304,
            0.1578731331502005,
            0.17576545857208142,
            0.1987518384545057,
            0.2309788885295884,
            0.2598752598752599,
            0.27925160569673274,
            0.322393448965117,
            0.3559478892290169,
            0.39080819133969047,
            0.4329754069968826,
            0.46420945130442853
        ],
        [
            0.04639672210171126,
            0.05655404870434674,
            0.06924440505207179,
            0.08435686327439601,
            0.10607828577490187,
            0.13026260942059192,
            0.15680863074703633,
            0.18828845791752966,
            0.22255853289415117,
            0.2695272492048946,
            0.30523167083816616,
            0.3682156270712129,
            0.40863027133050017,
            0.46214992143451333,
            0.5105166428425567,
            0.5450779461462989
        ],
        [
            0.02605,
            0.03306,
            0.04481705791080635,
            0.05921644796058553,
            0.08123740820172873,
            0.10608503776627344,
            0.13532165958483314,
            0.17538321231891682,
            0.2169385629989587,
            0.2757555702625193,
            0.325055259394097,
            0.39001560062402496,
            0.44483985765124556,
            0.5037275841225065,
            0.55666889334224,
            0.6003121623244086
        ],
        [
            0.01337,
            0.01905,
            0.02812,
            0.04045,
            0.06115684283914527,
            0.08422754914677492,
            0.11530833448641668,
            0.16006146360202317,
            0.2089776811836496,
            0.2745291824520947,
            0.33783783783783783,
            0.4120313143798929,
            0.4818348270212971,
            0.5463883728554256,
            0.5889975262103899,
            0.6310740880979427
        ]
    ],
    "n_logical_errors": 5000,
    "n_runs": 100000,
    "per_list": [
        0.25,
        0.26,
        0.27,
        0.28,
        0.29000000000000004,
        0.3,
        0.31,
        0.32,
        0.33,
        0.34,
        0.35000000000000003,
        0.36,
        0.37,
        0.38,
        0.39,
        0.4
    ]
}
