{
    "bias": 30,
    "code": "XZZX",
    "data": {
        "5": {
            "ler": [
                0.04639672210171126,
                0.05655404870434674,
                0.06924440505207179,
                0.08435686327439601,
                0.10607828577490187,
                0.13026260942059192,
                0.15680863074703633,
                0.18828845791752966,
                0.22255853289415117,
                0.2695272492048946,
                0.30523167083816616,
                0.3682156270712129,
                0.40863027133050017,
                0.46214992143451333,
                0.5105166428425567,
                0.5450779461462989
            ],
            "ler_eb": [
                0.00066657677659776,
                0.0007768500748036775,
                0.0009447513338603648,
                0.0011415594738517782,
                0.0014183755431229686,
                0.001718022479566616,
                0.0020363294240797925,
                0.0023990514234485533,
                0.0027751924048469746,
                0.003257764501584453,
                0.0035980284940993206,
                0.0041390593481473005,
                0.004444010524578896,
                0.004793232546710233,
                0.005051191892691277,
                0.0051992668055923395
            ],
            "ler_x": [
                0.043705310516590344,
                0.051498116750178145,
                0.06053345889652116,
                0.07057295181535969,
                0.08214702450408401,
                0.09420591913297208,
                0.1061594430157436,
                0.12005272076821691,
                0.13682898602332413,
                0.1529836666486982,
                0.1636652219034247,
                0.18793725605714706,
                0.19957502451781628,
                0.221277382382845,
                0.23279558913620585,
                0.25138994876267307
            ],
            "ler_z": [
                0.002842050293243352,
                0.005372634626912941,
                0.009334145801019277,
                0.01498177891753273,
                0.026158905272090804,
                0.039573780741975824,
                0.058050555102552845,
                0.07847862926002636,
                0.10104157393394463,
                0.13907606058972563,
                0.16879311397350588,
                0.22453788938802563,
                0.2635665250081726,
                0.30899343747111563,
                0.35879109658974884,
                0.389839747083833
            ],
            "per": [
                0.25,
                0.26,
                0.27,
                0.28,
                0.29000000000000004,
                0.3,
                0.31,
                0.32,
                0.33,
                0.34,
                0.35000000000000003,
                0.36,
                0.37,
                0.38,
                0.39,
                0.4
            ],
            "ratio": 11.0
        }
    },
    "distance_array": [
        [
            3,
            33
        ],
        [
            5,
            55
        ],
        [
            7,
            77
        ],
        [
            9,
            99
        ]
    ],
    "ler_distances": [
        [
            0.08021175904387583,
            0.09096201426284384,
            0.10307790628156761,
            0.117547489185631,
            0.13931845412243304,
            0.1578731331502005,
            0.17576545857208142,
            0.1987518384545057,
            0.2309788885295884,
            0.2598752598752599,
            0.27925160569673274,
            0.322393448965117,
            0.3559478892290169,
            0.39080819133969047,
            0.4329754069968826,
            0.46420945130442853
        ],
        [
            0.04639672210171126,
            0.05655404870434674,
            0.06924440505207179,
            0.08435686327439601,
            0.10607828577490187,
            0.13026260942059192,
            0.15680863074703633,
            0.18828845791752966,
            0.22255853289415117,
            0.2695272492048946,
            0.30523167083816616,
            0.3682156270712129,
            0.40863027133050017,
            0.46214992143451333,
            0.5105166428425567,
            0.5450779461462989
        ]
    ],
    "n_logical_errors": 5000,
    "n_runs": 100000,
    "per_list": [
        0.25,
        0.26,
        0.27,
        0.28,
        0.29000000000000004,
        0.3,
        0.31,
        0.32,
        0.33,
        0.34,
        0.35000000000000003,
        0.36,
        0.37,
        0.38,
        0.39,
        0.4
    ]
}
