{
    "bias": 30,
    "code": "XZZX",
    "data": {
        "7": {
            "ler": [
                0.02605,
                0.03306,
                0.04481705791080635,
                0.05921644796058553,
                0.08123740820172873,
                0.10608503776627344,
                0.13532165958483314,
                0.17538321231891682,
                0.2169385629989587,
                0.2757555702625193,
                0.325055259394097,
                0.39001560062402496,
                0.44483985765124556,
                0.5037275841225065,
                0.55666889334224,
                0.6003121623244086
            ],
            "ler_eb": [
                0.0005037002829064125,
                0.0005653939900635662,
                0.0006546257357504821,
                0.0008122733579867602,
                0.001101216497896189,
                0.0014184604671712974,
                0.0017795475761233465,
                0.002252314870443015,
                0.0027148739816024005,
                0.0033188060538348885,
                0.00377664622017551,
                0.004307808024520558,
                0.004687354825235342,
                0.005018463844536189,
                0.005241746983308696,
                0.005367259663781078
            ],
            "ler_x": [
                0.02504,
                0.0312,
                0.04046248560989039,
                0.05058268984793216,
                0.06498992656138299,
                0.07928795722651277,
                0.0935884597688706,
                0.11101757339787435,
                0.13428497049635543,
                0.15183101698654314,
                0.17637498374723704,
                0.20171606864274572,
                0.21823843416370106,
                0.2465242796695547,
                0.2719884212870185,
                0.29967583143234483
            ],
            "ler_z": [
                0.00102,
                0.00197,
                0.004524750988537965,
                0.009214079302667108,
                0.01753103268993306,
                0.02908851735551218,
                0.04571165660775664,
                0.07257357325756779,
                0.09614717112113849,
                0.14532318552834766,
                0.180340657911845,
                0.23510140405616226,
                0.2919039145907473,
                0.34434817650614546,
                0.3872188822088622,
                0.43006363308920637
            ],
            "per": [
                0.25,
                0.26,
                0.27,
                0.28,
                0.29000000000000004,
                0.3,
                0.31,
                0.32,
                0.33,
                0.34,
                0.35000000000000003,
                0.36,
                0.37,
                0.38,
                0.39,
                0.4
            ],
            "ratio": 11.0
        }
    },
    "distance_array": [
        [
            3,
            33
        ],
        [
            5,
            55
        ],
        [
            7,
            77
        ],
        [
            9,
            99
        ]
    ],
    "ler_distances": [
        [
            0.08021175904387583,
            0.09096201426284384,
            0.10307790628156761,
            0.117547489185631,
            0.13931845412243304,
            0.1578731331502005,
            0.17576545857208142,
            0.1987518384545057,
            0.2309788885295884,
            0.2598752598752599,
            0.27925160569673274,
            0.322393448965117,
            0.3559478892290169,
            0.39080819133969047,
            0.4329754069968826,
            0.46420945130442853
        ],
        [
            0.04639672210171126,
            0.05655404870434674,
            0.06924440505207179,
            0.08435686327439601,
            0.10607828577490187,
            0.13026260942059192,
            0.15680863074703633,
            0.18828845791752966,
            0.22255853289415117,
            0.2695272492048946,
            0.30523167083816616,
            0.3682156270712129,
            0.40863027133050017,
            0.46214992143451333,
            0.5105166428425567,
            0.5450779461462989
        ],
        [
            0.02605,
            0.03306,
            0.04481705791080635,
            0.05921644796058553,
            0.08123740820172873,
            0.10608503776627344,
            0.13532165958483314,
            0.17538321231891682,
            0.2169385629989587,
            0.2757555702625193,
            0.325055259394097,
            0.39001560062402496,
            0.44483985765124556,
            0.5037275841225065,
            0.55666889334224,
            0.6003121623244086
        ]
    ],
    "n_logical_errors": 5000,
    "n_runs": 100000,
    "per_list": [
        0.25,
        0.26,
        0.27,
        0.28,
        0.29000000000000004,
        0.3,
        0.31,
        0.32,
        0.33,
        0.34,
        0.35000000000000003,
        0.36,
        0.37,
        0.38,
        0.39,
        0.4
    ]
}
