{
    "bias": 30000,
    "code": "ColourCode",
    "data": {
        "5": {
            "ler": [
                0.34865072170699396,
                0.3539572419651706,
                0.3543586109142452,
                0.36743092298647856,
                0.38135916406071235,
                0.38367096378146104,
                0.3867275117951891,
                0.405449237755433,
                0.40886417532095837,
                0.4217985490129914,
                0.4254232961796988,
                0.4249171411574743,
                0.4327131112072696,
                0.45138575426559535,
                0.45599635202918376,
                0.4655493482309125,
                0.46882325363338023,
                0.4785604900459418,
                0.48211358596085235,
                0.4950985246063967,
                0.5011526510975243
            ],
            "ler_eb": [
                0.0039793536258144,
                0.004023429830275297,
                0.00402674075281407,
                0.004132802774837461,
                0.004241978634515932,
                0.004259712076125642,
                0.004282987509982401,
                0.0044212589933774,
                0.0044456748619682036,
                0.004535860275028463,
                0.004560477031739515,
                0.004557056993974927,
                0.004609103127473716,
                0.004728205967412851,
                0.004756387971540954,
                0.0048132068524176915,
                0.004832186298600045,
                0.004887129033372585,
                0.004906610986746339,
                0.0049751931957741444,
                0.005005746636430719
            ],
            "ler_x": [
                0.00013946028868279758,
                0.00014158289678606824,
                7.087172218284904e-05,
                0.00029394473838918284,
                7.627183281214248e-05,
                0.0,
                0.00015469100471807563,
                8.10898475510866e-05,
                0.0,
                8.435970980259827e-05,
                8.508465923593976e-05,
                0.0003399337129259794,
                0.0,
                0.0,
                0.0,
                0.0,
                0.00028129395218002813,
                9.571209800918837e-05,
                9.642271719217047e-05,
                0.0,
                0.0
            ],
            "ler_z": [
                0.34858099156265254,
                0.3538156590683845,
                0.35428773919206236,
                0.3671369782480894,
                0.38135916406071235,
                0.38367096378146104,
                0.38665016629283006,
                0.40536814790788195,
                0.40886417532095837,
                0.4217141893031888,
                0.42533821152046286,
                0.4247471743010113,
                0.4327131112072696,
                0.45138575426559535,
                0.45599635202918376,
                0.4655493482309125,
                0.46863572433192685,
                0.47846477794793263,
                0.48211358596085235,
                0.4950985246063967,
                0.5011526510975243
            ],
            "per": [
                0.38,
                0.386,
                0.392,
                0.398,
                0.404,
                0.41000000000000003,
                0.41600000000000004,
                0.422,
                0.428,
                0.434,
                0.44,
                0.446,
                0.452,
                0.458,
                0.464,
                0.47,
                0.476,
                0.482,
                0.488,
                0.494,
                0.5
            ],
            "ratio": null
        }
    },
    "distance_array": [
        3,
        5,
        7,
        9,
        11,
        13,
        17,
        21
    ],
    "ler_distances": [
        [
            0.36103689797097266,
            0.37647767487387995,
            0.3793051130329237,
            0.38426068244697204,
            0.3968568934042384,
            0.40205853972338373,
            0.410913872452334,
            0.4142845306156268,
            0.41635440086601716,
            0.42578557438473985,
            0.43500957021054465,
            0.44064510443288973,
            0.45578851412944393,
            0.449438202247191,
            0.46287724495463806,
            0.46485682409817775,
            0.471120324130783,
            0.48141729250914694,
            0.4846839860411012,
            0.49038838760298153,
            0.5011526510975243
        ],
        [
            0.34865072170699396,
            0.3539572419651706,
            0.3543586109142452,
            0.36743092298647856,
            0.38135916406071235,
            0.38367096378146104,
            0.3867275117951891,
            0.405449237755433,
            0.40886417532095837,
            0.4217985490129914,
            0.4254232961796988,
            0.4249171411574743,
            0.4327131112072696,
            0.45138575426559535,
            0.45599635202918376,
            0.4655493482309125,
            0.46882325363338023,
            0.4785604900459418,
            0.48211358596085235,
            0.4950985246063967,
            0.5011526510975243
        ]
    ],
    "n_logical_errors": 5000,
    "n_runs": 1000000,
    "per_list": [
        0.38,
        0.386,
        0.392,
        0.398,
        0.404,
        0.41000000000000003,
        0.41600000000000004,
        0.422,
        0.428,
        0.434,
        0.44,
        0.446,
        0.452,
        0.458,
        0.464,
        0.47,
        0.476,
        0.482,
        0.488,
        0.494,
        0.5
    ]
}
