{
    "bias": 30000,
    "data": {
        "21": {
            "ler": [
                0.2691790040376851,
                0.2994908655286014,
                0.2978850163836759,
                0.3252032520325203,
                0.33277870216306155,
                0.36764705882352944,
                0.36954915003695493,
                0.3980891719745223,
                0.4158004158004158,
                0.4420866489832007,
                0.4428697962798937,
                0.4679457182966776,
                0.49382716049382713,
                0.5027652086475616,
                0.5037783375314862,
                0.5230125523012552,
                0.5614823133071308,
                0.5583472920156337,
                0.5711022272986864,
                0.5934718100890207,
                0.6172839506172839
            ],
            "ler_eb": [
                0.007276904741524245,
                0.007926664599830513,
                0.007893194041884046,
                0.00844775617295631,
                0.008595882571785755,
                0.009245084126210664,
                0.009278928431644776,
                0.009766668406167767,
                0.010049987950481851,
                0.010442170415053267,
                0.010453324063581628,
                0.010793777194422177,
                0.011110264324453546,
                0.011211041781593054,
                0.011222183055301644,
                0.011422616266084975,
                0.01175789662974451,
                0.011733967012983158,
                0.011827439885740643,
                0.011965901621418302,
                0.012076006077955424
            ],
            "ler_x": [
                0.04791386271870794,
                0.053009883198562445,
                0.04974679773607388,
                0.06666666666666667,
                0.06589018302828618,
                0.07683823529411765,
                0.08758314855875832,
                0.08718152866242038,
                0.10602910602910603,
                0.11494252873563218,
                0.10318866253321524,
                0.12260177819372953,
                0.13135802469135802,
                0.15233785822021115,
                0.145088161209068,
                0.15115062761506276,
                0.16900617630544637,
                0.1708542713567839,
                0.1810394060536836,
                0.1910979228486647,
                0.21172839506172839
            ],
            "ler_z": [
                0.23310901749663526,
                0.2590595986822402,
                0.2609472743521001,
                0.2780487804878049,
                0.2868552412645591,
                0.3139705882352941,
                0.3122690317812269,
                0.34355095541401276,
                0.34802494802494804,
                0.3709106984969054,
                0.3777679362267493,
                0.39120262049602245,
                0.41432098765432096,
                0.40774258421317244,
                0.4171284634760705,
                0.4382845188284519,
                0.4649073554183043,
                0.46119486320491343,
                0.47915476870359797,
                0.5002967359050445,
                0.5222222222222223
            ],
            "per": [
                0.38,
                0.386,
                0.392,
                0.398,
                0.404,
                0.41000000000000003,
                0.41600000000000004,
                0.422,
                0.428,
                0.434,
                0.44,
                0.446,
                0.452,
                0.458,
                0.464,
                0.47,
                0.476,
                0.482,
                0.488,
                0.494,
                0.5
            ]
        }
    },
    "distance_array": [
        5,
        9,
        13,
        17,
        21
    ],
    "ler_distances": [
        [
            0.3429355281207133,
            0.3508771929824561,
            0.37271710771524413,
            0.3658982802780827,
            0.37509377344336087,
            0.38402457757296465,
            0.4037141703673799,
            0.3980891719745223,
            0.4046944556859571,
            0.4317789291882556,
            0.40766408479412963,
            0.4244482173174873,
            0.4522840343735866,
            0.45641259698767683,
            0.4537205081669691,
            0.47326076668244205,
            0.49627791563275436,
            0.4633920296570899,
            0.5017561465127948,
            0.5216484089723527,
            0.49652432969215493
        ],
        [
            0.31347962382445144,
            0.333000333000333,
            0.3318951211417192,
            0.33579583613163194,
            0.3354579000335458,
            0.37271710771524413,
            0.36764705882352944,
            0.38684719535783363,
            0.4037141703673799,
            0.4168403501458941,
            0.41186161449752884,
            0.42211903756859437,
            0.4257130693912303,
            0.45146726862302483,
            0.4662004662004662,
            0.45977011494252873,
            0.48828125,
            0.5012531328320802,
            0.48496605237633367,
            0.5058168942842691,
            0.5197505197505198
        ],
        [
            0.2937720329024677,
            0.3151591553734636,
            0.31806615776081426,
            0.3436426116838488,
            0.33932813030200204,
            0.35174111853675694,
            0.37133308577794283,
            0.4051863857374392,
            0.3993610223642173,
            0.437636761487965,
            0.4235493434985176,
            0.4409171075837742,
            0.44583147570218457,
            0.4631773969430292,
            0.47326076668244205,
            0.4916420845624385,
            0.5227391531625719,
            0.5181347150259067,
            0.5060728744939271,
            0.5422993492407809,
            0.5546311702717692
        ],
        [
            0.26504108136761195,
            0.28935185185185186,
            0.30413625304136255,
            0.3244646333549643,
            0.333000333000333,
            0.35385704175513094,
            0.37411148522259635,
            0.40064102564102566,
            0.4208754208754209,
            0.43649061545176776,
            0.4361098996947231,
            0.4518752824220515,
            0.46882325363338023,
            0.481000481000481,
            0.5070993914807302,
            0.5257623554153522,
            0.5367686527106817,
            0.5506607929515418,
            0.552791597567717,
            0.574052812858783,
            0.5793742757821553
        ],
        [
            0.2691790040376851,
            0.2994908655286014,
            0.2978850163836759,
            0.3252032520325203,
            0.33277870216306155,
            0.36764705882352944,
            0.36954915003695493,
            0.3980891719745223,
            0.4158004158004158,
            0.4420866489832007,
            0.4428697962798937,
            0.4679457182966776,
            0.49382716049382713,
            0.5027652086475616,
            0.5037783375314862,
            0.5230125523012552,
            0.5614823133071308,
            0.5583472920156337,
            0.5711022272986864,
            0.5934718100890207,
            0.6172839506172839
        ]
    ],
    "n_logical_errors": 1000,
    "n_runs": 1000000,
    "per_list": [
        0.38,
        0.386,
        0.392,
        0.398,
        0.404,
        0.41000000000000003,
        0.41600000000000004,
        0.422,
        0.428,
        0.434,
        0.44,
        0.446,
        0.452,
        0.458,
        0.464,
        0.47,
        0.476,
        0.482,
        0.488,
        0.494,
        0.5
    ]
}
