{
    "bias": 30000,
    "code": "ColourCode",
    "data": {
        "3": {
            "ler": [
                0.36103689797097266,
                0.37647767487387995,
                0.3793051130329237,
                0.38426068244697204,
                0.3968568934042384,
                0.40205853972338373,
                0.410913872452334,
                0.4142845306156268,
                0.41635440086601716,
                0.42578557438473985,
                0.43500957021054465,
                0.44064510443288973,
                0.45578851412944393,
                0.449438202247191,
                0.46287724495463806,
                0.46485682409817775,
                0.471120324130783,
                0.48141729250914694,
                0.4846839860411012,
                0.49038838760298153,
                0.5011526510975243
            ],
            "ler_eb": [
                0.004081355987427841,
                0.00420416961839257,
                0.004226129285130603,
                0.004264217916562103,
                0.004358721397764857,
                0.004396768733310533,
                0.004460208889334936,
                0.004483911807936452,
                0.004498345045423075,
                0.004562921430674483,
                0.004624175997644714,
                0.0046606626526008235,
                0.004755128158402948,
                0.004716154447614409,
                0.0047975289597257985,
                0.004809159759149534,
                0.004845351377838211,
                0.004902817180837417,
                0.004920514184582311,
                0.004950793740498403,
                0.005005746636430719
            ],
            "ler_x": [
                0.36103689797097266,
                0.37647767487387995,
                0.3793051130329237,
                0.38426068244697204,
                0.3968568934042384,
                0.40205853972338373,
                0.410913872452334,
                0.4142845306156268,
                0.41635440086601716,
                0.4257004172698629,
                0.43500957021054465,
                0.44064510443288973,
                0.45578851412944393,
                0.449438202247191,
                0.46287724495463806,
                0.46485682409817775,
                0.471120324130783,
                0.48141729250914694,
                0.4846839860411012,
                0.49038838760298153,
                0.5011526510975243
            ],
            "ler_z": [
                0.0,
                0.0,
                7.586102260658473e-05,
                0.0,
                0.0,
                0.0,
                0.0,
                0.0,
                8.327088017320343e-05,
                8.515711487694797e-05,
                8.700191404210893e-05,
                8.812902088657794e-05,
                9.115770282588879e-05,
                0.0,
                9.257544899092761e-05,
                0.0,
                9.422406482615661e-05,
                0.0,
                9.693679720822024e-05,
                0.0,
                0.00010023053021950487
            ],
            "per": [
                0.38,
                0.386,
                0.392,
                0.398,
                0.404,
                0.41000000000000003,
                0.41600000000000004,
                0.422,
                0.428,
                0.434,
                0.44,
                0.446,
                0.452,
                0.458,
                0.464,
                0.47,
                0.476,
                0.482,
                0.488,
                0.494,
                0.5
            ],
            "ratio": null
        }
    },
    "distance_array": [
        3,
        5,
        7,
        9,
        11,
        13,
        17,
        21
    ],
    "ler_distances": [
        [
            0.36103689797097266,
            0.37647767487387995,
            0.3793051130329237,
            0.38426068244697204,
            0.3968568934042384,
            0.40205853972338373,
            0.410913872452334,
            0.4142845306156268,
            0.41635440086601716,
            0.42578557438473985,
            0.43500957021054465,
            0.44064510443288973,
            0.45578851412944393,
            0.449438202247191,
            0.46287724495463806,
            0.46485682409817775,
            0.471120324130783,
            0.48141729250914694,
            0.4846839860411012,
            0.49038838760298153,
            0.5011526510975243
        ]
    ],
    "n_logical_errors": 5000,
    "n_runs": 1000000,
    "per_list": [
        0.38,
        0.386,
        0.392,
        0.398,
        0.404,
        0.41000000000000003,
        0.41600000000000004,
        0.422,
        0.428,
        0.434,
        0.44,
        0.446,
        0.452,
        0.458,
        0.464,
        0.47,
        0.476,
        0.482,
        0.488,
        0.494,
        0.5
    ]
}
