{
    "bias": 30000,
    "code": "ColourCode",
    "data": {
        "11": {
            "ler": [
                0.2933067401888895,
                0.29770765108663294,
                0.3105782967886204,
                0.32379225488926305,
                0.3293373732051113,
                0.349870547897278,
                0.3587057895114427,
                0.37246722288438616,
                0.3813300793166565,
                0.40980247520695023,
                0.40796344647519583,
                0.4231908590774439,
                0.4337642057777392,
                0.449842555105713,
                0.4592633416000735,
                0.4780114722753346,
                0.4828118964851294,
                0.49711672300656196,
                0.5133997330321388,
                0.5301664722722935,
                0.5385609651012495
            ],
            "ler_eb": [
                0.003487004562406968,
                0.0035282874710239713,
                0.0036469396556918663,
                0.003765490224070894,
                0.0038142404531164176,
                0.003989535219549313,
                0.004062394014752987,
                0.0041727394331928565,
                0.004241754822996892,
                0.00445233944026847,
                0.00443925927520274,
                0.004545350136173181,
                0.004616016672563035,
                0.004718663766284069,
                0.004776059028344872,
                0.004884091558192283,
                0.004910403986781454,
                0.004985479878166934,
                0.005064735943268431,
                0.005139244264859876,
                0.005173769015127522
            ],
            "ler_x": [
                0.2798732914882384,
                0.2839535576064305,
                0.29542207590533576,
                0.3070198160859992,
                0.31425372151231723,
                0.33041774543418934,
                0.3399813472989454,
                0.3533969010727056,
                0.35928920073215376,
                0.38611589213998854,
                0.3857702349869452,
                0.40025391451544645,
                0.4095601630953414,
                0.4242914979757085,
                0.43528979516854965,
                0.44330783938814533,
                0.45123599845500195,
                0.4678862596937761,
                0.4825957490502105,
                0.49772028416922914,
                0.5035545023696683
            ],
            "ler_z": [
                0.019182260808353377,
                0.018934206609109855,
                0.02205105907199205,
                0.023507317704960496,
                0.02213147147938348,
                0.028129592050941152,
                0.028481239687208552,
                0.03046781883194279,
                0.0348535692495424,
                0.03852143266945332,
                0.03639033942558747,
                0.040118493440541685,
                0.04476446603626269,
                0.044084570400359874,
                0.0443648387985671,
                0.05611854684512428,
                0.05870992661259174,
                0.05905746669317956,
                0.0621213676968888,
                0.06605874244512777,
                0.06893580353295993
            ],
            "per": [
                0.38,
                0.386,
                0.392,
                0.398,
                0.404,
                0.41000000000000003,
                0.41600000000000004,
                0.422,
                0.428,
                0.434,
                0.44,
                0.446,
                0.452,
                0.458,
                0.464,
                0.47,
                0.476,
                0.482,
                0.488,
                0.494,
                0.5
            ],
            "ratio": null
        }
    },
    "distance_array": [
        3,
        5,
        7,
        9,
        11,
        13,
        17,
        21
    ],
    "ler_distances": [
        [
            0.36103689797097266,
            0.37647767487387995,
            0.3793051130329237,
            0.38426068244697204,
            0.3968568934042384,
            0.40205853972338373,
            0.410913872452334,
            0.4142845306156268,
            0.41635440086601716,
            0.42578557438473985,
            0.43500957021054465,
            0.44064510443288973,
            0.45578851412944393,
            0.449438202247191,
            0.46287724495463806,
            0.46485682409817775,
            0.471120324130783,
            0.48141729250914694,
            0.4846839860411012,
            0.49038838760298153,
            0.5011526510975243
        ],
        [
            0.34865072170699396,
            0.3539572419651706,
            0.3543586109142452,
            0.36743092298647856,
            0.38135916406071235,
            0.38367096378146104,
            0.3867275117951891,
            0.405449237755433,
            0.40886417532095837,
            0.4217985490129914,
            0.4254232961796988,
            0.4249171411574743,
            0.4327131112072696,
            0.45138575426559535,
            0.45599635202918376,
            0.4655493482309125,
            0.46882325363338023,
            0.4785604900459418,
            0.48211358596085235,
            0.4950985246063967,
            0.5011526510975243
        ],
        [
            0.31641564358941904,
            0.32055391716886783,
            0.33156498673740054,
            0.33331111259249385,
            0.3414367659109533,
            0.3561253561253561,
            0.36911265318175107,
            0.37133308577794283,
            0.38434929664078715,
            0.39032006245121,
            0.40121970791205264,
            0.40986966144765963,
            0.42452029206996095,
            0.43584379358437936,
            0.44634886627387965,
            0.45024763619990993,
            0.4575821359934108,
            0.4626630887387804,
            0.4853897679836909,
            0.4915937469275391,
            0.504999495000505
        ],
        [
            0.30656039239730226,
            0.3175813008130081,
            0.3306440946964687,
            0.33417992247025796,
            0.3519144144144144,
            0.35976399481939847,
            0.3787018101946527,
            0.38645849435770596,
            0.39786743057213336,
            0.40163868583821993,
            0.41967433271781096,
            0.43440486533449174,
            0.4413452202312649,
            0.4491152429713465,
            0.46159527326440175,
            0.47573739295908657,
            0.484402247626429,
            0.48704461328657705,
            0.5057145746940427,
            0.507562683991473,
            0.5282062117050497
        ],
        [
            0.2933067401888895,
            0.29770765108663294,
            0.3105782967886204,
            0.32379225488926305,
            0.3293373732051113,
            0.349870547897278,
            0.3587057895114427,
            0.37246722288438616,
            0.3813300793166565,
            0.40980247520695023,
            0.40796344647519583,
            0.4231908590774439,
            0.4337642057777392,
            0.449842555105713,
            0.4592633416000735,
            0.4780114722753346,
            0.4828118964851294,
            0.49711672300656196,
            0.5133997330321388,
            0.5301664722722935,
            0.5385609651012495
        ]
    ],
    "n_logical_errors": 5000,
    "n_runs": 1000000,
    "per_list": [
        0.38,
        0.386,
        0.392,
        0.398,
        0.404,
        0.41000000000000003,
        0.41600000000000004,
        0.422,
        0.428,
        0.434,
        0.44,
        0.446,
        0.452,
        0.458,
        0.464,
        0.47,
        0.476,
        0.482,
        0.488,
        0.494,
        0.5
    ]
}
