{
    "bias": 30000,
    "data": {
        "9": {
            "ler": [
                0.31347962382445144,
                0.333000333000333,
                0.3318951211417192,
                0.33579583613163194,
                0.3354579000335458,
                0.37271710771524413,
                0.36764705882352944,
                0.38684719535783363,
                0.4037141703673799,
                0.4168403501458941,
                0.41186161449752884,
                0.42211903756859437,
                0.4257130693912303,
                0.45146726862302483,
                0.4662004662004662,
                0.45977011494252873,
                0.48828125,
                0.5012531328320802,
                0.48496605237633367,
                0.5058168942842691,
                0.5197505197505198
            ],
            "ler_eb": [
                0.008213646975417262,
                0.008600178719073233,
                0.008578733763503732,
                0.00865418357834831,
                0.008647673293106674,
                0.009334929641777248,
                0.009245084126210664,
                0.009579080260998877,
                0.009858282014025024,
                0.010066152029881113,
                0.009988288549860738,
                0.010147384878770758,
                0.010201909101482517,
                0.01057371360527423,
                0.010771143169682014,
                0.01068636592634956,
                0.011045508466097325,
                0.011194306413048808,
                0.01100599387924838,
                0.011244425668728832,
                0.01139012221531558
            ],
            "ler_x": [
                0.01567398119122257,
                0.011988011988011988,
                0.014271490209093926,
                0.01511081262592344,
                0.014760147601476014,
                0.016399552739470743,
                0.021323529411764706,
                0.019729206963249517,
                0.021396851029471135,
                0.02209253855773239,
                0.018533772652388796,
                0.025749261291684256,
                0.023414218816517667,
                0.026636568848758466,
                0.03822843822843823,
                0.03218390804597701,
                0.03662109375,
                0.0380952380952381,
                0.041707080504364696,
                0.03995953464845726,
                0.04521829521829522
            ],
            "ler_z": [
                0.30250783699059564,
                0.32667332667332666,
                0.3232658479920345,
                0.3267293485560779,
                0.3260650788326065,
                0.36116287737607156,
                0.35551470588235295,
                0.37408123791102516,
                0.39079531691562375,
                0.4022509378907878,
                0.40238879736408567,
                0.40565639510341917,
                0.41336739037888465,
                0.4347629796839729,
                0.4433566433566434,
                0.44459770114942526,
                0.46826171875,
                0.4807017543859649,
                0.4631425800193986,
                0.48356095093576124,
                0.4984407484407484
            ],
            "per": [
                0.38,
                0.386,
                0.392,
                0.398,
                0.404,
                0.41000000000000003,
                0.41600000000000004,
                0.422,
                0.428,
                0.434,
                0.44,
                0.446,
                0.452,
                0.458,
                0.464,
                0.47,
                0.476,
                0.482,
                0.488,
                0.494,
                0.5
            ]
        }
    },
    "distance_array": [
        5,
        9,
        13,
        17,
        21
    ],
    "ler_distances": [
        [
            0.3429355281207133,
            0.3508771929824561,
            0.37271710771524413,
            0.3658982802780827,
            0.37509377344336087,
            0.38402457757296465,
            0.4037141703673799,
            0.3980891719745223,
            0.4046944556859571,
            0.4317789291882556,
            0.40766408479412963,
            0.4244482173174873,
            0.4522840343735866,
            0.45641259698767683,
            0.4537205081669691,
            0.47326076668244205,
            0.49627791563275436,
            0.4633920296570899,
            0.5017561465127948,
            0.5216484089723527,
            0.49652432969215493
        ],
        [
            0.31347962382445144,
            0.333000333000333,
            0.3318951211417192,
            0.33579583613163194,
            0.3354579000335458,
            0.37271710771524413,
            0.36764705882352944,
            0.38684719535783363,
            0.4037141703673799,
            0.4168403501458941,
            0.41186161449752884,
            0.42211903756859437,
            0.4257130693912303,
            0.45146726862302483,
            0.4662004662004662,
            0.45977011494252873,
            0.48828125,
            0.5012531328320802,
            0.48496605237633367,
            0.5058168942842691,
            0.5197505197505198
        ]
    ],
    "n_logical_errors": 1000,
    "n_runs": 1000000,
    "per_list": [
        0.38,
        0.386,
        0.392,
        0.398,
        0.404,
        0.41000000000000003,
        0.41600000000000004,
        0.422,
        0.428,
        0.434,
        0.44,
        0.446,
        0.452,
        0.458,
        0.464,
        0.47,
        0.476,
        0.482,
        0.488,
        0.494,
        0.5
    ]
}
