{
    "bias": 30000,
    "code": "ColourCode",
    "data": {
        "21": {
            "ler": [
                0.2691355366562601,
                0.28858363153641925,
                0.30262680062946373,
                0.3232897969740075,
                0.33834077683042363,
                0.36210892236384706,
                0.38299502106472616,
                0.3931744908390344,
                0.4155930512841825,
                0.4287796929937398,
                0.44499822000711997,
                0.4619364375461936,
                0.4846839860411012,
                0.4981568197668626,
                0.5104645227156712,
                0.5171165580721895,
                0.5466273095003826,
                0.5675368898978433,
                0.5828185103158876,
                0.5921364282330649,
                0.5898313082458417
            ],
            "ler_eb": [
                0.0032539019825456616,
                0.0034422992225781896,
                0.0035740038077970533,
                0.003761043518461817,
                0.0038921227202477495,
                0.004090039361744043,
                0.004254538522495614,
                0.00433143942673453,
                0.004493046993213564,
                0.004583012333279128,
                0.0046883546848451125,
                0.004791969111056516,
                0.004920514184582311,
                0.0049907416792875706,
                0.005050945092368235,
                0.005081882259313392,
                0.005205159011337368,
                0.005278173080460847,
                0.005323666601226869,
                0.005348034948075128,
                0.0053422483398273815
            ],
            "ler_x": [
                0.04693723759285176,
                0.05327253838162299,
                0.05780171892022758,
                0.060196560196560195,
                0.06929219109487075,
                0.07444959443800696,
                0.0826503255457679,
                0.0915310214673272,
                0.09749812983126922,
                0.10067747191493011,
                0.11071555713777145,
                0.11788617886178862,
                0.13096161302830556,
                0.1370927567998406,
                0.14139867279224094,
                0.1493432619712483,
                0.16103640537881272,
                0.170261066969353,
                0.182538757430936,
                0.1952865940312648,
                0.19216704022649522
            ],
            "ler_z": [
                0.23183335127570245,
                0.24962484127900267,
                0.25916959205907275,
                0.2803569119358593,
                0.28901069156854786,
                0.3107618771726535,
                0.32860972807353506,
                0.33317606353699775,
                0.3515086027761616,
                0.3636051796586914,
                0.375311498754005,
                0.3875646711012565,
                0.4050988755331524,
                0.4164591013250971,
                0.4294027565084227,
                0.4334470989761092,
                0.4573084071280201,
                0.4774120317820658,
                0.48688658351789255,
                0.49123638086215066,
                0.49274507490857616
            ],
            "per": [
                0.38,
                0.386,
                0.392,
                0.398,
                0.404,
                0.41000000000000003,
                0.41600000000000004,
                0.422,
                0.428,
                0.434,
                0.44,
                0.446,
                0.452,
                0.458,
                0.464,
                0.47,
                0.476,
                0.482,
                0.488,
                0.494,
                0.5
            ],
            "ratio": null
        }
    },
    "distance_array": [
        3,
        5,
        7,
        9,
        11,
        13,
        17,
        21
    ],