{
    "bias": 30000,
    "code": "ColourCode",
    "data": {
        "9": {
            "ler": [
                0.30656039239730226,
                0.3175813008130081,
                0.3306440946964687,
                0.33417992247025796,
                0.3519144144144144,
                0.35976399481939847,
                0.3787018101946527,
                0.38645849435770596,
                0.39786743057213336,
                0.40163868583821993,
                0.41967433271781096,
                0.43440486533449174,
                0.4413452202312649,
                0.4491152429713465,
                0.46159527326440175,
                0.47573739295908657,
                0.484402247626429,
                0.48704461328657705,
                0.5057145746940427,
                0.507562683991473,
                0.5282062117050497
            ],
            "ler_eb": [
                0.0036102340925450406,
                0.0037101834203835645,
                0.0038256419237483524,
                0.003856326486341305,
                0.00400652848554381,
                0.004071015368220913,
                0.004221457516495925,
                0.0042809467844743265,
                0.004366157988694881,
                0.0043937191082186015,
                0.004521299704019834,
                0.004620218460127849,
                0.0046651454078360695,
                0.004714147542948827,
                0.0047899478246515815,
                0.004871432930010111,
                0.004918998104133462,
                0.004933141124228973,
                0.00502816326056171,
                0.00503709522168704,
                0.0051309125337747445
            ],
            "ler_x": [
                0.011097486204782342,
                0.012068089430894309,
                0.01415156725300886,
                0.014503408635209197,
                0.01682150900900901,
                0.01633328536480069,
                0.01931379231992729,
                0.019245633019013757,
                0.023474178403755867,
                0.021849144509599166,
                0.02434111129763304,
                0.027454387489139878,
                0.030011474975726014,
                0.02667744543249798,
                0.03175775480059084,
                0.03311132254995243,
                0.03662080992055803,
                0.03818429768166764,
                0.03873773642156367,
                0.0468987920008121,
                0.04542573420663427
            ],
            "ler_z": [
                0.29858982219497243,
                0.3092606707317073,
                0.3201957413040603,
                0.3243550327496324,
                0.34107545045045046,
                0.34861131097999715,
                0.36612891009619025,
                0.3740918225382594,
                0.3845786583910241,
                0.3880632982568881,
                0.40506966593923116,
                0.41798436142484796,
                0.42448583281843055,
                0.4330369172729722,
                0.44331610044313147,
                0.4589914367269267,
                0.46609184266614995,
                0.4692187804402883,
                0.4846768483867705,
                0.4843163130646635,
                0.5069723219945067
            ],
            "per": [
                0.38,
                0.386,
                0.392,
                0.398,
                0.404,
                0.41000000000000003,
                0.41600000000000004,
                0.422,
                0.428,
                0.434,
                0.44,
                0.446,
                0.452,
                0.458,
                0.464,
                0.47,
                0.476,
                0.482,
                0.488,
                0.494,
                0.5
            ],
            "ratio": null
        }
    },
    "distance_array": [
        3,
        5,
        7,
        9,
        11,
        13,
        17,
        21
    ],
    "ler_distances": [
        [
            0.36103689797097266,
            0.37647767487387995,
            0.3793051130329237,
            0.38426068244697204,
            0.3968568934042384,
            0.40205853972338373,
            0.410913872452334,
            0.4142845306156268,
            0.41635440086601716,
            0.42578557438473985,
            0.43500957021054465,
            0.44064510443288973,
            0.45578851412944393,
            0.449438202247191,
            0.46287724495463806,
            0.46485682409817775,
            0.471120324130783,
            0.48141729250914694,
            0.4846839860411012,
            0.49038838760298153,
            0.5011526510975243
        ],
        [
            0.34865072170699396,
            0.3539572419651706,
            0.3543586109142452,
            0.36743092298647856,
            0.38135916406071235,
            0.38367096378146104,
            0.3867275117951891,
            0.405449237755433,
            0.40886417532095837,
            0.4217985490129914,
            0.4254232961796988,
            0.4249171411574743,
            0.4327131112072696,
            0.45138575426559535,
            0.45599635202918376,
            0.4655493482309125,
            0.46882325363338023,
            0.4785604900459418,
            0.48211358596085235,
            0.4950985246063967,
            0.5011526510975243
        ],
        [
            0.31641564358941904,
            0.32055391716886783,
            0.33156498673740054,
            0.33331111259249385,
            0.3414367659109533,
            0.3561253561253561,
            0.36911265318175107,
            0.37133308577794283,
            0.38434929664078715,
            0.39032006245121,
            0.40121970791205264,
            0.40986966144765963,
            0.42452029206996095,
            0.43584379358437936,
            0.44634886627387965,
            0.45024763619990993,
            0.4575821359934108,
            0.4626630887387804,
            0.4853897679836909,
            0.4915937469275391,
            0.504999495000505
        ],
        [
            0.30656039239730226,
            0.3175813008130081,
            0.3306440946964687,
            0.33417992247025796,
            0.3519144144144144,
            0.35976399481939847,
            0.3787018101946527,
            0.38645849435770596,
            0.39786743057213336,
            0.40163868583821993,
            0.41967433271781096,
            0.43440486533449174,
            0.4413452202312649,
            0.4491152429713465,
            0.46159527326440175,
            0.47573739295908657,
            0.484402247626429,
            0.48704461328657705,
            0.5057145746940427,
            0.507562683991473,
            0.5282062117050497
        ]
    ],
    "n_logical_errors": 5000,
    "n_runs": 1000000,
    "per_list": [
        0.38,
        0.386,
        0.392,
        0.398,
        0.404,
        0.41000000000000003,
        0.41600000000000004,
        0.422,
        0.428,
        0.434,
        0.44,
        0.446,
        0.452,
        0.458,
        0.464,
        0.47,
        0.476,
        0.482,
        0.488,
        0.494,
        0.5
    ]
}
