{
    "bias": 30000,
    "code": "ColourCode",
    "data": {
        "17": {
            "ler": [
                0.27624309392265195,
                0.2977785718539694,
                0.30982773577890693,
                0.3266906239790918,
                0.35693889206167906,
                0.3592212084201451,
                0.3764209892343597,
                0.3841130828916033,
                0.42140750105351876,
                0.4174668113884946,
                0.4365287235900122,
                0.45421511627906974,
                0.47878961984104185,
                0.48295180141021926,
                0.49880287310454907,
                0.5091131249363609,
                0.5302789267154523,
                0.5360205831903945,
                0.5512679162072768,
                0.566700668706789,
                0.5733287467033598
            ],
            "ler_eb": [
                0.0033235543692638225,
                0.00352894979132001,
                0.0036401060984598424,
                0.003791045521650024,
                0.004047948618844697,
                0.00406659602566559,
                0.004203727674860671,
                0.004263090837947884,
                0.004533187255424038,
                0.0045060633107746615,
                0.0046340820019288905,
                0.004745558515052906,
                0.004888394562177781,
                0.0049111624840101585,
                0.004993996464463171,
                0.005044521778616965,
                0.005139719152862359,
                0.0051635195074232355,
                0.0052224137500604725,
                0.005275489127761189,
                0.0052962125665786675
            ],
            "ler_x": [
                0.03712707182320442,
                0.0428205586326008,
                0.04672202255545917,
                0.048219536099313946,
                0.059894346087949746,
                0.061642359364896905,
                0.06647594669878792,
                0.07275101789966966,
                0.08040455120101138,
                0.08290890874175504,
                0.08739305046272045,
                0.09438590116279069,
                0.107536148616298,
                0.1052834927074278,
                0.11951316839584997,
                0.11984522961001935,
                0.12408526885141584,
                0.1332547169811321,
                0.1332965821389195,
                0.14552873172390343,
                0.1569774108473799
            ],
            "ler_z": [
                0.24850828729281768,
                0.266392710380561,
                0.2766142025034081,
                0.2932375040836328,
                0.31524842946887494,
                0.3175515482434083,
                0.33275615448317397,
                0.3360221249135746,
                0.3710914454277286,
                0.3643650329798781,
                0.3823118561201327,
                0.39734738372093026,
                0.41376998946662835,
                0.4235487298367623,
                0.43036711891460494,
                0.4421138376947358,
                0.4620850567398452,
                0.4662307032590051,
                0.480154355016538,
                0.49291624164116515,
                0.492489393418186
            ],
            "per": [
                0.38,
                0.386,
                0.392,
                0.398,
                0.404,
                0.41000000000000003,
                0.41600000000000004,
                0.422,
                0.428,
                0.434,
                0.44,
                0.446,
                0.452,
                0.458,
                0.464,
                0.47,
                0.476,
                0.482,
                0.488,
                0.494,
                0.5
            ],
            "ratio": null
        }
    },
    "distance_array": [
        3,
        5,
        7,
        9,
        11,
        13,
        17,
        21
    ],