{
    "bias": 30000,
    "code": "ColourCode",
    "data": {
        "25": {
            "ler": [
                0.24545454545454545,
                0.26464646464646463,
                0.2919191919191919,
                0.3303030303030303,
                0.3323232323232323,
                0.3717171717171717,
                0.3515151515151515,
                0.3888888888888889,
                0.42727272727272725,
                0.4444444444444444,
                0.4353535353535353,
                0.45656565656565656,
                0.4727272727272727,
                0.4727272727272727,
                0.5333333333333333,
                0.5444444444444444,
                0.5555555555555556,
                0.5777777777777777,
                0.5848484848484848,
                0.6272727272727273,
                0.5757575757575758
            ],
            "ler_eb": [
                0.013677623529856816,
                0.014020501345399734,
                0.01444957716023321,
                0.014947819626674037,
                0.014970830276681493,
                0.015359119160341654,
                0.015174148995838636,
                0.015493704195075474,
                0.015722040882042605,
                0.015792645655971143,
                0.015757660782683917,
                0.015830971364826835,
                0.015867385976409316,
                0.015867385976409316,
                0.015855690400281685,
                0.01582813922325464,
                0.015792645655971143,
                0.015697603795907306,
                0.01566056407961842,
                0.015367605075289467,
                0.01570758003065814
            ],
            "ler_x": [
                0.045454545454545456,
                0.05757575757575758,
                0.06161616161616162,
                0.07272727272727272,
                0.07474747474747474,
                0.08080808080808081,
                0.08484848484848485,
                0.09090909090909091,
                0.10909090909090909,
                0.12121212121212122,
                0.12323232323232323,
                0.13131313131313133,
                0.1393939393939394,
                0.12828282828282828,
                0.17272727272727273,
                0.16262626262626262,
                0.1717171717171717,
                0.20606060606060606,
                0.19797979797979798,
                0.2313131313131313,
                0.23030303030303031
            ],
            "ler_z": [
                0.2111111111111111,
                0.21717171717171718,
                0.24848484848484848,
                0.28383838383838383,
                0.2727272727272727,
                0.3181818181818182,
                0.28888888888888886,
                0.3202020202020202,
                0.34545454545454546,
                0.37373737373737376,
                0.3656565656565657,
                0.3747474747474748,
                0.37575757575757573,
                0.39494949494949494,
                0.43232323232323233,
                0.4575757575757576,
                0.4676767676767677,
                0.47575757575757577,
                0.4868686868686869,
                0.51010101010101,
                0.46565656565656566
            ],
            "per": [
                0.38,
                0.386,
                0.392,
                0.398,
                0.404,
                0.41000000000000003,
                0.41600000000000004,
                0.422,
                0.428,
                0.434,
                0.44,
                0.446,
                0.452,
                0.458,
                0.464,
                0.47,
                0.476,
                0.482,
                0.488,
                0.494,
                0.5
            ],
            "ratio": null
        }
    },
    "distance_array": [
        25
    ],
    "ler_distances": [
        [
            0.24545454545454545,
            0.26464646464646463,
            0.2919191919191919,
            0.3303030303030303,
            0.3323232323232323,
            0.3717171717171717,
            0.3515151515151515,
            0.3888888888888889,
            0.42727272727272725,
            0.4444444444444444,
            0.4353535353535353,
            0.45656565656565656,
            0.4727272727272727,
            0.4727272727272727,
            0.5333333333333333,
            0.5444444444444444,
            0.5555555555555556,
            0.5777777777777777,
            0.5848484848484848,
            0.6272727272727273,
            0.5757575757575758
        ]
    ],
    "n_logical_errors": 5000,
    "n_runs": 1000,
    "per_list": [
        0.38,
        0.386,
        0.392,
        0.398,
        0.404,
        0.41000000000000003,
        0.41600000000000004,
        0.422,
        0.428,
        0.434,
        0.44,
        0.446,
        0.452,
        0.458,
        0.464,
        0.47,
        0.476,
        0.482,
        0.488,
        0.494,
        0.5
    ]
}
