{
    "bias": 30000,
    "code": "ColourCode",
    "data": {
        "7": {
            "ler": [
                0.31641564358941904,
                0.32055391716886783,
                0.33156498673740054,
                0.33331111259249385,
                0.3414367659109533,
                0.3561253561253561,
                0.36911265318175107,
                0.37133308577794283,
                0.38434929664078715,
                0.39032006245121,
                0.40121970791205264,
                0.40986966144765963,
                0.42452029206996095,
                0.43584379358437936,
                0.44634886627387965,
                0.45024763619990993,
                0.4575821359934108,
                0.4626630887387804,
                0.4853897679836909,
                0.4915937469275391,
                0.504999495000505
            ],
            "ler_eb": [
                0.0036997212365639173,
                0.0037367460640726764,
                0.003833657020091151,
                0.0038488093525263596,
                0.003918537639214238,
                0.004041276409477866,
                0.004146196106774312,
                0.004163791236233637,
                0.004264894361549369,
                0.004310094819557317,
                0.0043906720938789,
                0.00445281592285081,
                0.004554371566342166,
                0.00462962216899835,
                0.004696859084227266,
                0.00472117383941742,
                0.004765967222193194,
                0.004796265193788691,
                0.004924303630766364,
                0.004957089836086524,
                0.005024684095798806
            ],
            "ler_x": [
                0.3157828123022402,
                0.3197845877676625,
                0.3306366047745358,
                0.33244450369975337,
                0.34102704179186016,
                0.35512820512820514,
                0.3684482504060239,
                0.36992202005198666,
                0.3835037281881774,
                0.38907103825136613,
                0.4000962927298989,
                0.4087220263956062,
                0.42341653931057904,
                0.43444909344490934,
                0.44527762899482237,
                0.4486267447095903,
                0.4559348403038345,
                0.46016470805959103,
                0.4838365207261431,
                0.48972569068921445,
                0.5032824967175032
            ],
            "ler_z": [
                0.0007593975446146058,
                0.001153994101807924,
                0.0011936339522546418,
                0.001133257782814479,
                0.0006828735318219066,
                0.0013532763532763533,
                0.0012549830208179536,
                0.002005198663200891,
                0.0013067876085786764,
                0.002185792349726776,
                0.001685122773230621,
                0.001967374374948766,
                0.0015282730514518594,
                0.002615062761506276,
                0.0016961256918407428,
                0.0029716343989194057,
                0.004118239223940698,
                0.004349033034144536,
                0.0029123386079021453,
                0.0033428374791072656,
                0.004241995758004242
            ],
            "per": [
                0.38,
                0.386,
                0.392,
                0.398,
                0.404,
                0.41000000000000003,
                0.41600000000000004,
                0.422,
                0.428,
                0.434,
                0.44,
                0.446,
                0.452,
                0.458,
                0.464,
                0.47,
                0.476,
                0.482,
                0.488,
                0.494,
                0.5
            ],
            "ratio": null
        }
    },
    "distance_array": [
        3,
        5,
        7,
        9,
        11,
        13,
        17,
        21
    ],
    "ler_distances": [
        [
            0.36103689797097266,
            0.37647767487387995,
            0.3793051130329237,
            0.38426068244697204,
            0.3968568934042384,
            0.40205853972338373,
            0.410913872452334,
            0.4142845306156268,
            0.41635440086601716,
            0.42578557438473985,
            0.43500957021054465,
            0.44064510443288973,
            0.45578851412944393,
            0.449438202247191,
            0.46287724495463806,
            0.46485682409817775,
            0.471120324130783,
            0.48141729250914694,
            0.4846839860411012,
            0.49038838760298153,
            0.5011526510975243
        ],
        [
            0.34865072170699396,
            0.3539572419651706,
            0.3543586109142452,
            0.36743092298647856,
            0.38135916406071235,
            0.38367096378146104,
            0.3867275117951891,
            0.405449237755433,
            0.40886417532095837,
            0.4217985490129914,
            0.4254232961796988,
            0.4249171411574743,
            0.4327131112072696,
            0.45138575426559535,
            0.45599635202918376,
            0.4655493482309125,
            0.46882325363338023,
            0.4785604900459418,
            0.48211358596085235,
            0.4950985246063967,
            0.5011526510975243
        ],
        [
            0.31641564358941904,
            0.32055391716886783,
            0.33156498673740054,
            0.33331111259249385,
            0.3414367659109533,
            0.3561253561253561,
            0.36911265318175107,
            0.37133308577794283,
            0.38434929664078715,
            0.39032006245121,
            0.40121970791205264,
            0.40986966144765963,
            0.42452029206996095,
            0.43584379358437936,
            0.44634886627387965,
            0.45024763619990993,
            0.4575821359934108,
            0.4626630887387804,
            0.4853897679836909,
            0.4915937469275391,
            0.504999495000505
        ]
    ],
    "n_logical_errors": 5000,
    "n_runs": 1000000,
    "per_list": [
        0.38,
        0.386,
        0.392,
        0.398,
        0.404,
        0.41000000000000003,
        0.41600000000000004,
        0.422,
        0.428,
        0.434,
        0.44,
        0.446,
        0.452,
        0.458,
        0.464,
        0.47,
        0.476,
        0.482,
        0.488,
        0.494,
        0.5
    ]
}
