{
    "bias": 30000,
    "code": "ColourCode",
    "data": {
        "29": {
            "ler": [
                0.24579687346376955,
                0.26933850463262227,
                0.2852741484566669,
                0.31117749564351505,
                0.33770093205457247,
                0.34994400895856664,
                0.37467216185837393,
                0.39585147652600744,
                0.42603953646898435,
                0.43986979853963226,
                0.45624600784743136,
                0.4728132387706856,
                0.503068719187041,
                0.5135579293344289,
                0.5328218243819267,
                0.5491488193300385,
                0.5636343140570398,
                0.5871301080319399,
                0.5985156811108451,
                0.6085686465433301,
                0.6208095356344674
            ],
            "ler_eb": [
                0.0030188081681079824,
                0.0032559037137906617,
                0.003410728584110354,
                0.003652387458282056,
                0.0038866401170813197,
                0.003990147436427609,
                0.004190060613172163,
                0.004351300997081982,
                0.004564633257474818,
                0.0046556855198883595,
                0.004757899940254518,
                0.004854973614309032,
                0.005015225665506833,
                0.005065472957695468,
                0.005150368180627377,
                0.005214607893354469,
                0.005265476986443711,
                0.005335264517559338,
                0.0053632102782103334,
                0.005384586726903103,
                0.005406324140547121
            ],
            "ler_x": [
                0.05014256218660899,
                0.06006248653307477,
                0.06156216123694871,
                0.07325118247448345,
                0.08233148723490477,
                0.0956047032474804,
                0.09793930310977894,
                0.10965085899770406,
                0.12150647580095433,
                0.13328054895750857,
                0.1382425403777717,
                0.14846335697399526,
                0.16088137639601569,
                0.17101479046836482,
                0.18424978687127025,
                0.1873695771554091,
                0.20629015894487657,
                0.21195396899953028,
                0.22348575532678955,
                0.23466407010710807,
                0.24956543332505587
            ],
            "ler_z": [
                0.20671517058303018,
                0.22382029734970912,
                0.23854624293946483,
                0.2564102564102564,
                0.278062947453735,
                0.2823348264277716,
                0.30498313975271635,
                0.320639695986066,
                0.3473926380368098,
                0.352863552388493,
                0.3692855187517109,
                0.38307328605200947,
                0.40768689002917796,
                0.4176253081347576,
                0.43041346973572037,
                0.4457990115321252,
                0.45068199752000904,
                0.47792390793799905,
                0.48084749820445294,
                0.48575949367088606,
                0.49900670474298486
            ],
            "per": [
                0.38,
                0.386,
                0.392,
                0.398,
                0.404,
                0.41000000000000003,
                0.41600000000000004,
                0.422,
                0.428,
                0.434,
                0.44,
                0.446,
                0.452,
                0.458,
                0.464,
                0.47,
                0.476,
                0.482,
                0.488,
                0.494,
                0.5
            ],
            "ratio": null
        }
    },
    "distance_array": [
        25,
        29
    ],
    "ler_distances": [
        [
            0.258825965420851,
            0.27683959913626044,
            0.29467232437529467,
            0.3062224399804018,
            0.3349634889797012,
            0.35526502771067214,
            0.37102997922232117,
            0.3907471084713973,
            0.4050879040751843,
            0.431667098333765,
            0.45069406886605373,
            0.46904315196998125,
            0.49024414158250806,
            0.5072022722661798,
            0.5115089514066496,
            0.5341880341880342,
            0.5561116672227784,
            0.5619871866921434,
            0.5732630130703967,
            0.6022645145748012,
            0.6218905472636815
        ],
        [
            0.24579687346376955,
            0.26933850463262227,
            0.2852741484566669,
            0.31117749564351505,
            0.33770093205457247,
            0.34994400895856664,
            0.37467216185837393,
            0.39585147652600744,
            0.42603953646898435,
            0.43986979853963226,
            0.45624600784743136,
            0.4728132387706856,
            0.503068719187041,
            0.5135579293344289,
            0.5328218243819267,
            0.5491488193300385,
            0.5636343140570398,
            0.5871301080319399,
            0.5985156811108451,
            0.6085686465433301,
            0.6208095356344674
        ]
    ],
    "n_logical_errors": 5000,
    "n_runs": 1000000,
    "per_list": [
        0.38,
        0.386,
        0.392,
        0.398,
        0.404,
        0.41000000000000003,
        0.41600000000000004,
        0.422,
        0.428,
        0.434,
        0.44,
        0.446,
        0.452,
        0.458,
        0.464,
        0.47,
        0.476,
        0.482,
        0.488,
        0.494,
        0.5
    ]
}
