{
    "bias": 30000,
    "data": {
        "13": {
            "ler": [
                0.2937720329024677,
                0.3151591553734636,
                0.31806615776081426,
                0.3436426116838488,
                0.33932813030200204,
                0.35174111853675694,
                0.37133308577794283,
                0.4051863857374392,
                0.3993610223642173,
                0.437636761487965,
                0.4235493434985176,
                0.4409171075837742,
                0.44583147570218457,
                0.4631773969430292,
                0.47326076668244205,
                0.4916420845624385,
                0.5227391531625719,
                0.5181347150259067,
                0.5060728744939271,
                0.5422993492407809,
                0.5546311702717692
            ],
            "ler_eb": [
                0.007806977083543082,
                0.00824754616226115,
                0.008305936077571848,
                0.00880394255480072,
                0.008721933517961324,
                0.00895565547911451,
                0.009310520248336299,
                0.009882010130033116,
                0.00978751478971835,
                0.010378205291322596,
                0.010169160034490067,
                0.010425455801550172,
                0.010495222592658966,
                0.010731557440843245,
                0.010861713334685231,
                0.011084952756122878,
                0.011419916638671791,
                0.011373797997436555,
                0.011247202085618782,
                0.011601919512013328,
                0.011704804992798154
            ],
            "ler_x": [
                0.02937720329024677,
                0.02804916482823826,
                0.03689567430025445,
                0.03161512027491409,
                0.03427214116050221,
                0.043615898698557864,
                0.049758633494244336,
                0.048217179902755265,
                0.06150159744408946,
                0.05864332603938731,
                0.05379076662431173,
                0.06525573192239859,
                0.07311636201515827,
                0.07874015748031496,
                0.07714150496923805,
                0.07866273352999016,
                0.08468374281233665,
                0.08031088082901554,
                0.09210526315789473,
                0.0992407809110629,
                0.1064891846921797
            ],
            "ler_z": [
                0.27262044653349,
                0.2924676961865742,
                0.2919847328244275,
                0.32199312714776634,
                0.3165931455717679,
                0.32325008793527965,
                0.3397697734868177,
                0.37439222042139386,
                0.35782747603833864,
                0.4026258205689278,
                0.38881829733163914,
                0.4021164021164021,
                0.3958983504235399,
                0.41639647985178324,
                0.42830099384761006,
                0.4449360865290069,
                0.4830109775222164,
                0.4772020725388601,
                0.4574898785425101,
                0.4913232104121475,
                0.4997226844148641
            ],
            "per": [
                0.38,
                0.386,
                0.392,
                0.398,
                0.404,
                0.41000000000000003,
                0.41600000000000004,
                0.422,
                0.428,
                0.434,
                0.44,
                0.446,
                0.452,
                0.458,
                0.464,
                0.47,
                0.476,
                0.482,
                0.488,
                0.494,
                0.5
            ]
        }
    },
    "distance_array": [
        5,
        9,
        13,
        17,
        21
    ],
    "ler_distances": [
        [
            0.3429355281207133,
            0.3508771929824561,
            0.37271710771524413,
            0.3658982802780827,
            0.37509377344336087,
            0.38402457757296465,
            0.4037141703673799,
            0.3980891719745223,
            0.4046944556859571,
            0.4317789291882556,
            0.40766408479412963,
            0.4244482173174873,
            0.4522840343735866,
            0.45641259698767683,
            0.4537205081669691,
            0.47326076668244205,
            0.49627791563275436,
            0.4633920296570899,
            0.5017561465127948,
            0.5216484089723527,
            0.49652432969215493
        ],
        [
            0.31347962382445144,
            0.333000333000333,
            0.3318951211417192,
            0.33579583613163194,
            0.3354579000335458,
            0.37271710771524413,
            0.36764705882352944,
            0.38684719535783363,
            0.4037141703673799,
            0.4168403501458941,
            0.41186161449752884,
            0.42211903756859437,
            0.4257130693912303,
            0.45146726862302483,
            0.4662004662004662,
            0.45977011494252873,
            0.48828125,
            0.5012531328320802,
            0.48496605237633367,
            0.5058168942842691,
            0.5197505197505198
        ],
        [
            0.2937720329024677,
            0.3151591553734636,
            0.31806615776081426,
            0.3436426116838488,
            0.33932813030200204,
            0.35174111853675694,
            0.37133308577794283,
            0.4051863857374392,
            0.3993610223642173,
            0.437636761487965,
            0.4235493434985176,
            0.4409171075837742,
            0.44583147570218457,
            0.4631773969430292,
            0.47326076668244205,
            0.4916420845624385,
            0.5227391531625719,
            0.5181347150259067,
            0.5060728744939271,
            0.5422993492407809,
            0.5546311702717692
        ]
    ],
    "n_logical_errors": 1000,
    "n_runs": 1000000,
    "per_list": [
        0.38,
        0.386,
        0.392,
        0.398,
        0.404,
        0.41000000000000003,
        0.41600000000000004,
        0.422,
        0.428,
        0.434,
        0.44,
        0.446,
        0.452,
        0.458,
        0.464,
        0.47,
        0.476,
        0.482,
        0.488,
        0.494,
        0.5
    ]
}
