{
    "bias": 30000,
    "code": "ColourCode",
    "data": {
        "25": {
            "ler": [
                0.258825965420851,
                0.27683959913626044,
                0.29467232437529467,
                0.3062224399804018,
                0.3349634889797012,
                0.35526502771067214,
                0.37102997922232117,
                0.3907471084713973,
                0.4050879040751843,
                0.431667098333765,
                0.45069406886605373,
                0.46904315196998125,
                0.49024414158250806,
                0.5072022722661798,
                0.5115089514066496,
                0.5341880341880342,
                0.5561116672227784,
                0.5619871866921434,
                0.5732630130703967,
                0.6022645145748012,
                0.6218905472636815
            ],
            "ler_eb": [
                0.0031512505799544226,
                0.0033293582404824696,
                0.0034998530448585407,
                0.003607132826617496,
                0.00386309344845662,
                0.004034205987271094,
                0.004161395303764295,
                0.004313299055388935,
                0.0044186608885745365,
                0.004602198485836587,
                0.0047239357786258915,
                0.004833452007385265,
                0.004950037889552412,
                0.005035360128176583,
                0.0050558774795516235,
                0.0051560185800785426,
                0.005239789853513646,
                0.005259988797489272,
                0.0052960132508870356,
                0.005371547779094557,
                0.005408012924541691
            ],
            "ler_x": [
                0.04850398591986748,
                0.054205193510879796,
                0.05875766148043376,
                0.0673076923076923,
                0.07449587994908555,
                0.08405570555634503,
                0.0881567230632235,
                0.09331040950296968,
                0.09851737827108482,
                0.11465078131744798,
                0.1241211465657112,
                0.13414634146341464,
                0.14285714285714285,
                0.14749442077500508,
                0.16040920716112533,
                0.1659188034188034,
                0.17372928484039596,
                0.18197145105091603,
                0.18848887869754644,
                0.20802216333413634,
                0.22524875621890547
            ],
            "ler_z": [
                0.2223832694895952,
                0.23536902718564864,
                0.2497053276756247,
                0.25643067123958846,
                0.28250820660548,
                0.2948699729998579,
                0.30921638468388246,
                0.3264301344170053,
                0.33994976909989466,
                0.3584563584563585,
                0.3711014963043086,
                0.3877110694183865,
                0.4038631238356702,
                0.4215865287076486,
                0.41800511508951405,
                0.44177350427350426,
                0.4639083527972417,
                0.46622457007980217,
                0.4729419857830773,
                0.5004818116116598,
                0.5125621890547264
            ],
            "per": [
                0.38,
                0.386,
                0.392,
                0.398,
                0.404,
                0.41000000000000003,
                0.41600000000000004,
                0.422,
                0.428,
                0.434,
                0.44,
                0.446,
                0.452,
                0.458,
                0.464,
                0.47,
                0.476,
                0.482,
                0.488,
                0.494,
                0.5
            ],
            "ratio": null
        }
    },
    "distance_array": [
        25,
        29
    ],
    "ler_distances": [
        [
            0.258825965420851,
            0.27683959913626044,
            0.29467232437529467,
            0.3062224399804018,
            0.3349634889797012,
            0.35526502771067214,
            0.37102997922232117,
            0.3907471084713973,
            0.4050879040751843,
            0.431667098333765,
            0.45069406886605373,
            0.46904315196998125,
            0.49024414158250806,
            0.5072022722661798,
            0.5115089514066496,
            0.5341880341880342,
            0.5561116672227784,
            0.5619871866921434,
            0.5732630130703967,
            0.6022645145748012,
            0.6218905472636815
        ]
    ],
    "n_logical_errors": 5000,
    "n_runs": 1000000,
    "per_list": [
        0.38,
        0.386,
        0.392,
        0.398,
        0.404,
        0.41000000000000003,
        0.41600000000000004,
        0.422,
        0.428,
        0.434,
        0.44,
        0.446,
        0.452,
        0.458,
        0.464,
        0.47,
        0.476,
        0.482,
        0.488,
        0.494,
        0.5
    ]
}
