{
    "bias": 30000,
    "code": "ColourCode",
    "data": {
        "25": {
            "ler": [
                0.2611511542881019,
                0.2790334282046989,
                0.2915451895043732,
                0.3132047105988474,
                0.33251313426880363,
                0.3580635920939559,
                0.3743916136278547,
                0.3928346951602766,
                0.4159387738124948,
                0.4265483705852244,
                0.44738725841088045,
                0.4736193994506015,
                0.4936321453253036,
                0.502815768302494,
                0.5184033177812338,
                0.5302789267154523,
                0.5569169079973268,
                0.5735260380821289,
                0.5799118533982834,
                0.5973715651135006,
                0.607164541590771
            ],
            "ler_eb": [
                0.003174568825812085,
                0.0033506479333311715,
                0.003470379382737594,
                0.003670767998787625,
                0.003841892110345296,
                0.004057150945882427,
                0.004187862275196669,
                0.004328907529868645,
                0.004495454361015706,
                0.004568058749080946,
                0.004703369040896883,
                0.004859531685910739,
                0.004967655780316021,
                0.005013979566673439,
                0.0050877353610072566,
                0.005139719152862359,
                0.005242615292180714,
                0.005296810037471699,
                0.005315537634961806,
                0.005360579801414155,
                0.005381789901237441
            ],
            "ler_x": [
                0.04977541000731223,
                0.05402087170042971,
                0.05959183673469388,
                0.06702580806815335,
                0.07275387377801423,
                0.08192494987109711,
                0.08932983901160614,
                0.09380892520427404,
                0.10481657100074869,
                0.11602115679918103,
                0.12553686471009307,
                0.1302453348489154,
                0.13811827426201995,
                0.14863234111021723,
                0.16039398652151374,
                0.16862869869551383,
                0.1809979950991312,
                0.1912135810965818,
                0.1984458362328926,
                0.21039426523297491,
                0.21420765027322405
            ],
            "ler_z": [
                0.22145617883631047,
                0.23812712762989005,
                0.24723032069970846,
                0.26359308443998997,
                0.2795770432932101,
                0.30184760813520484,
                0.31306626731561216,
                0.3284098051539912,
                0.34913900673820814,
                0.35412045725985325,
                0.3682891911238368,
                0.39461968362224115,
                0.41119557705597787,
                0.415929203539823,
                0.4276827371695179,
                0.43451055255064164,
                0.45923368233459566,
                0.46960311998164717,
                0.480746926467177,
                0.4910394265232975,
                0.49848208864602306
            ],
            "per": [
                0.38,
                0.386,
                0.392,
                0.398,
                0.404,
                0.41000000000000003,
                0.41600000000000004,
                0.422,
                0.428,
                0.434,
                0.44,
                0.446,
                0.452,
                0.458,
                0.464,
                0.47,
                0.476,
                0.482,
                0.488,
                0.494,
                0.5
            ],
            "ratio": null
        }
    },
    "distance_array": [
        25,
        29,
        33
    ],
    "ler_distances": [
        [
            0.2611511542881019,
            0.2790334282046989,
            0.2915451895043732,
            0.3132047105988474,
            0.33251313426880363,
            0.3580635920939559,
            0.3743916136278547,
            0.3928346951602766,
            0.4159387738124948,
            0.4265483705852244,
            0.44738725841088045,
            0.4736193994506015,
            0.4936321453253036,
            0.502815768302494,
            0.5184033177812338,
            0.5302789267154523,
            0.5569169079973268,
            0.5735260380821289,
            0.5799118533982834,
            0.5973715651135006,
            0.607164541590771
        ]
    ],
    "n_logical_errors": 5000,
    "n_runs": 100000,
    "per_list": [
        0.38,
        0.386,
        0.392,
        0.398,
        0.404,
        0.41000000000000003,
        0.41600000000000004,
        0.422,
        0.428,
        0.434,
        0.44,
        0.446,
        0.452,
        0.458,
        0.464,
        0.47,
        0.476,
        0.482,
        0.488,
        0.494,
        0.5
    ]
}
