{
    "bias": 30000,
    "data": {
        "17": {
            "ler": [
                0.26504108136761195,
                0.28935185185185186,
                0.30413625304136255,
                0.3244646333549643,
                0.333000333000333,
                0.35385704175513094,
                0.37411148522259635,
                0.40064102564102566,
                0.4208754208754209,
                0.43649061545176776,
                0.4361098996947231,
                0.4518752824220515,
                0.46882325363338023,
                0.481000481000481,
                0.5070993914807302,
                0.5257623554153522,
                0.5367686527106817,
                0.5506607929515418,
                0.552791597567717,
                0.574052812858783,
                0.5793742757821553
            ],
            "ler_eb": [
                0.007185297046999346,
                0.00771353723894681,
                0.008022880006401546,
                0.008433180794057128,
                0.008600178719073233,
                0.008994813236788114,
                0.009359432841139267,
                0.009808417087325935,
                0.010128370100028306,
                0.01036156813973668,
                0.010356027150184598,
                0.010579332808557315,
                0.010805097043612799,
                0.010957941771523674,
                0.011258298689033911,
                0.011449525794859682,
                0.011552769688754135,
                0.011672699710601538,
                0.011690051125456262,
                0.011847582092543331,
                0.011882480856292161
            ],
            "ler_x": [
                0.03631062814736284,
                0.03414351851851852,
                0.0413625304136253,
                0.04672290720311486,
                0.04795204795204795,
                0.06086341118188252,
                0.058361391694725026,
                0.06610576923076923,
                0.08122895622895623,
                0.08380619816673941,
                0.09594417793283908,
                0.10257568910980569,
                0.10407876230661041,
                0.11784511784511785,
                0.12525354969574037,
                0.1277602523659306,
                0.13311862587224907,
                0.13601321585903084,
                0.13211719181868437,
                0.17164179104477612,
                0.14889918887601392
            ],
            "ler_z": [
                0.2366816856612775,
                0.2612847222222222,
                0.2798053527980535,
                0.29331602855288774,
                0.3026973026973027,
                0.31316348195329086,
                0.3378226711560045,
                0.358974358974359,
                0.3686868686868687,
                0.38542121344391095,
                0.37374618403837767,
                0.3868052417532761,
                0.4022503516174402,
                0.4146224146224146,
                0.4340770791075051,
                0.46214511041009465,
                0.4664519592055824,
                0.486784140969163,
                0.4897733554449972,
                0.48220436280137774,
                0.5069524913093859
            ],
            "per": [
                0.38,
                0.386,
                0.392,
                0.398,
                0.404,
                0.41000000000000003,
                0.41600000000000004,
                0.422,
                0.428,
                0.434,
                0.44,
                0.446,
                0.452,
                0.458,
                0.464,
                0.47,
                0.476,
                0.482,
                0.488,
                0.494,
                0.5
            ]
        }
    },
    "distance_array": [
        5,
        9,
        13,
        17,
        21
    ],
    "ler_distances": [
        [
            0.3429355281207133,
            0.3508771929824561,
            0.37271710771524413,
            0.3658982802780827,
            0.37509377344336087,
            0.38402457757296465,
            0.4037141703673799,
            0.3980891719745223,
            0.4046944556859571,
            0.4317789291882556,
            0.40766408479412963,
            0.4244482173174873,
            0.4522840343735866,
            0.45641259698767683,
            0.4537205081669691,
            0.47326076668244205,
            0.49627791563275436,
            0.4633920296570899,
            0.5017561465127948,
            0.5216484089723527,
            0.49652432969215493
        ],
        [
            0.31347962382445144,
            0.333000333000333,
            0.3318951211417192,
            0.33579583613163194,
            0.3354579000335458,
            0.37271710771524413,
            0.36764705882352944,
            0.38684719535783363,
            0.4037141703673799,
            0.4168403501458941,
            0.41186161449752884,
            0.42211903756859437,
            0.4257130693912303,
            0.45146726862302483,
            0.4662004662004662,
            0.45977011494252873,
            0.48828125,
            0.5012531328320802,
            0.48496605237633367,
            0.5058168942842691,
            0.5197505197505198
        ],
        [
            0.2937720329024677,
            0.3151591553734636,
            0.31806615776081426,
            0.3436426116838488,
            0.33932813030200204,
            0.35174111853675694,
            0.37133308577794283,
            0.4051863857374392,
            0.3993610223642173,
            0.437636761487965,
            0.4235493434985176,
            0.4409171075837742,
            0.44583147570218457,
            0.4631773969430292,
            0.47326076668244205,
            0.4916420845624385,
            0.5227391531625719,
            0.5181347150259067,
            0.5060728744939271,
            0.5422993492407809,
            0.5546311702717692
        ],
        [
            0.26504108136761195,
            0.28935185185185186,
            0.30413625304136255,
            0.3244646333549643,
            0.333000333000333,
            0.35385704175513094,
            0.37411148522259635,
            0.40064102564102566,
            0.4208754208754209,
            0.43649061545176776,
            0.4361098996947231,
            0.4518752824220515,
            0.46882325363338023,
            0.481000481000481,
            0.5070993914807302,
            0.5257623554153522,
            0.5367686527106817,
            0.5506607929515418,
            0.552791597567717,
            0.574052812858783,
            0.5793742757821553
        ]
    ],
    "n_logical_errors": 1000,
    "n_runs": 1000000,
    "per_list": [
        0.38,
        0.386,
        0.392,
        0.398,
        0.404,
        0.41000000000000003,
        0.41600000000000004,
        0.422,
        0.428,
        0.434,
        0.44,
        0.446,
        0.452,
        0.458,
        0.464,
        0.47,
        0.476,
        0.482,
        0.488,
        0.494,
        0.5
    ]
}
