{
    "bias": 30000,
    "data": {
        "5": {
            "ler": [
                0.3429355281207133,
                0.3508771929824561,
                0.37271710771524413,
                0.3658982802780827,
                0.37509377344336087,
                0.38402457757296465,
                0.4037141703673799,
                0.3980891719745223,
                0.4046944556859571,
                0.4317789291882556,
                0.40766408479412963,
                0.4244482173174873,
                0.4522840343735866,
                0.45641259698767683,
                0.4537205081669691,
                0.47326076668244205,
                0.49627791563275436,
                0.4633920296570899,
                0.5017561465127948,
                0.5216484089723527,
                0.49652432969215493
            ],
            "ler_eb": [
                0.008790558590153064,
                0.008939610031669095,
                0.009334929641777248,
                0.009213822336675486,
                0.00937664083300069,
                0.009531049215716394,
                0.009858282014025024,
                0.009766668406167767,
                0.009874093111808153,
                0.01029248190286328,
                0.009921708991925857,
                0.010182793005915097,
                0.010584953578279734,
                0.010641241865209374,
                0.010604638248216381,
                0.010861713334685231,
                0.01113833935187825,
                0.010734383801653084,
                0.01119988790956708,
                0.011409102937239764,
                0.011141143759420711
            ],
            "ler_x": [
                0.0,
                0.0,
                0.0,
                0.0,
                0.0,
                0.0,
                0.0,
                0.0003980891719745223,
                0.0,
                0.0,
                0.00040766408479412964,
                0.00042444821731748726,
                0.0,
                0.0,
                0.0,
                0.0,
                0.0,
                0.0004633920296570899,
                0.0,
                0.0,
                0.0
            ],
            "ler_z": [
                0.3429355281207133,
                0.3508771929824561,
                0.37271710771524413,
                0.3658982802780827,
                0.37509377344336087,
                0.38402457757296465,
                0.4037141703673799,
                0.3976910828025478,
                0.4046944556859571,
                0.4317789291882556,
                0.40766408479412963,
                0.42402376910016976,
                0.4522840343735866,
                0.45641259698767683,
                0.4537205081669691,
                0.47326076668244205,
                0.49627791563275436,
                0.4633920296570899,
                0.5017561465127948,
                0.5216484089723527,
                0.49652432969215493
            ],
            "per": [
                0.38,
                0.386,
                0.392,
                0.398,
                0.404,
                0.41000000000000003,
                0.41600000000000004,
                0.422,
                0.428,
                0.434,
                0.44,
                0.446,
                0.452,
                0.458,
                0.464,
                0.47,
                0.476,
                0.482,
                0.488,
                0.494,
                0.5
            ]
        }
    },
    "distance_array": [
        5,
        9,
        13,
        17,
        21
    ],
    "ler_distances": [
        [
            0.3429355281207133,
            0.3508771929824561,
            0.37271710771524413,
            0.3658982802780827,
            0.37509377344336087,
            0.38402457757296465,
            0.4037141703673799,
            0.3980891719745223,
            0.4046944556859571,
            0.4317789291882556,
            0.40766408479412963,
            0.4244482173174873,
            0.4522840343735866,
            0.45641259698767683,
            0.4537205081669691,
            0.47326076668244205,
            0.49627791563275436,
            0.4633920296570899,
            0.5017561465127948,
            0.5216484089723527,
            0.49652432969215493
        ]
    ],
    "n_logical_errors": 1000,
    "n_runs": 1000000,
    "per_list": [
        0.38,
        0.386,
        0.392,
        0.398,
        0.404,
        0.41000000000000003,
        0.41600000000000004,
        0.422,
        0.428,
        0.434,
        0.44,
        0.446,
        0.452,
        0.458,
        0.464,
        0.47,
        0.476,
        0.482,
        0.488,
        0.494,
        0.5
    ]
}
