{
    "bias": 10,
    "data": {
        "25": {
            "ler": [
                0.03795786676788764,
                0.053367488525989965,
                0.06676013084985646,
                0.08468834688346884,
                0.10924186148131965,
                0.12190661952944044,
                0.15262515262515264,
                0.163025758069775,
                0.18758206715438003,
                0.20567667626491157,
                0.2070393374741201,
                0.2229654403567447,
                0.2563445270443476,
                0.27624309392265195,
                0.2910360884749709,
                0.3255208333333333,
                0.3442340791738382,
                0.3795066413662239,
                0.41305245766212306,
                0.4191114836546521
            ],
            "ler_eb": [
                0.001177331715546286,
                0.0016419785271226204,
                0.002039453563520703,
                0.002562171235860537,
                0.003260385788287298,
                0.003612415025878609,
                0.004442872964509572,
                0.004716417853763526,
                0.005346641537799366,
                0.005796738417991335,
                0.005830136069288409,
                0.00621523737631829,
                0.006990527345688382,
                0.007431693496590345,
                0.0077492363903381494,
                0.008454015864934583,
                0.008815121140747353,
                0.00945339814258254,
                0.010007022005480731,
                0.010101269452963732
            ],
            "per": [
                0.2,
                0.2105263157894737,
                0.2210526315789474,
                0.23157894736842105,
                0.24210526315789474,
                0.25263157894736843,
                0.26315789473684215,
                0.2736842105263158,
                0.28421052631578947,
                0.2947368421052632,
                0.30526315789473685,
                0.3157894736842105,
                0.3263157894736842,
                0.33684210526315794,
                0.34736842105263155,
                0.35789473684210527,
                0.368421052631579,
                0.37894736842105264,
                0.3894736842105263,
                0.4
            ]
        }
    },
    "distance_array": [
        25
    ],
    "ler_distances": [
        [
            0.03795786676788764,
            0.053367488525989965,
            0.06676013084985646,
            0.08468834688346884,
            0.10924186148131965,
            0.12190661952944044,
            0.15262515262515264,
            0.163025758069775,
            0.18758206715438003,
            0.20567667626491157,
            0.2070393374741201,
            0.2229654403567447,
            0.2563445270443476,
            0.27624309392265195,
            0.2910360884749709,
            0.3255208333333333,
            0.3442340791738382,
            0.3795066413662239,
            0.41305245766212306,
            0.4191114836546521
        ]
    ],
    "n_logical_errors": 1000,
    "n_runs": 300000,
    "per_list": [
        0.2,
        0.2105263157894737,
        0.2210526315789474,
        0.23157894736842105,
        0.24210526315789474,
        0.25263157894736843,
        0.26315789473684215,
        0.2736842105263158,
        0.28421052631578947,
        0.2947368421052632,
        0.30526315789473685,
        0.3157894736842105,
        0.3263157894736842,
        0.33684210526315794,
        0.34736842105263155,
        0.35789473684210527,
        0.368421052631579,
        0.37894736842105264,
        0.3894736842105263,
        0.4
    ]
}
