{
    "bias": 1000,
    "data": {
        "25": {
            "ler": [
                0.07574609907589759,
                0.09365049634763065,
                0.1358695652173913,
                0.16299918500407498,
                0.18782870022539444,
                0.22197558268590456,
                0.2440214738897023,
                0.35398230088495575,
                0.3951007506914263,
                0.471253534401508
            ],
            "ler_eb": [
                0.0023027983929605226,
                0.0028194080415181104,
                0.003994034724235706,
                0.004715723939391284,
                0.005352858613982907,
                0.00619158469702324,
                0.00670938596096954,
                0.008997125038257212,
                0.009717384282173619,
                0.01083623361075773
            ],
            "per": [
                0.45,
                0.45555555555555555,
                0.46111111111111114,
                0.4666666666666667,
                0.4722222222222222,
                0.4777777777777778,
                0.48333333333333334,
                0.4888888888888889,
                0.49444444444444446,
                0.5
            ]
        }
    },
    "distance_array": [
        13,
        19,
        25
    ],
    "ler_distances": [
        [
            0.1607717041800643,
            0.20458265139116202,
            0.23618327822390175,
            0.2598077422707197,
            0.25933609958506226,
            0.28352707683583783,
            0.2846569883290635,
            0.3590664272890485,
            0.3699593044765076,
            0.5015045135406219
        ],
        [
            0.09171787581399615,
            0.12144765606023804,
            0.16630633627141195,
            0.1723543605653223,
            0.2092925910422771,
            0.22461814914645103,
            0.24384296513045597,
            0.3448275862068966,
            0.3776435045317221,
            0.49975012493753124
        ],
        [
            0.07574609907589759,
            0.09365049634763065,
            0.1358695652173913,
            0.16299918500407498,
            0.18782870022539444,
            0.22197558268590456,
            0.2440214738897023,
            0.35398230088495575,
            0.3951007506914263,
            0.471253534401508
        ]
    ],
    "n_logical_errors": 1000,
    "n_runs": 300000,
    "per_list": [
        0.45,
        0.45555555555555555,
        0.46111111111111114,
        0.4666666666666667,
        0.4722222222222222,
        0.4777777777777778,
        0.48333333333333334,
        0.4888888888888889,
        0.49444444444444446,
        0.5
    ]
}
