{
    "bias": 1000,
    "data": {
        "13": {
            "ler": [
                0.1607717041800643,
                0.20458265139116202,
                0.23618327822390175,
                0.2598077422707197,
                0.25933609958506226,
                0.28352707683583783,
                0.2846569883290635,
                0.3590664272890485,
                0.3699593044765076,
                0.5015045135406219
            ],
            "ler_eb": [
                0.004657465799255889,
                0.005769874039194963,
                0.006527452606660182,
                0.007068452729363499,
                0.007057868520242666,
                0.007589172624327989,
                0.007613406518576641,
                0.009090364778552898,
                0.009286204756627302,
                0.011197097534589057
            ],
            "per": [
                0.45,
                0.45555555555555555,
                0.46111111111111114,
                0.4666666666666667,
                0.4722222222222222,
                0.4777777777777778,
                0.48333333333333334,
                0.4888888888888889,
                0.49444444444444446,
                0.5
            ]
        }
    },
    "distance_array": [
        13,
        19,
        25
    ],
    "ler_distances": [
        [
            0.1607717041800643,
            0.20458265139116202,
            0.23618327822390175,
            0.2598077422707197,
            0.25933609958506226,
            0.28352707683583783,
            0.2846569883290635,
            0.3590664272890485,
            0.3699593044765076,
            0.5015045135406219
        ]
    ],
    "n_logical_errors": 1000,
    "n_runs": 300000,
    "per_list": [
        0.45,
        0.45555555555555555,
        0.46111111111111114,
        0.4666666666666667,
        0.4722222222222222,
        0.4777777777777778,
        0.48333333333333334,
        0.4888888888888889,
        0.49444444444444446,
        0.5
    ]
}
