{
    "bias": 10,
    "code": "XZZX",
    "data": {
        "7": {
            "ler": [
                0.02582,
                0.03334,
                0.04603,
                0.05933380009256073,
                0.07721649962163915,
                0.09305961398872117,
                0.12218366648746395,
                0.14412544678888506,
                0.17924359204158452,
                0.21353833013025839,
                0.2519272434121026,
                0.2957879791765263,
                0.3397662408263115,
                0.3923414940364093,
                0.44610992148465384,
                0.48524844720496896
            ],
            "ler_eb": [
                0.0005015309322464567,
                0.0005677010163809821,
                0.0006626555598499118,
                0.0008138323168911013,
                0.0010489988653424567,
                0.0012533305198418067,
                0.0016189371159936582,
                0.0018856484199308839,
                0.002296496445095846,
                0.002678117458141114,
                0.003081499147323507,
                0.003510324257562535,
                0.0039043081426350904,
                0.004325228242326385,
                0.004695357589212885,
                0.004923545830126527
            ],
            "ler_x": [
                0.02574,
                0.03307,
                0.04539,
                0.05795725593041332,
                0.07401973653730329,
                0.08751326099499339,
                0.11148037730316211,
                0.12916522541219877,
                0.15518910198960387,
                0.17838992099081785,
                0.20390991081775584,
                0.22473970657832465,
                0.24870888828486,
                0.2759730069052103,
                0.31468593861527483,
                0.32725155279503104
            ],
            "ler_z": [
                8e-05,
                0.00028,
                0.00071,
                0.0014833450023140182,
                0.003567402282519729,
                0.006234994137244319,
                0.012047309515663946,
                0.017295053614666205,
                0.028894067037103423,
                0.04398889600683323,
                0.0606640802136343,
                0.09323237103644108,
                0.1265289480837184,
                0.16486189579409918,
                0.1902212705210564,
                0.234375
            ],
            "per": [
                0.17,
                0.18000000000000002,
                0.19,
                0.2,
                0.21000000000000002,
                0.22000000000000003,
                0.23,
                0.24000000000000002,
                0.25,
                0.26,
                0.27,
                0.28,
                0.29000000000000004,
                0.30000000000000004,
                0.31000000000000005,
                0.32
            ],
            "ratio": 7.0
        }
    },
    "distance_array": [
        [
            3,
            21
        ],
        [
            5,
            35
        ],
        [
            7,
            49
        ],
        [
            9,
            63
        ]
    ],
    "ler_distances": [
        [
            0.08347942232239752,
            0.09676795045480936,
            0.11403028644407955,
            0.12095701187797857,
            0.13769173574202076,
            0.15187412672377135,
            0.1763046544428773,
            0.19936204146730463,
            0.2142979598834219,
            0.2353494939985879,
            0.25644971021182744,
            0.28148398356133536,
            0.31287153494775044,
            0.3279118572927597,
            0.3618206816701643,
            0.3901677721420211
        ],
        [
            0.048070235563305745,
            0.05999232098291419,
            0.07224076401832026,
            0.08990865280874631,
            0.1059322033898305,
            0.12311025754665879,
            0.14833714065327677,
            0.17625493513818388,
            0.19713756259117612,
            0.2320293285071233,
            0.25952455102252675,
            0.2901073397156948,
            0.32771842432981585,
            0.36600541688016985,
            0.40773057163826143,
            0.4456725198324271
        ],
        [
            0.02582,
            0.03334,
            0.04603,
            0.05933380009256073,
            0.07721649962163915,
            0.09305961398872117,
            0.12218366648746395,
            0.14412544678888506,
            0.17924359204158452,
            0.21353833013025839,
            0.2519272434121026,
            0.2957879791765263,
            0.3397662408263115,
            0.3923414940364093,
            0.44610992148465384,
            0.48524844720496896
        ]
    ],
    "n_logical_errors": 5000,
    "n_runs": 100000,
    "per_list": [
        0.17,
        0.18000000000000002,
        0.19,
        0.2,
        0.21000000000000002,
        0.22000000000000003,
        0.23,
        0.24000000000000002,
        0.25,
        0.26,
        0.27,
        0.28,
        0.29000000000000004,
        0.30000000000000004,
        0.31000000000000005,
        0.32
    ]
}
