{
    "bias": 10,
    "code": "XZZX",
    "data": {
        "7": {
            "ler": [
                0.025483550368237302,
                0.03298044259753966,
                0.04647488032718316,
                0.05834646128712294,
                0.07339449541284404,
                0.092365953909389,
                0.12137395314965409,
                0.1554001554001554,
                0.18001800180018002,
                0.20933640360058614,
                0.2535818435400025,
                0.2959455460195324,
                0.34946706272933775,
                0.39001560062402496,
                0.4397537379067722,
                0.4921259842519685
            ],
            "ler_eb": [
                0.0005625220141443067,
                0.0007252021959785491,
                0.0010147740471295262,
                0.0012660332005261115,
                0.0015797775183731917,
                0.001967670212252295,
                0.002543973225529349,
                0.0031934634471081345,
                0.003645046709038945,
                0.004162225759216885,
                0.004898851271135199,
                0.005552645346845458,
                0.006302689279496653,
                0.00681124254011772,
                0.007360105263861206,
                0.007842224945477679
            ],
            "ler_x": [
                0.025407099717132592,
                0.03278255994195442,
                0.04589394432309337,
                0.05697531944687555,
                0.07027522935779816,
                0.087378192398282,
                0.11129991503823279,
                0.13923853923853924,
                0.155985598559856,
                0.17479589700648943,
                0.20400659312793204,
                0.2308375258952353,
                0.25773195876288657,
                0.2841263650546022,
                0.30672823218997364,
                0.33218503937007876
            ],
            "ler_z": [
                7.645065110471191e-05,
                0.00019788265558523795,
                0.0006274108844169726,
                0.0014003150708909505,
                0.003376146788990826,
                0.005449591280653951,
                0.011348464619492658,
                0.01818181818181818,
                0.027722772277227723,
                0.0408205987021143,
                0.061493597058450616,
                0.08641609943770347,
                0.12668181023938493,
                0.1548361934477379,
                0.19371152154793317,
                0.2330216535433071
            ],
            "per": [
                0.17,
                0.18000000000000002,
                0.19,
                0.2,
                0.21000000000000002,
                0.22000000000000003,
                0.23,
                0.24000000000000002,
                0.25,
                0.26,
                0.27,
                0.28,
                0.29000000000000004,
                0.30000000000000004,
                0.31000000000000005,
                0.32
            ],
            "ratio": 7.0
        }
    },
    "distance_array": [
        [
            3,
            21
        ],
        [
            5,
            35
        ],
        [
            7,
            49
        ],
        [
            9,
            63
        ]
    ],
    "ler_distances": [
        [
            0.0862924450964318,
            0.09588187353180881,
            0.11122233344455566,
            0.12422360248447205,
            0.13723068478111705,
            0.1538935056940597,
            0.17834849295523453,
            0.1913692469620132,
            0.21570319240724764,
            0.23643456673365645,
            0.2572347266881029,
            0.2789011295495747,
            0.3029385034837928,
            0.3279226102639777,
            0.3561887800534283,
            0.39912193175014965
        ],
        [
            0.04683073032523942,
            0.05841462702260646,
            0.07303268212525105,
            0.08504124500382686,
            0.10512483574244415,
            0.12234660794029485,
            0.1497454327643007,
            0.1747182667947934,
            0.1976284584980237,
            0.2205071664829107,
            0.2555583950932788,
            0.2955519432540269,
            0.3411222923418045,
            0.36784991723376864,
            0.41450777202072536,
            0.43821209465381245
        ],
        [
            0.025483550368237302,
            0.03298044259753966,
            0.04647488032718316,
            0.05834646128712294,
            0.07339449541284404,
            0.092365953909389,
            0.12137395314965409,
            0.1554001554001554,
            0.18001800180018002,
            0.20933640360058614,
            0.2535818435400025,
            0.2959455460195324,
            0.34946706272933775,
            0.39001560062402496,
            0.4397537379067722,
            0.4921259842519685
        ]
    ],
    "n_logical_errors": 2000,
    "n_runs": 100000,
    "per_list": [
        0.17,
        0.18000000000000002,
        0.19,
        0.2,
        0.21000000000000002,
        0.22000000000000003,
        0.23,
        0.24000000000000002,
        0.25,
        0.26,
        0.27,
        0.28,
        0.29000000000000004,
        0.30000000000000004,
        0.31000000000000005,
        0.32
    ]
}
