{
    "bias": 10,
    "code": "XZZX",
    "data": {
        "5": {
            "ler": [
                0.03730647267300877,
                0.04836759371221282,
                0.05748778384593274,
                0.06702412868632708,
                0.07270083605961468,
                0.08382229673093043,
                0.1111111111111111,
                0.10834236186348863,
                0.13253810470510272,
                0.1551590380139643,
                0.18315018315018314,
                0.20040080160320642,
                0.19627085377821393,
                0.2107481559536354,
                0.2628120893561104,
                0.27472527472527475,
                0.315955766192733,
                0.34305317324185247,
                0.36036036036036034,
                0.4098360655737705
            ],
            "ler_eb": [
                0.002588291681319825,
                0.003336369138809402,
                0.003946426902752492,
                0.004577742766969123,
                0.004950332172774852,
                0.005673282603523971,
                0.007407407407407408,
                0.007234064359379849,
                0.008728728019998409,
                0.010084388342198299,
                0.011704785720235452,
                0.012671284197207935,
                0.012442156872907296,
                0.013239042856623463,
                0.01595583157225398,
                0.016543785483420188,
                0.018477932699413904,
                0.019661269341725362,
                0.020379320513180508,
                0.022262888371111112
            ],
            "ler_x": [
                0.03730647267300877,
                0.04836759371221282,
                0.05748778384593274,
                0.06702412868632708,
                0.07270083605961468,
                0.08382229673093043,
                0.1111111111111111,
                0.10834236186348863,
                0.13055003313452618,
                0.15360744763382467,
                0.17765567765567766,
                0.1933867735470942,
                0.18645731108930325,
                0.20126448893572182,
                0.22996057818659657,
                0.2445054945054945,
                0.28278041074249605,
                0.2950257289879931,
                0.2972972972972973,
                0.3401639344262295
            ],
            "ler_z": [
                0.0,
                0.0,
                0.0,
                0.0,
                0.0,
                0.0,
                0.0005555555555555556,
                0.0,
                0.0019880715705765406,
                0.0015515903801396431,
                0.005494505494505495,
                0.013026052104208416,
                0.010794896957801767,
                0.014752370916754479,
                0.03416557161629435,
                0.038461538461538464,
                0.05687203791469194,
                0.07890222984562607,
                0.0990990990990991,
                0.1168032786885246
            ],
            "per": [
                0.15,
                0.15789473684210525,
                0.16578947368421051,
                0.17368421052631577,
                0.18157894736842106,
                0.1894736842105263,
                0.19736842105263158,
                0.20526315789473684,
                0.2131578947368421,
                0.22105263157894736,
                0.22894736842105262,
                0.2368421052631579,
                0.24473684210526314,
                0.25263157894736843,
                0.2605263157894737,
                0.26842105263157895,
                0.2763157894736842,
                0.28421052631578947,
                0.29210526315789476,
                0.3
            ],
            "ratio": 9.0
        }
    },
    "distance_array": [
        [
            5,
            45
        ],
        [
            7,
            63
        ],
        [
            9,
            81
        ],
        [
            11,
            99
        ],
        [
            13,
            117
        ]
    ],
    "ler_distances": [
        [
            0.03730647267300877,
            0.04836759371221282,
            0.05748778384593274,
            0.06702412868632708,
            0.07270083605961468,
            0.08382229673093043,
            0.1111111111111111,
            0.10834236186348863,
            0.13253810470510272,
            0.1551590380139643,
            0.18315018315018314,
            0.20040080160320642,
            0.19627085377821393,
            0.2107481559536354,
            0.2628120893561104,
            0.27472527472527475,
            0.315955766192733,
            0.34305317324185247,
            0.36036036036036034,
            0.4098360655737705
        ]
    ],
    "n_logical_errors": 200,
    "n_runs": 20000,
    "per_list": [
        0.15,
        0.15789473684210525,
        0.16578947368421051,
        0.17368421052631577,
        0.18157894736842106,
        0.1894736842105263,
        0.19736842105263158,
        0.20526315789473684,
        0.2131578947368421,
        0.22105263157894736,
        0.22894736842105262,
        0.2368421052631579,
        0.24473684210526314,
        0.25263157894736843,
        0.2605263157894737,
        0.26842105263157895,
        0.2763157894736842,
        0.28421052631578947,
        0.29210526315789476,
        0.3
    ]
}
