{
    "bias": 10,
    "code": "XZZX",
    "data": {
        "9": {
            "ler": [
                0.01351,
                0.01852,
                0.0276,
                0.0385,
                0.052661736150165,
                0.07052584066802076,
                0.09866603520404137,
                0.12598583919167486,
                0.15923059775166395,
                0.201946766832263,
                0.24707219449523152,
                0.2931863492435792,
                0.3575259206292456,
                0.415973377703827,
                0.46116952591772736,
                0.5182421227197347
            ],
            "ler_eb": [
                0.0003650682114345208,
                0.0004263450433627674,
                0.0005180563675894738,
                0.0006084221396366178,
                0.0007275713257974036,
                0.0009615722678973296,
                0.0013247244228050297,
                0.0016656968542932736,
                0.002064809417751747,
                0.0025513370336127513,
                0.003031904645212611,
                0.0034858701686517547,
                0.004052754874672718,
                0.004495695174677511,
                0.004787421590617178,
                0.005087004474858084
            ],
            "ler_x": [
                0.0135,
                0.01848,
                0.02737,
                0.03808,
                0.05114438207612237,
                0.06732396750169262,
                0.09179887915384008,
                0.11434474765036409,
                0.13967708034775964,
                0.17032190314633064,
                0.20166032514700796,
                0.22798170517180721,
                0.2642116553450125,
                0.2940099833610649,
                0.3137797454344217,
                0.3523009950248756
            ],
            "ler_z": [
                1e-05,
                4e-05,
                0.00023,
                0.00045,
                0.0016552953535010559,
                0.0034134506883322048,
                0.007676217538874418,
                0.013354498954317534,
                0.02280182159803828,
                0.03897572599862676,
                0.05737016356179275,
                0.08508267855048669,
                0.13242760100107256,
                0.1745424292845258,
                0.21564287031912932,
                0.25974295190713104
            ],
            "per": [
                0.17,
                0.18000000000000002,
                0.19,
                0.2,
                0.21000000000000002,
                0.22000000000000003,
                0.23,
                0.24000000000000002,
                0.25,
                0.26,
                0.27,
                0.28,
                0.29000000000000004,
                0.30000000000000004,
                0.31000000000000005,
                0.32
            ],
            "ratio": 7.0
        }
    },
    "distance_array": [
        [
            3,
            21
        ],
        [
            5,
            35
        ],
        [
            7,
            49
        ],
        [
            9,
            63
        ]
    ],
    "ler_distances": [
        [
            0.08347942232239752,
            0.09676795045480936,
            0.11403028644407955,
            0.12095701187797857,
            0.13769173574202076,
            0.15187412672377135,
            0.1763046544428773,
            0.19936204146730463,
            0.2142979598834219,
            0.2353494939985879,
            0.25644971021182744,
            0.28148398356133536,
            0.31287153494775044,
            0.3279118572927597,
            0.3618206816701643,
            0.3901677721420211
        ],
        [
            0.048070235563305745,
            0.05999232098291419,
            0.07224076401832026,
            0.08990865280874631,
            0.1059322033898305,
            0.12311025754665879,
            0.14833714065327677,
            0.17625493513818388,
            0.19713756259117612,
            0.2320293285071233,
            0.25952455102252675,
            0.2901073397156948,
            0.32771842432981585,
            0.36600541688016985,
            0.40773057163826143,
            0.4456725198324271
        ],
        [
            0.02582,
            0.03334,
            0.04603,
            0.05933380009256073,
            0.07721649962163915,
            0.09305961398872117,
            0.12218366648746395,
            0.14412544678888506,
            0.17924359204158452,
            0.21353833013025839,
            0.2519272434121026,
            0.2957879791765263,
            0.3397662408263115,
            0.3923414940364093,
            0.44610992148465384,
            0.48524844720496896
        ],
        [
            0.01351,
            0.01852,
            0.0276,
            0.0385,
            0.052661736150165,
            0.07052584066802076,
            0.09866603520404137,
            0.12598583919167486,
            0.15923059775166395,
            0.201946766832263,
            0.24707219449523152,
            0.2931863492435792,
            0.3575259206292456,
            0.415973377703827,
            0.46116952591772736,
            0.5182421227197347
        ]
    ],
    "n_logical_errors": 5000,
    "n_runs": 100000,
    "per_list": [
        0.17,
        0.18000000000000002,
        0.19,
        0.2,
        0.21000000000000002,
        0.22000000000000003,
        0.23,
        0.24000000000000002,
        0.25,
        0.26,
        0.27,
        0.28,
        0.29000000000000004,
        0.30000000000000004,
        0.31000000000000005,
        0.32
    ]
}
