{
    "bias": 10,
    "code": "XZZX",
    "data": {
        "5": {
            "ler": [
                0.04683073032523942,
                0.05841462702260646,
                0.07303268212525105,
                0.08504124500382686,
                0.10512483574244415,
                0.12234660794029485,
                0.1497454327643007,
                0.1747182667947934,
                0.1976284584980237,
                0.2205071664829107,
                0.2555583950932788,
                0.2955519432540269,
                0.3411222923418045,
                0.36784991723376864,
                0.41450777202072536,
                0.43821209465381245
            ],
            "ler_eb": [
                0.001022353172298222,
                0.0012674664196120602,
                0.0015722965584326163,
                0.0018189274219274746,
                0.00222367626204905,
                0.0025629400817167177,
                0.003087543422905954,
                0.0035491506266448957,
                0.003958423385713696,
                0.004353251658402939,
                0.0049304944313341564,
                0.005546810245557439,
                0.006191523286070847,
                0.006539819537665151,
                0.007092155470200894,
                0.007344387024179764
            ],
            "ler_x": [
                0.04626876156133655,
                0.05753840761726736,
                0.07102428336680665,
                0.08197976018368909,
                0.1007095926412615,
                0.11433290512020554,
                0.13409703504043127,
                0.15418887044640517,
                0.166501976284585,
                0.17861080485115766,
                0.20444671607462306,
                0.2286094281069898,
                0.24407300017056113,
                0.268714364539268,
                0.2907772020725389,
                0.29776511831726554
            ],
            "ler_z": [
                0.0005619687639028731,
                0.0009638413458730066,
                0.0021179477816322804,
                0.003359129177651161,
                0.005045992115637319,
                0.009604208723313147,
                0.01781970649895178,
                0.025596226085437233,
                0.035869565217391305,
                0.05248070562293274,
                0.06465627395859953,
                0.08955223880597014,
                0.12843254306668941,
                0.14199006805223469,
                0.17367875647668393,
                0.2002629272567923
            ],
            "per": [
                0.17,
                0.18000000000000002,
                0.19,
                0.2,
                0.21000000000000002,
                0.22000000000000003,
                0.23,
                0.24000000000000002,
                0.25,
                0.26,
                0.27,
                0.28,
                0.29000000000000004,
                0.30000000000000004,
                0.31000000000000005,
                0.32
            ],
            "ratio": 7.0
        }
    },
    "distance_array": [
        [
            3,
            21
        ],
        [
            5,
            35
        ],
        [
            7,
            49
        ],
        [
            9,
            63
        ]
    ],
    "ler_distances": [
        [
            0.0862924450964318,
            0.09588187353180881,
            0.11122233344455566,
            0.12422360248447205,
            0.13723068478111705,
            0.1538935056940597,
            0.17834849295523453,
            0.1913692469620132,
            0.21570319240724764,
            0.23643456673365645,
            0.2572347266881029,
            0.2789011295495747,
            0.3029385034837928,
            0.3279226102639777,
            0.3561887800534283,
            0.39912193175014965
        ],
        [
            0.04683073032523942,
            0.05841462702260646,
            0.07303268212525105,
            0.08504124500382686,
            0.10512483574244415,
            0.12234660794029485,
            0.1497454327643007,
            0.1747182667947934,
            0.1976284584980237,
            0.2205071664829107,
            0.2555583950932788,
            0.2955519432540269,
            0.3411222923418045,
            0.36784991723376864,
            0.41450777202072536,
            0.43821209465381245
        ]
    ],
    "n_logical_errors": 2000,
    "n_runs": 100000,
    "per_list": [
        0.17,
        0.18000000000000002,
        0.19,
        0.2,
        0.21000000000000002,
        0.22000000000000003,
        0.23,
        0.24000000000000002,
        0.25,
        0.26,
        0.27,
        0.28,
        0.29000000000000004,
        0.30000000000000004,
        0.31000000000000005,
        0.32
    ]
}
