{
    "bias": 10,
    "code": "XZZX",
    "data": {
        "3": {
            "ler": [
                0.0862924450964318,
                0.09588187353180881,
                0.11122233344455566,
                0.12422360248447205,
                0.13723068478111705,
                0.1538935056940597,
                0.17834849295523453,
                0.1913692469620132,
                0.21570319240724764,
                0.23643456673365645,
                0.2572347266881029,
                0.2789011295495747,
                0.3029385034837928,
                0.3279226102639777,
                0.3561887800534283,
                0.39912193175014965
            ],
            "ler_eb": [
                0.0018444266343071595,
                0.002038609773288926,
                0.0023446259695142123,
                0.0025994755690671796,
                0.0028502540933827733,
                0.0031653213670443637,
                0.0036149165337403966,
                0.003847975312581817,
                0.004271513649783383,
                0.004619756685882565,
                0.004957245138825105,
                0.0052958135072530875,
                0.005655552327426834,
                0.006011266843251108,
                0.006390642271375452,
                0.006918051193662548
            ],
            "ler_x": [
                0.083531086853346,
                0.0923821851478978,
                0.10554999443888333,
                0.11490683229813664,
                0.12632084534101826,
                0.13904278239458295,
                0.15302300695559123,
                0.1621854368003062,
                0.17806298533218293,
                0.19245773732119636,
                0.20154340836012863,
                0.20875749546785666,
                0.21690396849439564,
                0.22888998196425644,
                0.25182546749777385,
                0.2636200359209739
            ],
            "ler_z": [
                0.003149674246019761,
                0.003787334004506448,
                0.006450895339784228,
                0.01111801242236025,
                0.01303691505420612,
                0.018082486919052017,
                0.030765115034777957,
                0.035116256817529425,
                0.04810181190681622,
                0.05721716514954486,
                0.06996784565916399,
                0.09161902105703527,
                0.11239018479248712,
                0.12887358583374323,
                0.1444345503116652,
                0.17980443025344242
            ],
            "per": [
                0.17,
                0.18000000000000002,
                0.19,
                0.2,
                0.21000000000000002,
                0.22000000000000003,
                0.23,
                0.24000000000000002,
                0.25,
                0.26,
                0.27,
                0.28,
                0.29000000000000004,
                0.30000000000000004,
                0.31000000000000005,
                0.32
            ],
            "ratio": 7.0
        }
    },
    "distance_array": [
        [
            3,
            21
        ],
        [
            5,
            35
        ],
        [
            7,
            49
        ],
        [
            9,
            63
        ]
    ],
    "ler_distances": [
        [
            0.0862924450964318,
            0.09588187353180881,
            0.11122233344455566,
            0.12422360248447205,
            0.13723068478111705,
            0.1538935056940597,
            0.17834849295523453,
            0.1913692469620132,
            0.21570319240724764,
            0.23643456673365645,
            0.2572347266881029,
            0.2789011295495747,
            0.3029385034837928,
            0.3279226102639777,
            0.3561887800534283,
            0.39912193175014965
        ]
    ],
    "n_logical_errors": 2000,
    "n_runs": 100000,
    "per_list": [
        0.17,
        0.18000000000000002,
        0.19,
        0.2,
        0.21000000000000002,
        0.22000000000000003,
        0.23,
        0.24000000000000002,
        0.25,
        0.26,
        0.27,
        0.28,
        0.29000000000000004,
        0.30000000000000004,
        0.31000000000000005,
        0.32
    ]
}
