{
    "bias": 10,
    "code": "XZZX",
    "data": {
        "7": {
            "ler": [
                0.018472337674332685,
                0.020372822654578793,
                0.026983270372369132,
                0.03471017007983339,
                0.040526849037487336,
                0.05955926146515783,
                0.06572461386789352,
                0.08371703641691085,
                0.1049317943336831,
                0.11933174224343675,
                0.15396458814472672,
                0.1771479185119575,
                0.2,
                0.20060180541624875,
                0.24968789013732834,
                0.2570694087403599,
                0.31446540880503143,
                0.36968576709796674,
                0.37037037037037035,
                0.38095238095238093
            ],
            "ler_eb": [
                0.001294071083827663,
                0.0014258262939509634,
                0.0018820871991201272,
                0.0024114075102816116,
                0.00280701190138278,
                0.004084134377675944,
                0.004492111206945663,
                0.0056664838325806285,
                0.007019726098443238,
                0.007918577200395871,
                0.010013827766131926,
                0.011362710502886135,
                0.01264911064067352,
                0.012682399253788208,
                0.015293379294887726,
                0.01566785420243608,
                0.01841079613327975,
                0.02075373608229777,
                0.020780874358769706,
                0.021194233914826163
            ],
            "ler_x": [
                0.018472337674332685,
                0.020372822654578793,
                0.026983270372369132,
                0.03471017007983339,
                0.040526849037487336,
                0.05955926146515783,
                0.06572461386789352,
                0.08371703641691085,
                0.1044071353620147,
                0.11813842482100238,
                0.14934565050038492,
                0.17183348095659876,
                0.192,
                0.19157472417251756,
                0.23096129837702872,
                0.2120822622107969,
                0.27358490566037735,
                0.3142329020332717,
                0.3148148148148148,
                0.30666666666666664
            ],
            "ler_z": [
                0.0,
                0.0,
                0.0,
                0.0,
                0.0,
                0.0,
                0.0,
                0.0,
                0.0005246589716684155,
                0.0017899761336515514,
                0.005388760585065435,
                0.006200177147918512,
                0.009,
                0.013039117352056168,
                0.02871410736579276,
                0.055269922879177376,
                0.059748427672955975,
                0.07948243992606285,
                0.0962962962962963,
                0.1219047619047619
            ],
            "per": [
                0.15,
                0.15789473684210525,
                0.16578947368421051,
                0.17368421052631577,
                0.18157894736842106,
                0.1894736842105263,
                0.19736842105263158,
                0.20526315789473684,
                0.2131578947368421,
                0.22105263157894736,
                0.22894736842105262,
                0.2368421052631579,
                0.24473684210526314,
                0.25263157894736843,
                0.2605263157894737,
                0.26842105263157895,
                0.2763157894736842,
                0.28421052631578947,
                0.29210526315789476,
                0.3
            ],
            "ratio": 9.0
        }
    },
    "distance_array": [
        [
            5,
            45
        ],
        [
            7,
            63
        ],
        [
            9,
            81
        ],
        [
            11,
            99
        ],
        [
            13,
            117
        ]
    ],
    "ler_distances": [
        [
            0.03730647267300877,
            0.04836759371221282,
            0.05748778384593274,
            0.06702412868632708,
            0.07270083605961468,
            0.08382229673093043,
            0.1111111111111111,
            0.10834236186348863,
            0.13253810470510272,
            0.1551590380139643,
            0.18315018315018314,
            0.20040080160320642,
            0.19627085377821393,
            0.2107481559536354,
            0.2628120893561104,
            0.27472527472527475,
            0.315955766192733,
            0.34305317324185247,
            0.36036036036036034,
            0.4098360655737705
        ],
        [
            0.018472337674332685,
            0.020372822654578793,
            0.026983270372369132,
            0.03471017007983339,
            0.040526849037487336,
            0.05955926146515783,
            0.06572461386789352,
            0.08371703641691085,
            0.1049317943336831,
            0.11933174224343675,
            0.15396458814472672,
            0.1771479185119575,
            0.2,
            0.20060180541624875,
            0.24968789013732834,
            0.2570694087403599,
            0.31446540880503143,
            0.36968576709796674,
            0.37037037037037035,
            0.38095238095238093
        ]
    ],
    "n_logical_errors": 200,
    "n_runs": 20000,
    "per_list": [
        0.15,
        0.15789473684210525,
        0.16578947368421051,
        0.17368421052631577,
        0.18157894736842106,
        0.1894736842105263,
        0.19736842105263158,
        0.20526315789473684,
        0.2131578947368421,
        0.22105263157894736,
        0.22894736842105262,
        0.2368421052631579,
        0.24473684210526314,
        0.25263157894736843,
        0.2605263157894737,
        0.26842105263157895,
        0.2763157894736842,
        0.28421052631578947,
        0.29210526315789476,
        0.3
    ]
}
