{
    "bias": 10,
    "code": "XZZX",
    "data": {
        "11": {
            "ler": [
                0.003,
                0.00455,
                0.007567677383310478,
                0.011096527860637155,
                0.01443209698369173,
                0.02385496183206107,
                0.029014942695488176,
                0.04005607850991388,
                0.05223295899712719,
                0.07695267410542517,
                0.09045680687471733,
                0.1218026796589525,
                0.15772870662460567,
                0.2109704641350211,
                0.22935779816513763,
                0.2894356005788712,
                0.3048780487804878,
                0.3401360544217687,
                0.40404040404040403,
                0.4694835680751174
            ],
            "ler_eb": [
                0.0003867169507533902,
                0.00047588325774290484,
                0.0006176179726142409,
                0.0008091100333459265,
                0.001013112599656759,
                0.0016665598075335766,
                0.0020216826899549403,
                0.002775085468226636,
                0.003595675015532339,
                0.005227820922903042,
                0.006100113550586834,
                0.008071196093927643,
                0.010235798877093789,
                0.013251141476095116,
                0.014237210524398008,
                0.017251969148557436,
                0.017973872643176413,
                0.01953731467738066,
                0.022055566005083346,
                0.024179917722892574
            ],
            "ler_x": [
                0.003,
                0.00455,
                0.007567677383310478,
                0.011096527860637155,
                0.01443209698369173,
                0.02385496183206107,
                0.029014942695488176,
                0.03985579811736431,
                0.05223295899712719,
                0.07695267410542517,
                0.08909995477159656,
                0.11936662606577345,
                0.15141955835962145,
                0.19725738396624473,
                0.21100917431192662,
                0.2691751085383502,
                0.2728658536585366,
                0.30272108843537415,
                0.3212121212121212,
                0.3755868544600939
            ],
            "ler_z": [
                0.0,
                0.0,
                0.0,
                0.0,
                0.0,
                0.0,
                0.0,
                0.0002002803925495694,
                0.0,
                0.0,
                0.0013568521031207597,
                0.00243605359317905,
                0.01025236593059937,
                0.015822784810126583,
                0.021788990825688075,
                0.030390738060781478,
                0.042682926829268296,
                0.06802721088435375,
                0.12323232323232323,
                0.1572769953051643
            ],
            "per": [
                0.15,
                0.15789473684210525,
                0.16578947368421051,
                0.17368421052631577,
                0.18157894736842106,
                0.1894736842105263,
                0.19736842105263158,
                0.20526315789473684,
                0.2131578947368421,
                0.22105263157894736,
                0.22894736842105262,
                0.2368421052631579,
                0.24473684210526314,
                0.25263157894736843,
                0.2605263157894737,
                0.26842105263157895,
                0.2763157894736842,
                0.28421052631578947,
                0.29210526315789476,
                0.3
            ],
            "ratio": 9.0
        }
    },
    "distance_array": [
        [
            5,
            45
        ],
        [
            7,
            63
        ],
        [
            9,
            81
        ],
        [
            11,
            99
        ],
        [
            13,
            117
        ]
    ],
    "ler_distances": [
        [
            0.03730647267300877,
            0.04836759371221282,
            0.05748778384593274,
            0.06702412868632708,
            0.07270083605961468,
            0.08382229673093043,
            0.1111111111111111,
            0.10834236186348863,
            0.13253810470510272,
            0.1551590380139643,
            0.18315018315018314,
            0.20040080160320642,
            0.19627085377821393,
            0.2107481559536354,
            0.2628120893561104,
            0.27472527472527475,
            0.315955766192733,
            0.34305317324185247,
            0.36036036036036034,
            0.4098360655737705
        ],
        [
            0.018472337674332685,
            0.020372822654578793,
            0.026983270372369132,
            0.03471017007983339,
            0.040526849037487336,
            0.05955926146515783,
            0.06572461386789352,
            0.08371703641691085,
            0.1049317943336831,
            0.11933174224343675,
            0.15396458814472672,
            0.1771479185119575,
            0.2,
            0.20060180541624875,
            0.24968789013732834,
            0.2570694087403599,
            0.31446540880503143,
            0.36968576709796674,
            0.37037037037037035,
            0.38095238095238093
        ],
        [
            0.006606275962164056,
            0.00964970995091477,
            0.014114326040931546,
            0.023121387283236993,
            0.02820078962210942,
            0.0375234521575985,
            0.05042864346949067,
            0.06036824630244492,
            0.07964954201513341,
            0.08120178643930166,
            0.11634671320535195,
            0.12307692307692308,
            0.14450867052023122,
            0.1865671641791045,
            0.2249718785151856,
            0.2635046113306983,
            0.3184713375796178,
            0.3656307129798903,
            0.3824091778202677,
            0.40160642570281124
        ],
        [
            0.003,
            0.00455,
            0.007567677383310478,
            0.011096527860637155,
            0.01443209698369173,
            0.02385496183206107,
            0.029014942695488176,
            0.04005607850991388,
            0.05223295899712719,
            0.07695267410542517,
            0.09045680687471733,
            0.1218026796589525,
            0.15772870662460567,
            0.2109704641350211,
            0.22935779816513763,
            0.2894356005788712,
            0.3048780487804878,
            0.3401360544217687,
            0.40404040404040403,
            0.4694835680751174
        ]
    ],
    "n_logical_errors": 200,
    "n_runs": 20000,
    "per_list": [
        0.15,
        0.15789473684210525,
        0.16578947368421051,
        0.17368421052631577,
        0.18157894736842106,
        0.1894736842105263,
        0.19736842105263158,
        0.20526315789473684,
        0.2131578947368421,
        0.22105263157894736,
        0.22894736842105262,
        0.2368421052631579,
        0.24473684210526314,
        0.25263157894736843,
        0.2605263157894737,
        0.26842105263157895,
        0.2763157894736842,
        0.28421052631578947,
        0.29210526315789476,
        0.3
    ]
}
