{
    "bias": 10,
    "code": "XZZX",
    "data": {
        "9": {
            "ler": [
                0.006606275962164056,
                0.00964970995091477,
                0.014114326040931546,
                0.023121387283236993,
                0.02820078962210942,
                0.0375234521575985,
                0.05042864346949067,
                0.06036824630244492,
                0.07964954201513341,
                0.08120178643930166,
                0.11634671320535195,
                0.12307692307692308,
                0.14450867052023122,
                0.1865671641791045,
                0.2249718785151856,
                0.2635046113306983,
                0.3184713375796178,
                0.3656307129798903,
                0.3824091778202677,
                0.40160642570281124
            ],
            "ler_eb": [
                0.0005731000571414299,
                0.000730105507616694,
                0.0009909652502099302,
                0.0016159175254141305,
                0.0019657783235152264,
                0.002603052137535282,
                0.003474770220540726,
                0.004137827716730735,
                0.005403123588528062,
                0.0055037748208913335,
                0.00773357086999275,
                0.008149714259562544,
                0.009451194784270476,
                0.011898194450588795,
                0.014004640577211855,
                0.01599035987330103,
                0.018590771661101166,
                0.02059201024952316,
                0.021250234439786277,
                0.021967423148681324
            ],
            "ler_x": [
                0.006606275962164056,
                0.00964970995091477,
                0.014114326040931546,
                0.023121387283236993,
                0.02820078962210942,
                0.0375234521575985,
                0.05042864346949067,
                0.05946272260790824,
                0.07964954201513341,
                0.08038976857490865,
                0.1140197789412449,
                0.12,
                0.14017341040462428,
                0.17537313432835822,
                0.20584926884139482,
                0.23451910408432147,
                0.27229299363057324,
                0.3126142595978062,
                0.3173996175908222,
                0.3092369477911647
            ],
            "ler_z": [
                0.0,
                0.0,
                0.0,
                0.0,
                0.0,
                0.0,
                0.0,
                0.0009055236945366737,
                0.0,
                0.0008120178643930166,
                0.0029086678301337987,
                0.004923076923076923,
                0.0050578034682080926,
                0.017723880597014924,
                0.02249718785151856,
                0.03820816864295125,
                0.052547770700636945,
                0.07312614259597806,
                0.11281070745697896,
                0.12650602409638553
            ],
            "per": [
                0.15,
                0.15789473684210525,
                0.16578947368421051,
                0.17368421052631577,
                0.18157894736842106,
                0.1894736842105263,
                0.19736842105263158,
                0.20526315789473684,
                0.2131578947368421,
                0.22105263157894736,
                0.22894736842105262,
                0.2368421052631579,
                0.24473684210526314,
                0.25263157894736843,
                0.2605263157894737,
                0.26842105263157895,
                0.2763157894736842,
                0.28421052631578947,
                0.29210526315789476,
                0.3
            ],
            "ratio": 9.0
        }
    },
    "distance_array": [
        [
            5,
            45
        ],
        [
            7,
            63
        ],
        [
            9,
            81
        ],
        [
            11,
            99
        ],
        [
            13,
            117
        ]
    ],
    "ler_distances": [
        [
            0.03730647267300877,
            0.04836759371221282,
            0.05748778384593274,
            0.06702412868632708,
            0.07270083605961468,
            0.08382229673093043,
            0.1111111111111111,
            0.10834236186348863,
            0.13253810470510272,
            0.1551590380139643,
            0.18315018315018314,
            0.20040080160320642,
            0.19627085377821393,
            0.2107481559536354,
            0.2628120893561104,
            0.27472527472527475,
            0.315955766192733,
            0.34305317324185247,
            0.36036036036036034,
            0.4098360655737705
        ],
        [
            0.018472337674332685,
            0.020372822654578793,
            0.026983270372369132,
            0.03471017007983339,
            0.040526849037487336,
            0.05955926146515783,
            0.06572461386789352,
            0.08371703641691085,
            0.1049317943336831,
            0.11933174224343675,
            0.15396458814472672,
            0.1771479185119575,
            0.2,
            0.20060180541624875,
            0.24968789013732834,
            0.2570694087403599,
            0.31446540880503143,
            0.36968576709796674,
            0.37037037037037035,
            0.38095238095238093
        ],
        [
            0.006606275962164056,
            0.00964970995091477,
            0.014114326040931546,
            0.023121387283236993,
            0.02820078962210942,
            0.0375234521575985,
            0.05042864346949067,
            0.06036824630244492,
            0.07964954201513341,
            0.08120178643930166,
            0.11634671320535195,
            0.12307692307692308,
            0.14450867052023122,
            0.1865671641791045,
            0.2249718785151856,
            0.2635046113306983,
            0.3184713375796178,
            0.3656307129798903,
            0.3824091778202677,
            0.40160642570281124
        ]
    ],
    "n_logical_errors": 200,
    "n_runs": 20000,
    "per_list": [
        0.15,
        0.15789473684210525,
        0.16578947368421051,
        0.17368421052631577,
        0.18157894736842106,
        0.1894736842105263,
        0.19736842105263158,
        0.20526315789473684,
        0.2131578947368421,
        0.22105263157894736,
        0.22894736842105262,
        0.2368421052631579,
        0.24473684210526314,
        0.25263157894736843,
        0.2605263157894737,
        0.26842105263157895,
        0.2763157894736842,
        0.28421052631578947,
        0.29210526315789476,
        0.3
    ]
}
