{
    "bias": 10,
    "code": "XZZX",
    "data": {
        "3": {
            "ler": [
                0.08347942232239752,
                0.09676795045480936,
                0.11403028644407955,
                0.12095701187797857,
                0.13769173574202076,
                0.15187412672377135,
                0.1763046544428773,
                0.19936204146730463,
                0.2142979598834219,
                0.2353494939985879,
                0.25644971021182744,
                0.28148398356133536,
                0.31287153494775044,
                0.3279118572927597,
                0.3618206816701643,
                0.3901677721420211
            ],
            "ler_eb": [
                0.0011302266488059803,
                0.0013006073689440024,
                0.001517905208167057,
                0.0016038033058324947,
                0.001808231983646661,
                0.001978012116935749,
                0.0022628829053184508,
                0.002522757803156082,
                0.002686346160659906,
                0.002910447414110662,
                0.003127320445099649,
                0.0033743250271968785,
                0.003667752490673896,
                0.003801764715078737,
                0.0040877069010210225,
                0.00430895121932417
            ],
            "ler_x": [
                0.0811419984973704,
                0.09322624346816334,
                0.10805509943440977,
                0.11309480610590995,
                0.12590532316250377,
                0.137081586780876,
                0.15317348377997178,
                0.16810207336523125,
                0.17615292302417282,
                0.18832666509767004,
                0.200953992921988,
                0.20886111580251085,
                0.22608097115324446,
                0.2330797481636936,
                0.2516101020334322,
                0.26437768240343346
            ],
            "ler_z": [
                0.0025210785541364055,
                0.0038900716082833366,
                0.0069102353585112205,
                0.009241115707477562,
                0.013521328449866438,
                0.017981896604094525,
                0.02803244005641749,
                0.03823763955342903,
                0.04834561974969998,
                0.05940221228524359,
                0.07042109042416782,
                0.09305860496537748,
                0.1113196921344096,
                0.1272953830010493,
                0.14964903393877993,
                0.17128365197034726
            ],
            "per": [
                0.17,
                0.18000000000000002,
                0.19,
                0.2,
                0.21000000000000002,
                0.22000000000000003,
                0.23,
                0.24000000000000002,
                0.25,
                0.26,
                0.27,
                0.28,
                0.29000000000000004,
                0.30000000000000004,
                0.31000000000000005,
                0.32
            ],
            "ratio": 7.0
        }
    },
    "distance_array": [
        [
            3,
            21
        ],
        [
            5,
            35
        ],
        [
            7,
            49
        ],
        [
            9,
            63
        ]
    ],
    "ler_distances": [
        [
            0.08347942232239752,
            0.09676795045480936,
            0.11403028644407955,
            0.12095701187797857,
            0.13769173574202076,
            0.15187412672377135,
            0.1763046544428773,
            0.19936204146730463,
            0.2142979598834219,
            0.2353494939985879,
            0.25644971021182744,
            0.28148398356133536,
            0.31287153494775044,
            0.3279118572927597,
            0.3618206816701643,
            0.3901677721420211
        ]
    ],
    "n_logical_errors": 5000,
    "n_runs": 100000,
    "per_list": [
        0.17,
        0.18000000000000002,
        0.19,
        0.2,
        0.21000000000000002,
        0.22000000000000003,
        0.23,
        0.24000000000000002,
        0.25,
        0.26,
        0.27,
        0.28,
        0.29000000000000004,
        0.30000000000000004,
        0.31000000000000005,
        0.32
    ]
}
