{
    "bias": 10,
    "code": "XZZX",
    "data": {
        "5": {
            "ler": [
                0.048070235563305745,
                0.05999232098291419,
                0.07224076401832026,
                0.08990865280874631,
                0.1059322033898305,
                0.12311025754665879,
                0.14833714065327677,
                0.17625493513818388,
                0.19713756259117612,
                0.2320293285071233,
                0.25952455102252675,
                0.2901073397156948,
                0.32771842432981585,
                0.36600541688016985,
                0.40773057163826143,
                0.4456725198324271
            ],
            "ler_eb": [
                0.0006791489636168673,
                0.0008225766225328642,
                0.0009840450283439038,
                0.0012129949162655099,
                0.0014165380010308709,
                0.001630353321630742,
                0.0019359705889049595,
                0.0022623130294342248,
                0.002498071992486012,
                0.0028756114117198385,
                0.0031582665316024923,
                0.0034567666025183802,
                0.0038000688089018827,
                0.00412140491295404,
                0.004437597741667829,
                0.004692605643189333
            ],
            "ler_x": [
                0.04754608956848673,
                0.05880447302745249,
                0.0704202967650586,
                0.08676184996044019,
                0.10086864406779661,
                0.11478800413650465,
                0.13291007802533597,
                0.15372955442752398,
                0.16780349327760913,
                0.19244512506380806,
                0.20824249974047546,
                0.21961125616478097,
                0.23490856655961198,
                0.2551789766488544,
                0.2814971866590557,
                0.2997593368392905
            ],
            "ler_z": [
                0.0005644649174974044,
                0.001259838740641198,
                0.0021094303093349516,
                0.0035424009206646047,
                0.005656779661016949,
                0.00967646624316738,
                0.017919126590915834,
                0.027566271855611956,
                0.03595789141663053,
                0.04979349389762866,
                0.06628257033115333,
                0.09318247751668117,
                0.12427082650586616,
                0.148744601420101,
                0.17565033026176302,
                0.20518762813084945
            ],
            "per": [
                0.17,
                0.18000000000000002,
                0.19,
                0.2,
                0.21000000000000002,
                0.22000000000000003,
                0.23,
                0.24000000000000002,
                0.25,
                0.26,
                0.27,
                0.28,
                0.29000000000000004,
                0.30000000000000004,
                0.31000000000000005,
                0.32
            ],
            "ratio": 7.0
        }
    },
    "distance_array": [
        [
            3,
            21
        ],
        [
            5,
            35
        ],
        [
            7,
            49
        ],
        [
            9,
            63
        ]
    ],
    "ler_distances": [
        [
            0.08347942232239752,
            0.09676795045480936,
            0.11403028644407955,
            0.12095701187797857,
            0.13769173574202076,
            0.15187412672377135,
            0.1763046544428773,
            0.19936204146730463,
            0.2142979598834219,
            0.2353494939985879,
            0.25644971021182744,
            0.28148398356133536,
            0.31287153494775044,
            0.3279118572927597,
            0.3618206816701643,
            0.3901677721420211
        ],
        [
            0.048070235563305745,
            0.05999232098291419,
            0.07224076401832026,
            0.08990865280874631,
            0.1059322033898305,
            0.12311025754665879,
            0.14833714065327677,
            0.17625493513818388,
            0.19713756259117612,
            0.2320293285071233,
            0.25952455102252675,
            0.2901073397156948,
            0.32771842432981585,
            0.36600541688016985,
            0.40773057163826143,
            0.4456725198324271
        ]
    ],
    "n_logical_errors": 5000,
    "n_runs": 100000,
    "per_list": [
        0.17,
        0.18000000000000002,
        0.19,
        0.2,
        0.21000000000000002,
        0.22000000000000003,
        0.23,
        0.24000000000000002,
        0.25,
        0.26,
        0.27,
        0.28,
        0.29000000000000004,
        0.30000000000000004,
        0.31000000000000005,
        0.32
    ]
}
