{
    "bias": 3,
    "code": "XZZX",
    "data": {
        "9": {
            "ler": [
                0.0826787928896238,
                0.11045452035124538,
                0.1434308663224326,
                0.18487705675725644,
                0.22168033695411218,
                0.27089259108763375,
                0.317208564631245,
                0.3591309032142216,
                0.40477636106051407,
                0.4491354143274197,
                0.48484848484848486
            ],
            "ler_eb": [
                0.0017706790397821603,
                0.002329445610986365,
                0.0029683071215500737,
                0.0037323260793830086,
                0.004373117800297725,
                0.005172230668768265,
                0.005861029932738378,
                0.006428689422217663,
                0.00698297085230414,
                0.007453920032745202,
                0.007781414245357053
            ],
            "ler_x": [
                0.08251343530384457,
                0.10968133870878666,
                0.14156626506024098,
                0.18164170826400444,
                0.21292396364442473,
                0.25802519301097115,
                0.2980174464710547,
                0.3282456455377985,
                0.3622748431491601,
                0.39299348753649227,
                0.41284848484848485
            ],
            "ler_z": [
                0.00016535758577924763,
                0.000883636162809963,
                0.002223178427997705,
                0.004159733777038269,
                0.01075149634227444,
                0.018827035080590547,
                0.0302934179222839,
                0.04758484467588436,
                0.06739526411657559,
                0.09656411408039524,
                0.12169696969696969
            ],
            "per": [
                0.15,
                0.16,
                0.16999999999999998,
                0.18,
                0.19,
                0.2,
                0.21,
                0.22,
                0.22999999999999998,
                0.24,
                0.25
            ],
            "ratio": 5.0
        }
    },
    "distance_array": [
        [
            3,
            15
        ],
        [
            5,
            25
        ],
        [
            7,
            35
        ],
        [
            9,
            45
        ]
    ],
    "ler_distances": [
        [
            0.18800526414739613,
            0.20787859889824342,
            0.23424689622862496,
            0.2517306482064191,
            0.26430553720100436,
            0.29235491887151,
            0.3068896731624981,
            0.33472803347280333,
            0.3644979041370512,
            0.3855050115651503,
            0.39486673247778875
        ],
        [
            0.146177459435755,
            0.16669444907484582,
            0.20892092343048158,
            0.22406453058480844,
            0.25068939583855604,
            0.2957267484844004,
            0.3201536737634064,
            0.35285815102328866,
            0.3750234389649353,
            0.40265753976243207,
            0.43205875999135884
        ],
        [
            0.10971528882549783,
            0.1416029453412631,
            0.16615435739802276,
            0.2031488065007618,
            0.24137098720733768,
            0.2808594298553574,
            0.3213367609254499,
            0.3558085749866572,
            0.39447731755424065,
            0.4230118443316413,
            0.4681647940074906
        ],
        [
            0.0826787928896238,
            0.11045452035124538,
            0.1434308663224326,
            0.18487705675725644,
            0.22168033695411218,
            0.27089259108763375,
            0.317208564631245,
            0.3591309032142216,
            0.40477636106051407,
            0.4491354143274197,
            0.48484848484848486
        ]
    ],
    "n_logical_errors": 2000,
    "n_runs": 100000,
    "per_list": [
        0.15,
        0.16,
        0.16999999999999998,
        0.18,
        0.19,
        0.2,
        0.21,
        0.22,
        0.22999999999999998,
        0.24,
        0.25
    ]
}
