{
    "bias": 3,
    "code": "XZZX",
    "data": {
        "9": {
            "ler": [
                0.08040136360712678,
                0.11055831951354339,
                0.14435013568912755,
                0.18069459000397528,
                0.2238638907544213,
                0.2719016803523846,
                0.31212934640114864,
                0.3692489476404992,
                0.4103405826836274,
                0.45146726862302483,
                0.49588416145988296
            ],
            "ler_eb": [
                0.0010903792332682223,
                0.0014745692234312533,
                0.0018883401933208464,
                0.002313039552076962,
                0.0027891250739061203,
                0.0032811184109616575,
                0.003661027504258441,
                0.004147279031676277,
                0.004456152942494343,
                0.004728708479201512,
                0.004979209576315375
            ],
            "ler_x": [
                0.08006367787997684,
                0.1098065229408513,
                0.14238697384375543,
                0.17646633659788227,
                0.2158943362435639,
                0.25808907499048345,
                0.2907172732380298,
                0.3369765896167196,
                0.3629872794419368,
                0.39304740406320543,
                0.4115838540117029
            ],
            "ler_z": [
                0.00035376599987135783,
                0.0008623548922056384,
                0.002425082279577343,
                0.0050955874381121025,
                0.010163420640250727,
                0.01935939964108978,
                0.030963231162993946,
                0.050070157300051696,
                0.0727944193680755,
                0.0982392776523702,
                0.1415253396806506
            ],
            "per": [
                0.15,
                0.16,
                0.16999999999999998,
                0.18,
                0.19,
                0.2,
                0.21,
                0.22,
                0.22999999999999998,
                0.24,
                0.25
            ],
            "ratio": 5.0
        }
    },
    "distance_array": [
        [
            3,
            15
        ],
        [
            5,
            25
        ],
        [
            7,
            35
        ],
        [
            9,
            45
        ]
    ],
    "ler_distances": [
        [
            0.18666467557679384,
            0.20384866275277233,
            0.2258661968649772,
            0.2512057877813505,
            0.27194604590449256,
            0.29270577215782695,
            0.31605562579013907,
            0.33500837520938026,
            0.35724492712203487,
            0.3790175864160097,
            0.3903505347802326
        ],
        [
            0.14262893655864903,
            0.171556013038257,
            0.19888623707239458,
            0.23631723225257587,
            0.25614754098360654,
            0.2913752913752914,
            0.3208624783417827,
            0.3516916367728775,
            0.3842311534619227,
            0.4061078622482131,
            0.44730721059223477
        ],
        [
            0.1109434632111476,
            0.13886960144424385,
            0.17007381203442293,
            0.2140502590008134,
            0.24289531212047608,
            0.27839643652561247,
            0.3238132245320899,
            0.3534817956875221,
            0.40535062829347385,
            0.4376750700280112,
            0.473081653893462
        ],
        [
            0.08040136360712678,
            0.11055831951354339,
            0.14435013568912755,
            0.18069459000397528,
            0.2238638907544213,
            0.2719016803523846,
            0.31212934640114864,
            0.3692489476404992,
            0.4103405826836274,
            0.45146726862302483,
            0.49588416145988296
        ]
    ],
    "n_logical_errors": 5000,
    "n_runs": 100000,
    "per_list": [
        0.15,
        0.16,
        0.16999999999999998,
        0.18,
        0.19,
        0.2,
        0.21,
        0.22,
        0.22999999999999998,
        0.24,
        0.25
    ]
}
