{
    "bias": 3,
    "code": "XZZX",
    "data": {
        "5": {
            "ler": [
                0.146177459435755,
                0.16669444907484582,
                0.20892092343048158,
                0.22406453058480844,
                0.25068939583855604,
                0.2957267484844004,
                0.3201536737634064,
                0.35285815102328866,
                0.3750234389649353,
                0.40265753976243207,
                0.43205875999135884
            ],
            "ler_eb": [
                0.003020293998278539,
                0.0034025794727017464,
                0.004155056062061191,
                0.004413375885176325,
                0.0048523476116493075,
                0.005549402269622191,
                0.005902674968582362,
                0.006347239692006527,
                0.006629416107082259,
                0.006958770776923866,
                0.0072808070135266965
            ],
            "ler_x": [
                0.14449641865224383,
                0.1641106851141857,
                0.20369790034471952,
                0.21611023974904772,
                0.23853096014038605,
                0.2775395534526098,
                0.2980630702737314,
                0.31598447424135495,
                0.3350834427151697,
                0.35111737467284077,
                0.37502700367249947
            ],
            "ler_z": [
                0.0019733957023826926,
                0.0030005000833472247,
                0.006998850934921133,
                0.0106430652027784,
                0.017172223614941088,
                0.026467543989353838,
                0.034416519929566194,
                0.050282286520818634,
                0.063753984624039,
                0.08455808335011072,
                0.09699719161806006
            ],
            "per": [
                0.15,
                0.16,
                0.16999999999999998,
                0.18,
                0.19,
                0.2,
                0.21,
                0.22,
                0.22999999999999998,
                0.24,
                0.25
            ],
            "ratio": 5.0
        }
    },
    "distance_array": [
        [
            3,
            15
        ],
        [
            5,
            25
        ],
        [
            7,
            35
        ],
        [
            9,
            45
        ]
    ],
    "ler_distances": [
        [
            0.18800526414739613,
            0.20787859889824342,
            0.23424689622862496,
            0.2517306482064191,
            0.26430553720100436,
            0.29235491887151,
            0.3068896731624981,
            0.33472803347280333,
            0.3644979041370512,
            0.3855050115651503,
            0.39486673247778875
        ],
        [
            0.146177459435755,
            0.16669444907484582,
            0.20892092343048158,
            0.22406453058480844,
            0.25068939583855604,
            0.2957267484844004,
            0.3201536737634064,
            0.35285815102328866,
            0.3750234389649353,
            0.40265753976243207,
            0.43205875999135884
        ]
    ],
    "n_logical_errors": 2000,
    "n_runs": 100000,
    "per_list": [
        0.15,
        0.16,
        0.16999999999999998,
        0.18,
        0.19,
        0.2,
        0.21,
        0.22,
        0.22999999999999998,
        0.24,
        0.25
    ]
}
