{
    "bias": 3,
    "code": "XZZX",
    "data": {
        "9": {
            "ler": [
                0.11098779134295228,
                0.16339869281045752,
                0.2127659574468085,
                0.29850746268656714,
                0.35587188612099646,
                0.4098360655737705,
                0.45454545454545453
            ],
            "ler_eb": [
                0.010464755155351177,
                0.014945410469935411,
                0.018877917122673647,
                0.025001537708350546,
                0.028561420785014377,
                0.0314844786720236,
                0.033570406630727107
            ],
            "ler_x": [
                0.06326304106548279,
                0.06699346405228758,
                0.10212765957446808,
                0.1373134328358209,
                0.15302491103202848,
                0.20901639344262296,
                0.21818181818181817
            ],
            "ler_z": [
                0.049944506104328525,
                0.10620915032679738,
                0.11914893617021277,
                0.19402985074626866,
                0.2206405693950178,
                0.27049180327868855,
                0.3090909090909091
            ],
            "per": [
                0.18,
                0.19166666666666665,
                0.20333333333333334,
                0.215,
                0.22666666666666666,
                0.23833333333333334,
                0.25
            ],
            "ratio": 2.0
        }
    },
    "distance_array": [
        [
            5,
            10
        ],
        [
            7,
            14
        ],
        [
            9,
            18
        ]
    ],
    "ler_distances": [
        [
            0.14771048744460857,
            0.1937984496124031,
            0.2564102564102564,
            0.3058103975535168,
            0.32894736842105265,
            0.4065040650406504,
            0.38910505836575876
        ],
        [
            0.14144271570014144,
            0.17857142857142858,
            0.22988505747126436,
            0.2976190476190476,
            0.3472222222222222,
            0.3861003861003861,
            0.4065040650406504
        ],
        [
            0.11098779134295228,
            0.16339869281045752,
            0.2127659574468085,
            0.29850746268656714,
            0.35587188612099646,
            0.4098360655737705,
            0.45454545454545453
        ]
    ],
    "n_logical_errors": 100,
    "n_runs": 10000,
    "per_list": [
        0.18,
        0.19166666666666665,
        0.20333333333333334,
        0.215,
        0.22666666666666666,
        0.23833333333333334,
        0.25
    ]
}
