{
    "bias": 3,
    "code": "XZZX",
    "data": {
        "3": {
            "ler": [
                0.18666467557679384,
                0.20384866275277233,
                0.2258661968649772,
                0.2512057877813505,
                0.27194604590449256,
                0.29270577215782695,
                0.31605562579013907,
                0.33500837520938026,
                0.35724492712203487,
                0.3790175864160097,
                0.3903505347802326
            ],
            "ler_eb": [
                0.002380739924684538,
                0.0025722944405953403,
                0.0028104395790336536,
                0.0030741558324064,
                0.0032815538004804753,
                0.0034813392102177815,
                0.003696484707215635,
                0.0038634807276940147,
                0.004050455123584788,
                0.004223903717411469,
                0.0043103235882379414
            ],
            "ler_x": [
                0.181998058687374,
                0.19724396607958253,
                0.2156570447666802,
                0.2387459807073955,
                0.255085391058414,
                0.27198220348905283,
                0.29146649810366626,
                0.3085427135678392,
                0.3220205773078022,
                0.3336112795633717,
                0.3435084706066047
            ],
            "ler_z": [
                0.006458597774957067,
                0.008520874103065883,
                0.01237746758820075,
                0.017885852090032156,
                0.022843467855977375,
                0.02921203606135113,
                0.03805309734513274,
                0.04361809045226131,
                0.05808802515004287,
                0.07163432383262583,
                0.0765087048169256
            ],
            "per": [
                0.15,
                0.16,
                0.16999999999999998,
                0.18,
                0.19,
                0.2,
                0.21,
                0.22,
                0.22999999999999998,
                0.24,
                0.25
            ],
            "ratio": 5.0
        }
    },
    "distance_array": [
        [
            3,
            15
        ],
        [
            5,
            25
        ],
        [
            7,
            35
        ],
        [
            9,
            45
        ]
    ],
    "ler_distances": [
        [
            0.18666467557679384,
            0.20384866275277233,
            0.2258661968649772,
            0.2512057877813505,
            0.27194604590449256,
            0.29270577215782695,
            0.31605562579013907,
            0.33500837520938026,
            0.35724492712203487,
            0.3790175864160097,
            0.3903505347802326
        ]
    ],
    "n_logical_errors": 5000,
    "n_runs": 100000,
    "per_list": [
        0.15,
        0.16,
        0.16999999999999998,
        0.18,
        0.19,
        0.2,
        0.21,
        0.22,
        0.22999999999999998,
        0.24,
        0.25
    ]
}
