{
    "bias": 3,
    "code": "XZZX",
    "data": {
        "7": {
            "ler": [
                0.1109434632111476,
                0.13886960144424385,
                0.17007381203442293,
                0.2140502590008134,
                0.24289531212047608,
                0.27839643652561247,
                0.3238132245320899,
                0.3534817956875221,
                0.40535062829347385,
                0.4376750700280112,
                0.473081653893462
            ],
            "ler_eb": [
                0.0014793856653615581,
                0.0018224543016717892,
                0.002191150348905489,
                0.0026836640167097548,
                0.002988904910014079,
                0.003344475388860801,
                0.0037656756977905046,
                0.004019503668653021,
                0.0044205502378087125,
                0.004641522677387747,
                0.004856492968331292
            ],
            "ler_x": [
                0.11038874589509186,
                0.1371198444660464,
                0.1664342324568863,
                0.20844214221499208,
                0.23371386932232208,
                0.2619153674832962,
                0.3012758241046564,
                0.3230823612583952,
                0.35881637616538303,
                0.38174019607843135,
                0.40155170782477057
            ],
            "ler_z": [
                0.0006878494719091151,
                0.0019997222607971116,
                0.0041838157760468045,
                0.007320518857827818,
                0.01248481904299247,
                0.022884187082405347,
                0.03361181270643093,
                0.04736656062212796,
                0.07077421970004054,
                0.09523809523809523,
                0.12063582174283281
            ],
            "per": [
                0.15,
                0.16,
                0.16999999999999998,
                0.18,
                0.19,
                0.2,
                0.21,
                0.22,
                0.22999999999999998,
                0.24,
                0.25
            ],
            "ratio": 5.0
        }
    },
    "distance_array": [
        [
            3,
            15
        ],
        [
            5,
            25
        ],
        [
            7,
            35
        ],
        [
            9,
            45
        ]
    ],
    "ler_distances": [
        [
            0.18666467557679384,
            0.20384866275277233,
            0.2258661968649772,
            0.2512057877813505,
            0.27194604590449256,
            0.29270577215782695,
            0.31605562579013907,
            0.33500837520938026,
            0.35724492712203487,
            0.3790175864160097,
            0.3903505347802326
        ],
        [
            0.14262893655864903,
            0.171556013038257,
            0.19888623707239458,
            0.23631723225257587,
            0.25614754098360654,
            0.2913752913752914,
            0.3208624783417827,
            0.3516916367728775,
            0.3842311534619227,
            0.4061078622482131,
            0.44730721059223477
        ],
        [
            0.1109434632111476,
            0.13886960144424385,
            0.17007381203442293,
            0.2140502590008134,
            0.24289531212047608,
            0.27839643652561247,
            0.3238132245320899,
            0.3534817956875221,
            0.40535062829347385,
            0.4376750700280112,
            0.473081653893462
        ]
    ],
    "n_logical_errors": 5000,
    "n_runs": 100000,
    "per_list": [
        0.15,
        0.16,
        0.16999999999999998,
        0.18,
        0.19,
        0.2,
        0.21,
        0.22,
        0.22999999999999998,
        0.24,
        0.25
    ]
}
