{
    "bias": 3,
    "code": "XZZX",
    "data": {
        "7": {
            "ler": [
                0.10971528882549783,
                0.1416029453412631,
                0.16615435739802276,
                0.2031488065007618,
                0.24137098720733768,
                0.2808594298553574,
                0.3213367609254499,
                0.3558085749866572,
                0.39447731755424065,
                0.4230118443316413,
                0.4681647940074906
            ],
            "ler_eb": [
                0.002314816719615854,
                0.002933603386827403,
                0.0033926539903032875,
                0.0040549722929265515,
                0.0047009409155421645,
                0.005325751607115022,
                0.005919330330556097,
                0.006385705451523231,
                0.006863920528932806,
                0.00718490415327792,
                0.007634354022672507
            ],
            "ler_x": [
                0.10927642767019584,
                0.13954970263381478,
                0.16299742460746033,
                0.19715591670898933,
                0.23050929278300747,
                0.2655525909282404,
                0.29546915167095117,
                0.32378580323785805,
                0.3516765285996055,
                0.36844331641285955,
                0.40613295880149813
            ],
            "ler_z": [
                0.0005485764441274892,
                0.002194845652789578,
                0.003655395862756501,
                0.007211782630777044,
                0.014120202751629254,
                0.023030473248139307,
                0.03598971722365039,
                0.048034157623198716,
                0.06903353057199212,
                0.08989001692047377,
                0.10533707865168539
            ],
            "per": [
                0.15,
                0.16,
                0.16999999999999998,
                0.18,
                0.19,
                0.2,
                0.21,
                0.22,
                0.22999999999999998,
                0.24,
                0.25
            ],
            "ratio": 5.0
        }
    },
    "distance_array": [
        [
            3,
            15
        ],
        [
            5,
            25
        ],
        [
            7,
            35
        ],
        [
            9,
            45
        ]
    ],
    "ler_distances": [
        [
            0.18800526414739613,
            0.20787859889824342,
            0.23424689622862496,
            0.2517306482064191,
            0.26430553720100436,
            0.29235491887151,
            0.3068896731624981,
            0.33472803347280333,
            0.3644979041370512,
            0.3855050115651503,
            0.39486673247778875
        ],
        [
            0.146177459435755,
            0.16669444907484582,
            0.20892092343048158,
            0.22406453058480844,
            0.25068939583855604,
            0.2957267484844004,
            0.3201536737634064,
            0.35285815102328866,
            0.3750234389649353,
            0.40265753976243207,
            0.43205875999135884
        ],
        [
            0.10971528882549783,
            0.1416029453412631,
            0.16615435739802276,
            0.2031488065007618,
            0.24137098720733768,
            0.2808594298553574,
            0.3213367609254499,
            0.3558085749866572,
            0.39447731755424065,
            0.4230118443316413,
            0.4681647940074906
        ]
    ],
    "n_logical_errors": 2000,
    "n_runs": 100000,
    "per_list": [
        0.15,
        0.16,
        0.16999999999999998,
        0.18,
        0.19,
        0.2,
        0.21,
        0.22,
        0.22999999999999998,
        0.24,
        0.25
    ]
}
