{
    "bias": 3,
    "code": "XZZX",
    "data": {
        "7": {
            "ler": [
                0.14144271570014144,
                0.17857142857142858,
                0.22988505747126436,
                0.2976190476190476,
                0.3472222222222222,
                0.3861003861003861,
                0.4065040650406504
            ],
            "ler_eb": [
                0.01310585095998906,
                0.01618441012812439,
                0.02017383749147987,
                0.024942908031176363,
                0.02805370287856672,
                0.030251639475245427,
                0.031316539575762734
            ],
            "ler_x": [
                0.06930693069306931,
                0.08392857142857142,
                0.10574712643678161,
                0.1636904761904762,
                0.12152777777777778,
                0.2084942084942085,
                0.1951219512195122
            ],
            "ler_z": [
                0.07920792079207921,
                0.10714285714285714,
                0.1425287356321839,
                0.1636904761904762,
                0.2604166666666667,
                0.22393822393822393,
                0.2682926829268293
            ],
            "per": [
                0.18,
                0.19166666666666665,
                0.20333333333333334,
                0.215,
                0.22666666666666666,
                0.23833333333333334,
                0.25
            ],
            "ratio": 2.0
        }
    },
    "distance_array": [
        [
            5,
            10
        ],
        [
            7,
            14
        ],
        [
            9,
            18
        ]
    ],
    "ler_distances": [
        [
            0.14771048744460857,
            0.1937984496124031,
            0.2564102564102564,
            0.3058103975535168,
            0.32894736842105265,
            0.4065040650406504,
            0.38910505836575876
        ],
        [
            0.14144271570014144,
            0.17857142857142858,
            0.22988505747126436,
            0.2976190476190476,
            0.3472222222222222,
            0.3861003861003861,
            0.4065040650406504
        ]
    ],
    "n_logical_errors": 100,
    "n_runs": 10000,
    "per_list": [
        0.18,
        0.19166666666666665,
        0.20333333333333334,
        0.215,
        0.22666666666666666,
        0.23833333333333334,
        0.25
    ]
}
