{
    "bias": 3,
    "code": "XZZX",
    "data": {
        "5": {
            "ler": [
                0.14262893655864903,
                0.171556013038257,
                0.19888623707239458,
                0.23631723225257587,
                0.25614754098360654,
                0.2913752913752914,
                0.3208624783417827,
                0.3516916367728775,
                0.3842311534619227,
                0.4061078622482131,
                0.44730721059223477
            ],
            "ler_eb": [
                0.0018676997165333322,
                0.0022082717546411737,
                0.002517484615603486,
                0.0029205650574665354,
                0.003124270228163538,
                0.003468772874312999,
                0.0037394935995487435,
                0.004004680294465122,
                0.004263992467866461,
                0.004425987502544152,
                0.0047028680766905565
            ],
            "ler_x": [
                0.14086033774532178,
                0.16853662720878368,
                0.19427207637231503,
                0.2264864353908687,
                0.24267418032786886,
                0.2746503496503496,
                0.29763203490983764,
                0.3219385243018921,
                0.3464996541919619,
                0.3598927875243665,
                0.38405797101449274
            ],
            "ler_z": [
                0.0023105887722501143,
                0.003877165894664608,
                0.0065234685759745425,
                0.012855657434540127,
                0.01746926229508197,
                0.02400932400932401,
                0.03503818263492267,
                0.04684532601814729,
                0.06009375240144471,
                0.07707927225471085,
                0.10449096439434603
            ],
            "per": [
                0.15,
                0.16,
                0.16999999999999998,
                0.18,
                0.19,
                0.2,
                0.21,
                0.22,
                0.22999999999999998,
                0.24,
                0.25
            ],
            "ratio": 5.0
        }
    },
    "distance_array": [
        [
            3,
            15
        ],
        [
            5,
            25
        ],
        [
            7,
            35
        ],
        [
            9,
            45
        ]
    ],
    "ler_distances": [
        [
            0.18666467557679384,
            0.20384866275277233,
            0.2258661968649772,
            0.2512057877813505,
            0.27194604590449256,
            0.29270577215782695,
            0.31605562579013907,
            0.33500837520938026,
            0.35724492712203487,
            0.3790175864160097,
            0.3903505347802326
        ],
        [
            0.14262893655864903,
            0.171556013038257,
            0.19888623707239458,
            0.23631723225257587,
            0.25614754098360654,
            0.2913752913752914,
            0.3208624783417827,
            0.3516916367728775,
            0.3842311534619227,
            0.4061078622482131,
            0.44730721059223477
        ]
    ],
    "n_logical_errors": 5000,
    "n_runs": 100000,
    "per_list": [
        0.15,
        0.16,
        0.16999999999999998,
        0.18,
        0.19,
        0.2,
        0.21,
        0.22,
        0.22999999999999998,
        0.24,
        0.25
    ]
}
