{
    "bias": 3,
    "code": "XZZX",
    "data": {
        "5": {
            "ler": [
                0.14771048744460857,
                0.1937984496124031,
                0.2564102564102564,
                0.3058103975535168,
                0.32894736842105265,
                0.4065040650406504,
                0.38910505836575876
            ],
            "ler_eb": [
                0.013636562381865605,
                0.017400916093468253,
                0.022110679448784004,
                0.025479523367094255,
                0.026946645457537017,
                0.031316539575762734,
                0.03041236129492141
            ],
            "ler_x": [
                0.07828655834564253,
                0.08139534883720931,
                0.1358974358974359,
                0.1651376146788991,
                0.13157894736842105,
                0.1910569105691057,
                0.17120622568093385
            ],
            "ler_z": [
                0.07976366322008863,
                0.12209302325581395,
                0.14102564102564102,
                0.18960244648318042,
                0.22697368421052633,
                0.26422764227642276,
                0.2723735408560311
            ],
            "per": [
                0.18,
                0.19166666666666665,
                0.20333333333333334,
                0.215,
                0.22666666666666666,
                0.23833333333333334,
                0.25
            ],
            "ratio": 2.0
        }
    },
    "distance_array": [
        [
            5,
            10
        ],
        [
            7,
            14
        ],
        [
            9,
            18
        ]
    ],
    "ler_distances": [
        [
            0.14771048744460857,
            0.1937984496124031,
            0.2564102564102564,
            0.3058103975535168,
            0.32894736842105265,
            0.4065040650406504,
            0.38910505836575876
        ]
    ],
    "n_logical_errors": 100,
    "n_runs": 10000,
    "per_list": [
        0.18,
        0.19166666666666665,
        0.20333333333333334,
        0.215,
        0.22666666666666666,
        0.23833333333333334,
        0.25
    ]
}
