{
    "bias": 3,
    "code": "XZZX",
    "data": {
        "3": {
            "ler": [
                0.18800526414739613,
                0.20787859889824342,
                0.23424689622862496,
                0.2517306482064191,
                0.26430553720100436,
                0.29235491887151,
                0.3068896731624981,
                0.33472803347280333,
                0.3644979041370512,
                0.3855050115651503,
                0.39486673247778875
            ],
            "ler_eb": [
                0.0037881888260371996,
                0.004137048922651944,
                0.004583563266481182,
                0.004869115482650331,
                0.005069206785520984,
                0.005499246075064772,
                0.005713055743953001,
                0.0061048739302138515,
                0.006497383948987687,
                0.006757315599701945,
                0.006868486717233862
            ],
            "ler_x": [
                0.1839631509682271,
                0.20081072653570314,
                0.22569688451628017,
                0.23725613593455003,
                0.25029734372935114,
                0.2705744774155825,
                0.28417983734847324,
                0.30493723849372384,
                0.327319117915072,
                0.33596761757902854,
                0.3445212240868707
            ],
            "ler_z": [
                0.0061101710847903746,
                0.009458476249870076,
                0.013117826188802998,
                0.019383259911894272,
                0.021012290207479845,
                0.031135798859815815,
                0.035138867577106034,
                0.045355648535564855,
                0.05759066885365409,
                0.07343870470316115,
                0.07976307996051332
            ],
            "per": [
                0.15,
                0.16,
                0.16999999999999998,
                0.18,
                0.19,
                0.2,
                0.21,
                0.22,
                0.22999999999999998,
                0.24,
                0.25
            ],
            "ratio": 5.0
        }
    },
    "distance_array": [
        [
            3,
            15
        ],
        [
            5,
            25
        ],
        [
            7,
            35
        ],
        [
            9,
            45
        ]
    ],
    "ler_distances": [
        [
            0.18800526414739613,
            0.20787859889824342,
            0.23424689622862496,
            0.2517306482064191,
            0.26430553720100436,
            0.29235491887151,
            0.3068896731624981,
            0.33472803347280333,
            0.3644979041370512,
            0.3855050115651503,
            0.39486673247778875
        ]
    ],
    "n_logical_errors": 2000,
    "n_runs": 100000,
    "per_list": [
        0.15,
        0.16,
        0.16999999999999998,
        0.18,
        0.19,
        0.2,
        0.21,
        0.22,
        0.22999999999999998,
        0.24,
        0.25
    ]
}
