{
    "bias": 1,
    "data": {
        "5": {
            "ler": [
                0.10682619378271552,
                0.1195457262402869,
                0.13354700854700854,
                0.14553922282055015,
                0.16017940092904054,
                0.17295053614666206,
                0.18864365214110546,
                0.20729684908789386,
                0.21123785382340515,
                0.23348120476301656,
                0.24319066147859922,
                0.2529724260055654,
                0.26253609871357314,
                0.3004807692307692,
                0.2971768202080238,
                0.3288391976323578,
                0.3331112591605596,
                0.35410764872521244,
                0.3604902667627974,
                0.36643459142543056,
                0.3849114703618168
            ],
            "ler_eb": [
                0.0031926090754329484,
                0.003547214553873182,
                0.003931032795270707,
                0.004254280463471421,
                0.0046419443163624044,
                0.004973792405671487,
                0.005373385696576683,
                0.0058364395682448215,
                0.005932596024728553,
                0.006464178341519198,
                0.006690215931795965,
                0.006914193061630889,
                0.007129505536539319,
                0.007947243349044663,
                0.007878398962021162,
                0.008519161907700983,
                0.008602328136078523,
                0.008999437774371542,
                0.009116268809391117,
                0.009223424415321448,
                0.009546181062673171
            ],
            "ler_x": [
                0.058540754192928104,
                0.06347878063359234,
                0.06570512820512821,
                0.07495269975258333,
                0.08201185327566875,
                0.09045313040470425,
                0.09828334276551594,
                0.11235489220563848,
                0.11005492184199409,
                0.12724725659584404,
                0.13278210116731518,
                0.13281052365292184,
                0.13809398792333946,
                0.16917067307692307,
                0.16820208023774147,
                0.17790200591910554,
                0.18021319120586277,
                0.18803116147308782,
                0.19790915645277576,
                0.20080615610113595,
                0.21362586605080833
            ],
            "ler_z": [
                0.05191753017839974,
                0.06072922893006575,
                0.07184829059829059,
                0.07597147431232718,
                0.08441454428960436,
                0.09183673469387756,
                0.1007357102433503,
                0.1077943615257048,
                0.10963244613434728,
                0.12491244454821387,
                0.1293774319066148,
                0.1388818618770554,
                0.14281963770018377,
                0.16165865384615385,
                0.15423476968796435,
                0.18743834265044393,
                0.18121252498334445,
                0.19794617563739378,
                0.20475847152126891,
                0.2121656284353243,
                0.2201693610469592
            ],
            "per": [
                0.1,
                0.10500000000000001,
                0.11,
                0.115,
                0.12000000000000001,
                0.125,
                0.13,
                0.135,
                0.14,
                0.14500000000000002,
                0.15000000000000002,
                0.155,
                0.16,
                0.165,
                0.17,
                0.175,
                0.18,
                0.185,
                0.19,
                0.195,
                0.2
            ]
        }
    },
    "distance_array": [
        5,
        9,
        13,
        17,
        21
    ],
    "ler_distances": [
        [
            0.10682619378271552,
            0.1195457262402869,
            0.13354700854700854,
            0.14553922282055015,
            0.16017940092904054,
            0.17295053614666206,
            0.18864365214110546,
            0.20729684908789386,
            0.21123785382340515,
            0.23348120476301656,
            0.24319066147859922,
            0.2529724260055654,
            0.26253609871357314,
            0.3004807692307692,
            0.2971768202080238,
            0.3288391976323578,
            0.3331112591605596,
            0.35410764872521244,
            0.3604902667627974,
            0.36643459142543056,
            0.3849114703618168
        ]
    ],
    "n_logical_errors": 1000,
    "n_runs": 1000000,
    "per_list": [
        0.1,
        0.10500000000000001,
        0.11,
        0.115,
        0.12000000000000001,
        0.125,
        0.13,
        0.135,
        0.14,
        0.14500000000000002,
        0.15000000000000002,
        0.155,
        0.16,
        0.165,
        0.17,
        0.175,
        0.18,
        0.185,
        0.19,
        0.195,
        0.2
    ]
}
