{
    "bias": 1,
    "code": "ColourCode",
    "data": {
        "17": {
            "ler": [
                0.040928252772889126,
                0.05142921796731159,
                0.0679671039217019,
                0.083968696469956,
                0.10148987131084318,
                0.12418966245249745,
                0.15202189115232592,
                0.17672215742409783,
                0.20595625489146105,
                0.23533841664313282,
                0.25482900973446815,
                0.2866808095866063,
                0.3211097553143665,
                0.3400435255712731,
                0.3758833258156668,
                0.4072987943955686,
                0.4321894718644654,
                0.46360686138154844,
                0.47860629845888775,
                0.5099439061703213,
                0.5273149124657245
            ],
            "ler_eb": [
                0.0005668442578900154,
                0.0007083693961433692,
                0.0009279602716903535,
                0.001136547436148679,
                0.0013605020115617166,
                0.0016436353684505134,
                0.0019797641198609313,
                0.0022676666661975483,
                0.0025954472003356928,
                0.002910331506591032,
                0.003110941425564918,
                0.003424172019113079,
                0.003741694120693692,
                0.003906673845674252,
                0.004199532546866992,
                0.004434513973421763,
                0.004605649684162188,
                0.0048018264515100615,
                0.004887382143338635,
                0.00504847605999173,
                0.005127090717304989
            ],
            "ler_x": [
                0.02104530757581959,
                0.026444903878791618,
                0.03550601508869707,
                0.04483928391495651,
                0.051942516136889536,
                0.06517473485507067,
                0.07999391912435391,
                0.09415756547555933,
                0.10915681509247435,
                0.13084815965358185,
                0.14051271596758574,
                0.156699730520039,
                0.18039946053561107,
                0.19416485310119697,
                0.21793715230792363,
                0.23460410557184752,
                0.2509292073645086,
                0.27334260547056094,
                0.28400497750550396,
                0.30137684854665986,
                0.32039654081417424
            ],
            "ler_z": [
                0.021020750624155853,
                0.026599191532693554,
                0.03509821246516686,
                0.04337822859637927,
                0.054053505460155075,
                0.06569633143737115,
                0.08184858619641229,
                0.09528858728307356,
                0.1136466614491082,
                0.1268944742539772,
                0.13903470771112583,
                0.16226133822601915,
                0.18251878492068588,
                0.19205658324265507,
                0.21440384904525636,
                0.2351743238840013,
                0.2533494684069496,
                0.27037552155771905,
                0.28314348616827795,
                0.3052524222335543,
                0.3144906137945581
            ],
            "per": [
                0.1,
                0.10500000000000001,
                0.11,
                0.115,
                0.12000000000000001,
                0.125,
                0.13,
                0.135,
                0.14,
                0.14500000000000002,
                0.15000000000000002,
                0.155,
                0.16,
                0.165,
                0.17,
                0.175,
                0.18,
                0.185,
                0.19,
                0.195,
                0.2
            ],
            "ratio": null
        }
    },
    "distance_array": [
        3,
        5,
        7,
        9,
        11,
        13,
        17,
        21
    ],