{
    "bias": 1,
    "code": "ColourCode",
    "data": {
        "7": {
            "ler": [
                0.08455801525426596,
                0.09680167273290483,
                0.10835410120273052,
                0.12215680046908212,
                0.13592496941688187,
                0.15162082663674684,
                0.1635002125502763,
                0.17873100983020554,
                0.20209369063497837,
                0.21206209178047333,
                0.23208317861121425,
                0.24358162420227017,
                0.2614515791675382,
                0.28072539441917915,
                0.2864508736751647,
                0.3037851631326326,
                0.3270966897814994,
                0.34202065804774606,
                0.35139503830205915,
                0.3699866804795027,
                0.3771023455765895
            ],
            "ler_eb": [
                0.0011441558665728165,
                0.0013010363245774142,
                0.001446960114734562,
                0.0016186059090356028,
                0.001786857706227704,
                0.001975007991297582,
                0.0021147850757522384,
                0.0022906441094793454,
                0.002552958190656725,
                0.002662097983136541,
                0.002876177948653284,
                0.0029959913504109836,
                0.0031775745911435086,
                0.003367007333439567,
                0.003421977017102838,
                0.0035847031215426937,
                0.003794612904339208,
                0.003923498269398475,
                0.0040022181403295085,
                0.004153134090356042,
                0.004209035408930088
            ],
            "ler_x": [
                0.04640543877154116,
                0.05242778595214125,
                0.06054827175208582,
                0.06638000537489921,
                0.07532961805083593,
                0.08445280043666797,
                0.09152741898564468,
                0.10176943699731904,
                0.11539549735257265,
                0.11977266943761133,
                0.13224099517266988,
                0.14103376041311444,
                0.14808617444049363,
                0.1575992364269272,
                0.1636780292179891,
                0.177592806367337,
                0.18906188669370666,
                0.2009713386688556,
                0.20774474664417739,
                0.2159242267278378,
                0.2187947809035372
            ],
            "ler_z": [
                0.04410546075662512,
                0.05132424688298614,
                0.05640914508614151,
                0.06620898585424251,
                0.0720402337909474,
                0.08123843891196895,
                0.08681861286419672,
                0.0963360142984808,
                0.10884766177599935,
                0.11514971583679702,
                0.1266245822502785,
                0.1334340137380036,
                0.1465174649654884,
                0.16051878052888666,
                0.15961042681180176,
                0.16981590619114162,
                0.18520214575428498,
                0.1915315685067378,
                0.20331716916157144,
                0.20956045582359034,
                0.2246021570254167
            ],
            "per": [
                0.1,
                0.10500000000000001,
                0.11,
                0.115,
                0.12000000000000001,
                0.125,
                0.13,
                0.135,
                0.14,
                0.14500000000000002,
                0.15000000000000002,
                0.155,
                0.16,
                0.165,
                0.17,
                0.175,
                0.18,
                0.185,
                0.19,
                0.195,
                0.2
            ],
            "ratio": null
        }
    },
    "distance_array": [
        3,
        5,
        7,
        9,
        11,
        13,
        17,
        21
    ],
    "ler_distances": [
        [
            0.10175217240888093,
            0.11261261261261261,
            0.12047321880345999,
            0.12537612838515547,
            0.13748728242637556,
            0.1461603671548423,
            0.15713881643043465,
            0.16382163100815833,
            0.16906742408872658,
            0.18167284354334715,
            0.1910292656835027,
            0.20091617777063409,
            0.2101546738399462,
            0.22170982617949628,
            0.23436767601012468,
            0.23881167311458185,
            0.24228327760817947,
            0.24940143655227454,
            0.26858616244091105,
            0.27253897307314945,
            0.2800336040324839
        ],
        [
            0.09380863039399624,
            0.10691756655618519,
            0.11744257058298492,
            0.12794268167860798,
            0.13936893745122086,
            0.14764070158861395,
            0.1630151278038602,
            0.1711918375731845,
            0.19054151899698946,
            0.19644049817310336,
            0.21383970575656489,
            0.22068234982566096,
            0.23954390839840942,
            0.25166096235152,
            0.2663825253063399,
            0.28053638556920835,
            0.29091755396520624,
            0.3049338293590291,
            0.31697730442500316,
            0.32733224222585927,
            0.3521374744700331
        ],
        [
            0.08455801525426596,
            0.09680167273290483,
            0.10835410120273052,
            0.12215680046908212,
            0.13592496941688187,
            0.15162082663674684,
            0.1635002125502763,
            0.17873100983020554,
            0.20209369063497837,
            0.21206209178047333,
            0.23208317861121425,
            0.24358162420227017,
            0.2614515791675382,
            0.28072539441917915,
            0.2864508736751647,
            0.3037851631326326,
            0.3270966897814994,
            0.34202065804774606,
            0.35139503830205915,
            0.3699866804795027,
            0.3771023455765895
        ]
    ],
    "n_logical_errors": 5000,
    "n_runs": 1000000,
    "per_list": [
        0.1,
        0.10500000000000001,
        0.11,
        0.115,
        0.12000000000000001,
        0.125,
        0.13,
        0.135,
        0.14,
        0.14500000000000002,
        0.15000000000000002,
        0.155,
        0.16,
        0.165,
        0.17,
        0.175,
        0.18,
        0.185,
        0.19,
        0.195,
        0.2
    ]
}
