{
    "bias": 1,
    "code": "ColourCode",
    "data": {
        "5": {
            "ler": [
                0.09380863039399624,
                0.10691756655618519,
                0.11744257058298492,
                0.12794268167860798,
                0.13936893745122086,
                0.14764070158861395,
                0.1630151278038602,
                0.1711918375731845,
                0.19054151899698946,
                0.19644049817310336,
                0.21383970575656489,
                0.22068234982566096,
                0.23954390839840942,
                0.25166096235152,
                0.2663825253063399,
                0.28053638556920835,
                0.29091755396520624,
                0.3049338293590291,
                0.31697730442500316,
                0.32733224222585927,
                0.3521374744700331
            ],
            "ler_eb": [
                0.0012628964835983813,
                0.0014289263241377163,
                0.001560314103147259,
                0.0016896741605318603,
                0.0018284769724932193,
                0.00192766893998094,
                0.002109122044317742,
                0.0022040683654525072,
                0.002424386794515258,
                0.002490319361401221,
                0.0026813832912131377,
                0.0027551157767084365,
                0.002954181680274288,
                0.0030787898873283676,
                0.003226677519773138,
                0.0033651824292918286,
                0.0034644419784314712,
                0.003595287967690585,
                0.0037047655795639928,
                0.0037966808264441655,
                0.004008378027475536
            ],
            "ler_x": [
                0.05101313320825516,
                0.05891157917245803,
                0.0631371259454127,
                0.06911463664278403,
                0.07893856617237151,
                0.07948975373530975,
                0.09034298382889933,
                0.09377888862259047,
                0.10727487519530506,
                0.11256040545318823,
                0.12227354375160379,
                0.1261420311603478,
                0.1380731088008432,
                0.14369840950271795,
                0.1529035695258391,
                0.16018627616001796,
                0.16576482224937453,
                0.1771055680917241,
                0.18492455940154684,
                0.18736497545008182,
                0.20607085005986336
            ],
            "ler_z": [
                0.051444652908067545,
                0.05829145728643216,
                0.06581481655470475,
                0.07128966223132037,
                0.07564945924852269,
                0.08421425618614539,
                0.09138628064684402,
                0.09754510904920054,
                0.10716055028390686,
                0.10886732408753388,
                0.11927978787101189,
                0.1243765723617425,
                0.1345757677382264,
                0.14143346084155425,
                0.15162493340436867,
                0.1617011726420917,
                0.16937219991854308,
                0.17423919009574923,
                0.18302269557499684,
                0.19063829787234043,
                0.20233819283048102
            ],
            "per": [
                0.1,
                0.10500000000000001,
                0.11,
                0.115,
                0.12000000000000001,
                0.125,
                0.13,
                0.135,
                0.14,
                0.14500000000000002,
                0.15000000000000002,
                0.155,
                0.16,
                0.165,
                0.17,
                0.175,
                0.18,
                0.185,
                0.19,
                0.195,
                0.2
            ],
            "ratio": null
        }
    },
    "distance_array": [
        3,
        5,
        7,
        9,
        11,
        13,
        17,
        21
    ],
    "ler_distances": [
        [
            0.10175217240888093,
            0.11261261261261261,
            0.12047321880345999,
            0.12537612838515547,
            0.13748728242637556,
            0.1461603671548423,
            0.15713881643043465,
            0.16382163100815833,
            0.16906742408872658,
            0.18167284354334715,
            0.1910292656835027,
            0.20091617777063409,
            0.2101546738399462,
            0.22170982617949628,
            0.23436767601012468,
            0.23881167311458185,
            0.24228327760817947,
            0.24940143655227454,
            0.26858616244091105,
            0.27253897307314945,
            0.2800336040324839
        ],
        [
            0.09380863039399624,
            0.10691756655618519,
            0.11744257058298492,
            0.12794268167860798,
            0.13936893745122086,
            0.14764070158861395,
            0.1630151278038602,
            0.1711918375731845,
            0.19054151899698946,
            0.19644049817310336,
            0.21383970575656489,
            0.22068234982566096,
            0.23954390839840942,
            0.25166096235152,
            0.2663825253063399,
            0.28053638556920835,
            0.29091755396520624,
            0.3049338293590291,
            0.31697730442500316,
            0.32733224222585927,
            0.3521374744700331
        ]
    ],
    "n_logical_errors": 5000,
    "n_runs": 1000000,
    "per_list": [
        0.1,
        0.10500000000000001,
        0.11,
        0.115,
        0.12000000000000001,
        0.125,
        0.13,
        0.135,
        0.14,
        0.14500000000000002,
        0.15000000000000002,
        0.155,
        0.16,
        0.165,
        0.17,
        0.175,
        0.18,
        0.185,
        0.19,
        0.195,
        0.2
    ]
}
