{
    "bias": 1,
    "code": "ColourCode",
    "data": {
        "9": {
            "ler": [
                0.07549448890231013,
                0.08702765738951838,
                0.10133971097914429,
                0.11751986085648475,
                0.13090033248684452,
                0.1489158923040267,
                0.16448991676810212,
                0.1818644745935329,
                0.19664136547764188,
                0.21579628830384118,
                0.2384586035864174,
                0.2578914792655251,
                0.27578599007170435,
                0.2891844997108155,
                0.31887755102040816,
                0.33346672002134187,
                0.35228633833579936,
                0.3691944177804032,
                0.38571318367661805,
                0.4086636697997548,
                0.4251339171839129
            ],
            "ler_eb": [
                0.001026561563341012,
                0.0011759831575915876,
                0.0013586025791056367,
                0.0015612725943809603,
                0.0017258002969536368,
                0.0019428634869207693,
                0.0021263273552080903,
                0.0023263523604091572,
                0.002492554207671694,
                0.002702547993352099,
                0.00294289489913482,
                0.003141851832481703,
                0.0033191024590367487,
                0.0034480094997800964,
                0.0037217872263047083,
                0.0038501567838475624,
                0.004009611806098674,
                0.0041468458112638145,
                0.004275285073046011,
                0.004444248242687154,
                0.004558522420655474
            ],
            "ler_x": [
                0.03983089234485883,
                0.04727342349398639,
                0.05302093678428829,
                0.06303765336341842,
                0.07076471974238814,
                0.07990826781034072,
                0.09066684212257789,
                0.10246244498599644,
                0.1071302159122193,
                0.12019853258523953,
                0.1315814574589851,
                0.14359397565504436,
                0.15460562603419747,
                0.16495083863504917,
                0.18176020408163265,
                0.19060957716419902,
                0.20376241809342635,
                0.21597873440153584,
                0.22556506981408625,
                0.23857785042909685,
                0.2466626987501063
            ],
            "ler_z": [
                0.03996678242488298,
                0.044993298870381004,
                0.0545004965645838,
                0.06327269308513139,
                0.0698745974814776,
                0.08086132952108649,
                0.08750863572063032,
                0.0972974939075401,
                0.11059110394462579,
                0.12032801035822184,
                0.1328214421976345,
                0.14560552919331546,
                0.15388858246001103,
                0.16211683053788317,
                0.1809311224489796,
                0.187875150060024,
                0.20023955471006835,
                0.21199143468950749,
                0.22425364498958575,
                0.23735185941969758,
                0.2519343593231868
            ],
            "per": [
                0.1,
                0.10500000000000001,
                0.11,
                0.115,
                0.12000000000000001,
                0.125,
                0.13,
                0.135,
                0.14,
                0.14500000000000002,
                0.15000000000000002,
                0.155,
                0.16,
                0.165,
                0.17,
                0.175,
                0.18,
                0.185,
                0.19,
                0.195,
                0.2
            ],
            "ratio": null
        }
    },
    "distance_array": [
        3,
        5,
        7,
        9,
        11,
        13,
        17,
        21
    ],
    "ler_distances": [
        [
            0.10175217240888093,
            0.11261261261261261,
            0.12047321880345999,
            0.12537612838515547,
            0.13748728242637556,
            0.1461603671548423,
            0.15713881643043465,
            0.16382163100815833,
            0.16906742408872658,
            0.18167284354334715,
            0.1910292656835027,
            0.20091617777063409,
            0.2101546738399462,
            0.22170982617949628,
            0.23436767601012468,
            0.23881167311458185,
            0.24228327760817947,
            0.24940143655227454,
            0.26858616244091105,
            0.27253897307314945,
            0.2800336040324839
        ],
        [
            0.09380863039399624,
            0.10691756655618519,
            0.11744257058298492,
            0.12794268167860798,
            0.13936893745122086,
            0.14764070158861395,
            0.1630151278038602,
            0.1711918375731845,
            0.19054151899698946,
            0.19644049817310336,
            0.21383970575656489,
            0.22068234982566096,
            0.23954390839840942,
            0.25166096235152,
            0.2663825253063399,
            0.28053638556920835,
            0.29091755396520624,
            0.3049338293590291,
            0.31697730442500316,
            0.32733224222585927,
            0.3521374744700331
        ],
        [
            0.08455801525426596,
            0.09680167273290483,
            0.10835410120273052,
            0.12215680046908212,
            0.13592496941688187,
            0.15162082663674684,
            0.1635002125502763,
            0.17873100983020554,
            0.20209369063497837,
            0.21206209178047333,
            0.23208317861121425,
            0.24358162420227017,
            0.2614515791675382,
            0.28072539441917915,
            0.2864508736751647,
            0.3037851631326326,
            0.3270966897814994,
            0.34202065804774606,
            0.35139503830205915,
            0.3699866804795027,
            0.3771023455765895
        ],
        [
            0.07549448890231013,
            0.08702765738951838,
            0.10133971097914429,
            0.11751986085648475,
            0.13090033248684452,
            0.1489158923040267,
            0.16448991676810212,
            0.1818644745935329,
            0.19664136547764188,
            0.21579628830384118,
            0.2384586035864174,
            0.2578914792655251,
            0.27578599007170435,
            0.2891844997108155,
            0.31887755102040816,
            0.33346672002134187,
            0.35228633833579936,
            0.3691944177804032,
            0.38571318367661805,
            0.4086636697997548,
            0.4251339171839129
        ]
    ],
    "n_logical_errors": 5000,
    "n_runs": 1000000,
    "per_list": [
        0.1,
        0.10500000000000001,
        0.11,
        0.115,
        0.12000000000000001,
        0.125,
        0.13,
        0.135,
        0.14,
        0.14500000000000002,
        0.15000000000000002,
        0.155,
        0.16,
        0.165,
        0.17,
        0.175,
        0.18,
        0.185,
        0.19,
        0.195,
        0.2
    ]
}
