{
    "bias": 1,
    "data": {
        "5": {
            "ler": [
                0.08397222198896605,
                0.09950050745258801,
                0.11235702568481608,
                0.1284224585195459,
                0.14265131738491604,
                0.1610072614274904,
                0.17533093714385903,
                0.194344572927801,
                0.20799534090436375,
                0.2291213197388017,
                0.24697456162015313
            ],
            "ler_eb": [
                0.0008036925952300098,
                0.0009442066000893662,
                0.0010585695421479022,
                0.0011989304634846011,
                0.0013208531284286853,
                0.0014747709156518558,
                0.0015922028807826701,
                0.0017444040485017622,
                0.0018510471235956727,
                0.002011678246146783,
                0.002143172100376499
            ],
            "ler_x": [
                0.042523533215212406,
                0.0503074565680285,
                0.05756050425833127,
                0.06670262495505214,
                0.07360807977061669,
                0.083788178846866,
                0.092048742000526,
                0.10247789330482947,
                0.10998793627022754,
                0.12180089357314698,
                0.13153865151889355
            ],
            "ler_z": [
                0.04144868877375364,
                0.04919305088455951,
                0.0547965214264848,
                0.06171983356449376,
                0.06904323761429937,
                0.07721908258062439,
                0.08328219514333304,
                0.09186667962297153,
                0.0980074046341362,
                0.10732042616565471,
                0.11543591010125957
            ],
            "per": [
                0.09,
                0.096,
                0.102,
                0.108,
                0.11399999999999999,
                0.12,
                0.126,
                0.132,
                0.138,
                0.144,
                0.15
            ]
        }
    },
    "distance_array": [
        5,
        7,
        9,
        11,
        13
    ],
    "ler_distances": [
        [
            0.08397222198896605,
            0.09950050745258801,
            0.11235702568481608,
            0.1284224585195459,
            0.14265131738491604,
            0.1610072614274904,
            0.17533093714385903,
            0.194344572927801,
            0.20799534090436375,
            0.2291213197388017,
            0.24697456162015313
        ]
    ],
    "n_logical_errors": 10000,
    "n_runs": 1000000,
    "per_list": [
        0.09,
        0.096,
        0.102,
        0.108,
        0.11399999999999999,
        0.12,
        0.126,
        0.132,
        0.138,
        0.144,
        0.15
    ]
}
