{
    "bias": 1,
    "code": "ColourCode",
    "data": {
        "11": {
            "ler": [
                0.06489376890031019,
                0.07770249269596569,
                0.09227646027498385,
                0.10803102651081391,
                0.12584948401711554,
                0.14400092160589828,
                0.1576093809103518,
                0.18326430377890995,
                0.20019218449711723,
                0.22353361945636624,
                0.23996928393165676,
                0.25918822248717016,
                0.2849165194597983,
                0.3122462998813464,
                0.3335112059765208,
                0.3620302657302151,
                0.3773015393902807,
                0.4004485023226013,
                0.4172229639519359,
                0.4303296324984938,
                0.4483902788987535
            ],
            "ler_eb": [
                0.0008874593536484003,
                0.0010553231532884066,
                0.0012433194380922434,
                0.0014429071139465028,
                0.0016640238485312578,
                0.0018841562616577967,
                0.00204575594492289,
                0.0023422521581647803,
                0.0025319489104658837,
                0.0027856027100759775,
                0.0029585998136959133,
                0.0031548898454329087,
                0.0034073049239481206,
                0.0036620879166546993,
                0.003850541908602188,
                0.004089403034253773,
                0.004210585310513106,
                0.004385053715113363,
                0.0045043737302975185,
                0.004593334415329974,
                0.004709633825007835
            ],
            "ler_x": [
                0.03431582499448403,
                0.04073164667122521,
                0.04844514164436652,
                0.057083594408314065,
                0.06730430405235338,
                0.07718449398076148,
                0.08583406884377758,
                0.10182164717956237,
                0.10846412556053811,
                0.12070815450643776,
                0.1326070263006335,
                0.1453009175263076,
                0.16183258305316542,
                0.1766689564728658,
                0.18536552828175026,
                0.2077329664759974,
                0.2200422577724117,
                0.23250040044850231,
                0.24148865153538052,
                0.2595748343230915,
                0.26490897677338354
            ],
            "ler_z": [
                0.03338135472231956,
                0.04135326661279294,
                0.048906523945741444,
                0.05740768748784651,
                0.06652403725144727,
                0.07862450319682046,
                0.08488841255831547,
                0.09771652677491478,
                0.10950512491992313,
                0.12352467811158799,
                0.13385486657707812,
                0.14312373645741538,
                0.15676106900678102,
                0.1768563042527946,
                0.19343649946638208,
                0.20823980884801968,
                0.21596740114699667,
                0.23137914464199905,
                0.24499332443257676,
                0.24675101127463636,
                0.2623083131557708
            ],
            "per": [
                0.1,
                0.10500000000000001,
                0.11,
                0.115,
                0.12000000000000001,
                0.125,
                0.13,
                0.135,
                0.14,
                0.14500000000000002,
                0.15000000000000002,
                0.155,
                0.16,
                0.165,
                0.17,
                0.175,
                0.18,
                0.185,
                0.19,
                0.195,
                0.2
            ],
            "ratio": null
        }
    },
    "distance_array": [
        3,
        5,
        7,
        9,
        11,
        13,
        17,
        21
    ],
    "ler_distances": [
        [
            0.10175217240888093,
            0.11261261261261261,
            0.12047321880345999,
            0.12537612838515547,
            0.13748728242637556,
            0.1461603671548423,
            0.15713881643043465,
            0.16382163100815833,
            0.16906742408872658,
            0.18167284354334715,
            0.1910292656835027,
            0.20091617777063409,
            0.2101546738399462,
            0.22170982617949628,
            0.23436767601012468,
            0.23881167311458185,
            0.24228327760817947,
            0.24940143655227454,
            0.26858616244091105,
            0.27253897307314945,
            0.2800336040324839
        ],
        [
            0.09380863039399624,
            0.10691756655618519,
            0.11744257058298492,
            0.12794268167860798,
            0.13936893745122086,
            0.14764070158861395,
            0.1630151278038602,
            0.1711918375731845,
            0.19054151899698946,
            0.19644049817310336,
            0.21383970575656489,
            0.22068234982566096,
            0.23954390839840942,
            0.25166096235152,
            0.2663825253063399,
            0.28053638556920835,
            0.29091755396520624,
            0.3049338293590291,
            0.31697730442500316,
            0.32733224222585927,
            0.3521374744700331
        ],
        [
            0.08455801525426596,
            0.09680167273290483,
            0.10835410120273052,
            0.12215680046908212,
            0.13592496941688187,
            0.15162082663674684,
            0.1635002125502763,
            0.17873100983020554,
            0.20209369063497837,
            0.21206209178047333,
            0.23208317861121425,
            0.24358162420227017,
            0.2614515791675382,
            0.28072539441917915,
            0.2864508736751647,
            0.3037851631326326,
            0.3270966897814994,
            0.34202065804774606,
            0.35139503830205915,
            0.3699866804795027,
            0.3771023455765895
        ],
        [
            0.07549448890231013,
            0.08702765738951838,
            0.10133971097914429,
            0.11751986085648475,
            0.13090033248684452,
            0.1489158923040267,
            0.16448991676810212,
            0.1818644745935329,
            0.19664136547764188,
            0.21579628830384118,
            0.2384586035864174,
            0.2578914792655251,
            0.27578599007170435,
            0.2891844997108155,
            0.31887755102040816,
            0.33346672002134187,
            0.35228633833579936,
            0.3691944177804032,
            0.38571318367661805,
            0.4086636697997548,
            0.4251339171839129
        ],
        [
            0.06489376890031019,
            0.07770249269596569,
            0.09227646027498385,
            0.10803102651081391,
            0.12584948401711554,
            0.14400092160589828,
            0.1576093809103518,
            0.18326430377890995,
            0.20019218449711723,
            0.22353361945636624,
            0.23996928393165676,
            0.25918822248717016,
            0.2849165194597983,
            0.3122462998813464,
            0.3335112059765208,
            0.3620302657302151,
            0.3773015393902807,
            0.4004485023226013,
            0.4172229639519359,
            0.4303296324984938,
            0.4483902788987535
        ]
    ],
    "n_logical_errors": 5000,
    "n_runs": 1000000,