{
    "bias": 1,
    "data": {
        "11": {
            "ler": [
                0.048807629608660426,
                0.06369223910066558,
                0.08095723838668416,
                0.09985321577281396,
                0.12316939486876301,
                0.1445191126526483,
                0.1737106328278354,
                0.2016576256831152,
                0.22389396381873544,
                0.25248699691965865,
                0.2826855123674912
            ],
            "ler_eb": [
                0.00047601637777789925,
                0.0006163051947791315,
                0.000776110474080365,
                0.0009473680259786836,
                0.0011533487726725442,
                0.0013366892087411629,
                0.0015790376472515151,
                0.0018018110257665293,
                0.0019724359785352587,
                0.0021829731432923033,
                0.002394188567456138
            ],
            "ler_x": [
                0.024208584285895573,
                0.031495812235279134,
                0.04033289616424605,
                0.050425873965271054,
                0.06149847885797337,
                0.07389262229929908,
                0.08824500147654038,
                0.10316804129948173,
                0.11895486297689414,
                0.13356562137049943,
                0.1509540636042403
            ],
            "ler_z": [
                0.024599045322764853,
                0.03219642686538645,
                0.04062434222243811,
                0.049427341807542914,
                0.06167091601078964,
                0.07062649035334922,
                0.08546563135129501,
                0.09848958438363346,
                0.1049391008418413,
                0.11892137554915921,
                0.13173144876325088
            ],
            "per": [
                0.09,
                0.096,
                0.102,
                0.108,
                0.11399999999999999,
                0.12,
                0.126,
                0.132,
                0.138,
                0.144,
                0.15
            ]
        }
    },
    "distance_array": [
        5,
        7,
        9,
        11,
        13
    ],
    "ler_distances": [
        [
            0.08397222198896605,
            0.09950050745258801,
            0.11235702568481608,
            0.1284224585195459,
            0.14265131738491604,
            0.1610072614274904,
            0.17533093714385903,
            0.194344572927801,
            0.20799534090436375,
            0.2291213197388017,
            0.24697456162015313
        ],
        [
            0.07182050619092763,
            0.0861141011840689,
            0.10106624892617111,
            0.11983223487118035,
            0.14072416656112355,
            0.15695137646357157,
            0.17176523128188392,
            0.19766752322593398,
            0.21995424951610065,
            0.24113817217265493,
            0.2601795238714713
        ],
        [
            0.0585606952325738,
            0.07457844533772849,
            0.0904249066362839,
            0.1080216907555037,
            0.1298212361578107,
            0.1528981850985429,
            0.17272947110235948,
            0.19518288636452355,
            0.22297041182635063,
            0.25015009005403244,
            0.27442371020856204
        ],
        [
            0.048807629608660426,
            0.06369223910066558,
            0.08095723838668416,
            0.09985321577281396,
            0.12316939486876301,
            0.1445191126526483,
            0.1737106328278354,
            0.2016576256831152,
            0.22389396381873544,
            0.25248699691965865,
            0.2826855123674912
        ]
    ],
    "n_logical_errors": 10000,
    "n_runs": 1000000,
    "per_list": [
        0.09,
        0.096,
        0.102,
        0.108,
        0.11399999999999999,
        0.12,
        0.126,
        0.132,
        0.138,
        0.144,
        0.15
    ]
}
