{
    "bias": 1,
    "data": {
        "9": {
            "ler": [
                0.0585606952325738,
                0.07457844533772849,
                0.0904249066362839,
                0.1080216907555037,
                0.1298212361578107,
                0.1528981850985429,
                0.17272947110235948,
                0.19518288636452355,
                0.22297041182635063,
                0.25015009005403244,
                0.27442371020856204
            ],
            "ler_eb": [
                0.0005682015145697293,
                0.0007174359437926968,
                0.0008623972219852367,
                0.001020206573117057,
                0.0012110162768111056,
                0.0014072463680695187,
                0.0015710507694456646,
                0.001751016898681859,
                0.001965468166499213,
                0.002166146550219078,
                0.002337562184665251
            ],
            "ler_x": [
                0.029561438953403255,
                0.03827365814732226,
                0.045791172720614164,
                0.05608486184025752,
                0.06703968635189345,
                0.07904836169594667,
                0.0894220471896915,
                0.10399344185501815,
                0.11779526856786104,
                0.1335551330798479,
                0.15153677277716796
            ],
            "ler_z": [
                0.028999256279170545,
                0.03630478719040623,
                0.04463373391566973,
                0.05193682891524618,
                0.06278154980591726,
                0.07384982340259622,
                0.08330742391266797,
                0.0911894445095054,
                0.1051751432584896,
                0.11659495697418451,
                0.12288693743139407
            ],
            "per": [
                0.09,
                0.096,
                0.102,
                0.108,
                0.11399999999999999,
                0.12,
                0.126,
                0.132,
                0.138,
                0.144,
                0.15
            ]
        }
    },
    "distance_array": [
        5,
        7,
        9,
        11,
        13
    ],
    "ler_distances": [
        [
            0.08397222198896605,
            0.09950050745258801,
            0.11235702568481608,
            0.1284224585195459,
            0.14265131738491604,
            0.1610072614274904,
            0.17533093714385903,
            0.194344572927801,
            0.20799534090436375,
            0.2291213197388017,
            0.24697456162015313
        ],
        [
            0.07182050619092763,
            0.0861141011840689,
            0.10106624892617111,
            0.11983223487118035,
            0.14072416656112355,
            0.15695137646357157,
            0.17176523128188392,
            0.19766752322593398,
            0.21995424951610065,
            0.24113817217265493,
            0.2601795238714713
        ],
        [
            0.0585606952325738,
            0.07457844533772849,
            0.0904249066362839,
            0.1080216907555037,
            0.1298212361578107,
            0.1528981850985429,
            0.17272947110235948,
            0.19518288636452355,
            0.22297041182635063,
            0.25015009005403244,
            0.27442371020856204
        ]
    ],
    "n_logical_errors": 10000,
    "n_runs": 1000000,
    "per_list": [
        0.09,
        0.096,
        0.102,
        0.108,
        0.11399999999999999,
        0.12,
        0.126,
        0.132,
        0.138,
        0.144,
        0.15
    ]
}
