{
    "bias": 1,
    "code": "ColourCode",
    "data": {
        "3": {
            "ler": [
                0.10175217240888093,
                0.11261261261261261,
                0.12047321880345999,
                0.12537612838515547,
                0.13748728242637556,
                0.1461603671548423,
                0.15713881643043465,
                0.16382163100815833,
                0.16906742408872658,
                0.18167284354334715,
                0.1910292656835027,
                0.20091617777063409,
                0.2101546738399462,
                0.22170982617949628,
                0.23436767601012468,
                0.23881167311458185,
                0.24228327760817947,
                0.24940143655227454,
                0.26858616244091105,
                0.27253897307314945,
                0.2800336040324839
            ],
            "ler_eb": [
                0.0013638191233339028,
                0.0015002328054562024,
                0.0015978280679480625,
                0.0016582137645897276,
                0.0018057610424502266,
                0.0019099974083530437,
                0.002040217659551591,
                0.002118535313646537,
                0.0021795047824985626,
                0.0023241732236834872,
                0.002429860322429684,
                0.002539955305096436,
                0.002641344676937522,
                0.0027661180651201763,
                0.002900165898893575,
                0.0029465689556730516,
                0.0029825784387858215,
                0.003055749947446233,
                0.0032484801559005618,
                0.003287369175928296,
                0.0033603248286554017
            ],
            "ler_x": [
                0.060583243452247706,
                0.06684684684684684,
                0.07074187408139171,
                0.0749247743229689,
                0.08326229823741305,
                0.08769622029290537,
                0.0928061849838147,
                0.09950525867435536,
                0.1035707039967539,
                0.1074413196715355,
                0.11419729502559792,
                0.11862091135578237,
                0.12478984532616005,
                0.13453352252571835,
                0.14441736195743882,
                0.14706022830395948,
                0.14730823278577312,
                0.15183559457302473,
                0.16561022776106574,
                0.16510410988771396,
                0.17138056566788015
            ],
            "ler_z": [
                0.0540914548525611,
                0.060810810810810814,
                0.0665494060670313,
                0.0678284854563691,
                0.07352819864162564,
                0.07921891899792452,
                0.08702347653917471,
                0.08934831755184955,
                0.09031581794819774,
                0.10108277014751835,
                0.1056773897761137,
                0.11182994454713494,
                0.11688802958977808,
                0.12238382405108195,
                0.12965219836880099,
                0.13120313320915125,
                0.13500024228327762,
                0.13722067039106145,
                0.1488504512247529,
                0.1542570587594026,
                0.15597871744609354
            ],
            "per": [
                0.1,
                0.10500000000000001,
                0.11,
                0.115,
                0.12000000000000001,
                0.125,
                0.13,
                0.135,
                0.14,
                0.14500000000000002,
                0.15000000000000002,
                0.155,
                0.16,
                0.165,
                0.17,
                0.175,
                0.18,
                0.185,
                0.19,
                0.195,
                0.2
            ],
            "ratio": null
        }
    },
    "distance_array": [
        3,
        5,
        7,
        9,
        11,
        13,
        17,
        21
    ],
    "ler_distances": [
        [
            0.10175217240888093,
            0.11261261261261261,
            0.12047321880345999,
            0.12537612838515547,
            0.13748728242637556,
            0.1461603671548423,
            0.15713881643043465,
            0.16382163100815833,
            0.16906742408872658,
            0.18167284354334715,
            0.1910292656835027,
            0.20091617777063409,
            0.2101546738399462,
            0.22170982617949628,
            0.23436767601012468,
            0.23881167311458185,
            0.24228327760817947,
            0.24940143655227454,
            0.26858616244091105,
            0.27253897307314945,
            0.2800336040324839
        ]
    ],
    "n_logical_errors": 5000,
    "n_runs": 1000000,
    "per_list": [
        0.1,
        0.10500000000000001,
        0.11,
        0.115,
        0.12000000000000001,
        0.125,
        0.13,
        0.135,
        0.14,
        0.14500000000000002,
        0.15000000000000002,
        0.155,
        0.16,
        0.165,
        0.17,
        0.175,
        0.18,
        0.185,
        0.19,
        0.195,
        0.2
    ]
}
