{
    "bias": 1,
    "code": "ColourCode",
    "data": {
        "21": {
            "ler": [
                0.02953023305259925,
                0.04122147473948028,
                0.054143024212760425,
                0.07245116791282676,
                0.08919651776794633,
                0.11381484600851335,
                0.13913237053732921,
                0.17162667765077402,
                0.19873603879327478,
                0.22721076070162682,
                0.26343519494204426,
                0.29522909777987716,
                0.333889816360601,
                0.3649368659221955,
                0.3949759064697054,
                0.43436712709582137,
                0.46490004649000466,
                0.49960031974420466,
                0.5279831045406547,
                0.5496317467296911,
                0.5724098454493417
            ],
            "ler_eb": [
                0.0004114081373232186,
                0.0005708180162613007,
                0.0007446809489042567,
                0.0009867991801150934,
                0.0012038579327547955,
                0.0015152215836414782,
                0.0018256241469100426,
                0.0022090871292870973,
                0.00251581922723361,
                0.0028247136369762365,
                0.0031973801595218997,
                0.0035050816541441054,
                0.003853818061200312,
                0.004112834055911793,
                0.004344821482705169,
                0.004619971207521821,
                0.004809412680015534,
                0.00499799960239583,
                0.005129957831784661,
                0.005216397667904515,
                0.005293414970240559
            ],
            "ler_x": [
                0.014493438382215713,
                0.021130127951457592,
                0.027905314679256724,
                0.03822523619080739,
                0.0475417439703154,
                0.06004871275409164,
                0.0742966858669338,
                0.09247245391823705,
                0.10878810763543861,
                0.127374352449332,
                0.14494204425711274,
                0.16461974492205952,
                0.186110183639399,
                0.20363477118458506,
                0.22529425705031994,
                0.24906611067674397,
                0.2764295676429568,
                0.29536370903277376,
                0.32164730728616686,
                0.3321974277234253,
                0.3519175729822553
            ],
            "ler_z": [
                0.01572189607720384,
                0.02121257090093655,
                0.027894486074414172,
                0.03702254680345447,
                0.0455437419723134,
                0.05929753477043546,
                0.07298884158388291,
                0.09161432052998318,
                0.10556858380698755,
                0.1209215668454058,
                0.14452054794520547,
                0.16556447803495514,
                0.18851419031719532,
                0.21034960951755347,
                0.2267951654949048,
                0.2555816175831813,
                0.2712226871222687,
                0.2990607513988809,
                0.3116156282998944,
                0.33450588105969,
                0.34516313680595306
            ],
            "per": [
                0.1,
                0.10500000000000001,
                0.11,
                0.115,
                0.12000000000000001,
                0.125,
                0.13,
                0.135,
                0.14,
                0.14500000000000002,
                0.15000000000000002,
                0.155,
                0.16,
                0.165,
                0.17,
                0.175,
                0.18,
                0.185,
                0.19,
                0.195,
                0.2
            ],
            "ratio": null
        }
    },
    "distance_array": [
        3,
        5,
        7,
        9,
        11,
        13,
        17,
        21
    ],