{
    "bias": 1,
    "code": "ColourCode",
    "data": {
        "13": {
            "ler": [
                0.056236011292191065,
                0.06950816025801429,
                0.08339309838717748,
                0.10047625746036212,
                0.11905045358222816,
                0.13661948740368327,
                0.15955070521411704,
                0.1813236627379873,
                0.20231447762401877,
                0.22729339030820983,
                0.24843486037960846,
                0.27029949183695534,
                0.30021014710297206,
                0.3184916236702975,
                0.3487966515521451,
                0.36662267194603315,
                0.3975826972010178,
                0.42027401866016645,
                0.4314436103201312,
                0.46877929870616913,
                0.4739785761683572
            ],
            "ler_eb": [
                0.000772611571340854,
                0.0009482155562223663,
                0.0011291110801371538,
                0.0013476737316616564,
                0.0015802346135751928,
                0.0017952658526066692,
                0.0020685664876425374,
                0.0023202009484773614,
                0.0025553936706184787,
                0.0028255898253617454,
                0.003045866383090321,
                0.0032653711501901034,
                0.003551601130501025,
                0.0037183358319898335,
                0.003980573224580088,
                0.004126345349019413,
                0.004364064815259151,
                0.004525420322060392,
                0.0046007200927489006,
                0.004831933161880986,
                0.0048615574927448335
            ],
            "ler_x": [
                0.02915274825387185,
                0.035977423749548196,
                0.0434644828793969,
                0.05148403432268955,
                0.06393009357365652,
                0.0735832559156238,
                0.08593400982832344,
                0.09802357207615593,
                0.1111111111111111,
                0.12419310846440586,
                0.1364901122925569,
                0.14877284030706023,
                0.16487541278895226,
                0.17415121982291865,
                0.20055807464248343,
                0.21044141369702302,
                0.23282442748091603,
                0.24325460200050433,
                0.2480800759340754,
                0.27142321395087193,
                0.27604512276045123
            ],
            "ler_z": [
                0.029130253849354974,
                0.03676981677648956,
                0.043748019413913306,
                0.05473946506440528,
                0.06340627157789472,
                0.07259959560631729,
                0.0847852447507818,
                0.0985675430643699,
                0.10892611475277171,
                0.12469315392308392,
                0.13827884328729007,
                0.1519083144123689,
                0.17111978384869408,
                0.18472514172877252,
                0.19630275549354725,
                0.20948819474996333,
                0.22272582697201018,
                0.2444313692527528,
                0.2540339977564932,
                0.27948621788861805,
                0.2831548014029766
            ],
            "per": [
                0.1,
                0.10500000000000001,
                0.11,
                0.115,
                0.12000000000000001,
                0.125,
                0.13,
                0.135,
                0.14,
                0.14500000000000002,
                0.15000000000000002,
                0.155,
                0.16,
                0.165,
                0.17,
                0.175,
                0.18,
                0.185,
                0.19,
                0.195,
                0.2
            ],
            "ratio": null
        }
    },
    "distance_array": [
        3,
        5,
        7,
        9,
        11,
        13,
        17,
        21
    ],