{
    "bias": 1,
    "data": {
        "13": {
            "ler": [
                0.06402458544080927,
                0.08521516829995739,
                0.10225994477962982,
                0.1226391954868776,
                0.13974287311347122,
                0.1557389814670612,
                0.17752529735487307,
                0.20571898786257972,
                0.23889154323936931,
                0.2638522427440633,
                0.28885037550548814,
                0.33738191632928477,
                0.3629764065335753,
                0.36683785766691124,
                0.3995205753096284,
                0.44404973357015987,
                0.4701457451810061,
                0.4791566842357451,
                0.4814636494944632,
                0.5260389268805892,
                0.5482456140350878
            ],
            "ler_eb": [
                0.001958749937818182,
                0.002577367711385095,
                0.003063944225258035,
                0.003632606930937241,
                0.004098678066884045,
                0.004525178330417279,
                0.0050912160051192435,
                0.005797776494525486,
                0.006590586276990702,
                0.007158850395302278,
                0.0077028852636707714,
                0.008684672439359418,
                0.009161279973687016,
                0.009230635852560539,
                0.00979012452625957,
                0.010470069997747853,
                0.010822079579568681,
                0.010935309982001809,
                0.010963598097789282,
                0.011452207813414607,
                0.011652694344483275
            ],
            "ler_x": [
                0.03252448940393111,
                0.04235193864507882,
                0.052663871561509354,
                0.06279126808928133,
                0.06861375069871437,
                0.07958261952966827,
                0.09284573051659861,
                0.10615099773709114,
                0.12255136168179646,
                0.14063324538258576,
                0.15395725014442518,
                0.17982456140350878,
                0.20689655172413793,
                0.21166544387380778,
                0.21893727526967638,
                0.2544404973357016,
                0.27174424071462155,
                0.2783900335409679,
                0.2831006259027443,
                0.3145712782745923,
                0.33497807017543857
            ],
            "ler_z": [
                0.032140341891286256,
                0.04516403919897742,
                0.052561611616729724,
                0.06315918567574197,
                0.07574063722750139,
                0.0842547889736801,
                0.092313154624534,
                0.1145854762394569,
                0.13354037267080746,
                0.14353562005277046,
                0.1608896591565569,
                0.1902834008097166,
                0.1927404718693285,
                0.2028613352898019,
                0.23811426288453855,
                0.2579928952042629,
                0.26986365773389753,
                0.2874940105414471,
                0.2773230621088108,
                0.3061546554445029,
                0.3262061403508772
            ],
            "per": [
                0.1,
                0.10500000000000001,
                0.11,
                0.115,
                0.12000000000000001,
                0.125,
                0.13,
                0.135,
                0.14,
                0.14500000000000002,
                0.15000000000000002,
                0.155,
                0.16,
                0.165,
                0.17,
                0.175,
                0.18,
                0.185,
                0.19,
                0.195,
                0.2
            ]
        }
    },
    "distance_array": [
        5,
        9,
        13,
        17,
        21
    ],
    "ler_distances": [
        [
            0.10682619378271552,
            0.1195457262402869,
            0.13354700854700854,
            0.14553922282055015,
            0.16017940092904054,
            0.17295053614666206,
            0.18864365214110546,
            0.20729684908789386,
            0.21123785382340515,
            0.23348120476301656,
            0.24319066147859922,
            0.2529724260055654,
            0.26253609871357314,
            0.3004807692307692,
            0.2971768202080238,
            0.3288391976323578,
            0.3331112591605596,
            0.35410764872521244,
            0.3604902667627974,
            0.36643459142543056,
            0.3849114703618168
        ],
        [
            0.08707767328456983,
            0.09867771857114664,
            0.11448196908986835,
            0.13753266400770184,
            0.1520912547528517,
            0.1688333614722269,
            0.1948178453146308,
            0.20169423154497781,
            0.22376370552696354,
            0.2647603918453799,
            0.26983270372369134,
            0.29806259314456035,
            0.32992411745298583,
            0.3566333808844508,
            0.35587188612099646,
            0.38895371450797356,
            0.419639110365086,
            0.4093327875562833,
            0.45558086560364464,
            0.4612546125461255,
            0.47664442326024786
        ],
        [
            0.06402458544080927,
            0.08521516829995739,
            0.10225994477962982,
            0.1226391954868776,
            0.13974287311347122,
            0.1557389814670612,
            0.17752529735487307,
            0.20571898786257972,
            0.23889154323936931,
            0.2638522427440633,
            0.28885037550548814,
            0.33738191632928477,
            0.3629764065335753,
            0.36683785766691124,
            0.3995205753096284,
            0.44404973357015987,
            0.4701457451810061,
            0.4791566842357451,
            0.4814636494944632,
            0.5260389268805892,
            0.5482456140350878
        ]
    ],
    "n_logical_errors": 1000,
    "n_runs": 1000000,
    "per_list": [
        0.1,
        0.10500000000000001,
        0.11,
        0.115,
        0.12000000000000001,
        0.125,
        0.13,
        0.135,
        0.14,
        0.14500000000000002,
        0.15000000000000002,
        0.155,
        0.16,
        0.165,
        0.17,
        0.175,
        0.18,
        0.185,
        0.19,
        0.195,
        0.2
    ]
}
