{
    "bias": 1,
    "data": {
        "21": {
            "ler": [
                0.037259212340251126,
                0.05307855626326964,
                0.07025925665706456,
                0.0893814801573114,
                0.11239743733842869,
                0.13762730525736305,
                0.1725625539257981,
                0.2008838891120932,
                0.23719165085388993,
                0.28153153153153154,
                0.3332222592469177,
                0.3523608174770965,
                0.40096230954290296,
                0.44603033006244425,
                0.4526935264825713,
                0.5205622071837585,
                0.5420054200542005,
                0.5630630630630631,
                0.5875440658049353,
                0.60790273556231,
                0.6365372374283895
            ],
            "ler_eb": [
                0.0011560812443390906,
                0.0016333380420705864,
                0.00214232069046064,
                0.002697216337426324,
                0.0033486185841605353,
                0.004041588610316476,
                0.0049637985209324735,
                0.0056787147106386595,
                0.006550992718836775,
                0.00754624496973901,
                0.008604478449038765,
                0.008967144471918405,
                0.009813651356893665,
                0.01049801975139304,
                0.010590575889661027,
                0.011398265474310968,
                0.011599353890193917,
                0.01176972778616955,
                0.011932438987949635,
                0.012037353202952312,
                0.012135391077781912
            ],
            "ler_x": [
                0.01877864301948657,
                0.027547770700636943,
                0.03512962832853228,
                0.04576331784054344,
                0.057997077666629204,
                0.0674373795761079,
                0.09197584124245038,
                0.10405785456006428,
                0.1344876660341556,
                0.15230855855855857,
                0.19160279906697766,
                0.19203664552501762,
                0.2165196471531676,
                0.24977698483496877,
                0.2747849705749208,
                0.3071317022384175,
                0.32574525745257454,
                0.31981981981981983,
                0.36133960047003527,
                0.3708206686930091,
                0.3965626989178867
            ],
            "ler_z": [
                0.01885316144416707,
                0.026167728237791933,
                0.03625377643504532,
                0.04629960672148731,
                0.058896257165336634,
                0.07583264519680705,
                0.08852459016393442,
                0.10727199678585778,
                0.11669829222011385,
                0.14780405405405406,
                0.17627457514161946,
                0.20155038759689922,
                0.2329591018444266,
                0.2591436217662801,
                0.2535083748302399,
                0.3086933888599688,
                0.3224932249322493,
                0.34121621621621623,
                0.35487661574618096,
                0.3811550151975684,
                0.3901973265436028
            ],
            "per": [
                0.1,
                0.10500000000000001,
                0.11,
                0.115,
                0.12000000000000001,
                0.125,
                0.13,
                0.135,
                0.14,
                0.14500000000000002,
                0.15000000000000002,
                0.155,
                0.16,
                0.165,
                0.17,
                0.175,
                0.18,
                0.185,
                0.19,
                0.195,
                0.2
            ]
        }
    },
    "distance_array": [
        5,
        9,
        13,
        17,
        21
    ],
    "ler_distances": [
        [
            0.10682619378271552,
            0.1195457262402869,
            0.13354700854700854,
            0.14553922282055015,
            0.16017940092904054,
            0.17295053614666206,
            0.18864365214110546,
            0.20729684908789386,
            0.21123785382340515,
            0.23348120476301656,
            0.24319066147859922,
            0.2529724260055654,
            0.26253609871357314,
            0.3004807692307692,
            0.2971768202080238,
            0.3288391976323578,
            0.3331112591605596,
            0.35410764872521244,
            0.3604902667627974,
            0.36643459142543056,
            0.3849114703618168
        ],
        [
            0.08707767328456983,
            0.09867771857114664,
            0.11448196908986835,
            0.13753266400770184,
            0.1520912547528517,
            0.1688333614722269,
            0.1948178453146308,
            0.20169423154497781,
            0.22376370552696354,
            0.2647603918453799,
            0.26983270372369134,
            0.29806259314456035,
            0.32992411745298583,
            0.3566333808844508,
            0.35587188612099646,
            0.38895371450797356,
            0.419639110365086,
            0.4093327875562833,
            0.45558086560364464,
            0.4612546125461255,
            0.47664442326024786
        ],
        [
            0.06402458544080927,
            0.08521516829995739,
            0.10225994477962982,
            0.1226391954868776,
            0.13974287311347122,
            0.1557389814670612,
            0.17752529735487307,
            0.20571898786257972,
            0.23889154323936931,
            0.2638522427440633,
            0.28885037550548814,
            0.33738191632928477,
            0.3629764065335753,
            0.36683785766691124,
            0.3995205753096284,
            0.44404973357015987,
            0.4701457451810061,
            0.4791566842357451,
            0.4814636494944632,
            0.5260389268805892,
            0.5482456140350878
        ],
        [
            0.0506636943965954,
            0.06406560317765392,
            0.08224360555966774,
            0.1011326860841424,
            0.1278772378516624,
            0.1539408866995074,
            0.18368846436443792,
            0.20946795140343527,
            0.254323499491353,
            0.2802690582959641,
            0.32123353678123995,
            0.3424657534246575,
            0.3711952487008166,
            0.4030632809351068,
            0.45167118337850043,
            0.4601932811780948,
            0.499001996007984,
            0.5299417064122947,
            0.5186721991701245,
            0.5530973451327433,
            0.5793742757821553
        ],
        [
            0.037259212340251126,
            0.05307855626326964,
            0.07025925665706456,
            0.0893814801573114,
            0.11239743733842869,
            0.13762730525736305,
            0.1725625539257981,
            0.2008838891120932,
            0.23719165085388993,
            0.28153153153153154,
            0.3332222592469177,
            0.3523608174770965,
            0.40096230954290296,
            0.44603033006244425,
            0.4526935264825713,
            0.5205622071837585,
            0.5420054200542005,
            0.5630630630630631,
            0.5875440658049353,
            0.60790273556231,
            0.6365372374283895
        ]
    ],
    "n_logical_errors": 1000,
    "n_runs": 1000000,
    "per_list": [
        0.1,
        0.10500000000000001,
        0.11,
        0.115,
        0.12000000000000001,
        0.125,
        0.13,
        0.135,
        0.14,
        0.14500000000000002,
        0.15000000000000002,
        0.155,
        0.16,
        0.165,
        0.17,
        0.175,
        0.18,
        0.185,
        0.19,
        0.195,
        0.2
    ]
}
