{
    "bias": 1,
    "data": {
        "9": {
            "ler": [
                0.08707767328456983,
                0.09867771857114664,
                0.11448196908986835,
                0.13753266400770184,
                0.1520912547528517,
                0.1688333614722269,
                0.1948178453146308,
                0.20169423154497781,
                0.22376370552696354,
                0.2647603918453799,
                0.26983270372369134,
                0.29806259314456035,
                0.32992411745298583,
                0.3566333808844508,
                0.35587188612099646,
                0.38895371450797356,
                0.419639110365086,
                0.4093327875562833,
                0.45558086560364464,
                0.4612546125461255,
                0.47664442326024786
            ],
            "ler_eb": [
                0.00263101746141367,
                0.002962505420878247,
                0.003406714939533616,
                0.004039030971931515,
                0.004428725880521307,
                0.0048674591894576616,
                0.005528098926784882,
                0.005698730396996157,
                0.006234284508876379,
                0.007179058009882371,
                0.007291313532473602,
                0.007896900554292279,
                0.008540357627470803,
                0.009045888965528373,
                0.009031914289111978,
                0.009614683168484933,
                0.010109391756467153,
                0.009948279194859825,
                0.010629973106540585,
                0.010706129804150763,
                0.010904178300169364
            ],
            "ler_x": [
                0.04423545802856148,
                0.0526939017169923,
                0.05964510589582141,
                0.07179205061202036,
                0.07908745247148288,
                0.08981934830322472,
                0.10072082602766413,
                0.10770471964501815,
                0.12441262027299171,
                0.1450886947312682,
                0.14867781975175393,
                0.16423248882265276,
                0.17881887165951832,
                0.18651925820256776,
                0.20355871886120996,
                0.21236872812135357,
                0.24087284934955938,
                0.21858370855505527,
                0.25649202733485194,
                0.2693726937269373,
                0.275023832221163
            ],
            "ler_z": [
                0.04519331243469175,
                0.04805604894414841,
                0.057927876359473385,
                0.07096685462797414,
                0.07954372623574145,
                0.08627384771230795,
                0.10559127216052991,
                0.10609116579265833,
                0.11523830834638622,
                0.14085252846174212,
                0.1457096600107933,
                0.15737704918032788,
                0.1794787198944243,
                0.20970042796005706,
                0.19715302491103204,
                0.22442629327110075,
                0.23080151070079732,
                0.24232501023331968,
                0.2660592255125285,
                0.2615313653136531,
                0.273117254528122
            ],
            "per": [
                0.1,
                0.10500000000000001,
                0.11,
                0.115,
                0.12000000000000001,
                0.125,
                0.13,
                0.135,
                0.14,
                0.14500000000000002,
                0.15000000000000002,
                0.155,
                0.16,
                0.165,
                0.17,
                0.175,
                0.18,
                0.185,
                0.19,
                0.195,
                0.2
            ]
        }
    },
    "distance_array": [
        5,
        9,
        13,
        17,
        21
    ],
    "ler_distances": [
        [
            0.10682619378271552,
            0.1195457262402869,
            0.13354700854700854,
            0.14553922282055015,
            0.16017940092904054,
            0.17295053614666206,
            0.18864365214110546,
            0.20729684908789386,
            0.21123785382340515,
            0.23348120476301656,
            0.24319066147859922,
            0.2529724260055654,
            0.26253609871357314,
            0.3004807692307692,
            0.2971768202080238,
            0.3288391976323578,
            0.3331112591605596,
            0.35410764872521244,
            0.3604902667627974,
            0.36643459142543056,
            0.3849114703618168
        ],
        [
            0.08707767328456983,
            0.09867771857114664,
            0.11448196908986835,
            0.13753266400770184,
            0.1520912547528517,
            0.1688333614722269,
            0.1948178453146308,
            0.20169423154497781,
            0.22376370552696354,
            0.2647603918453799,
            0.26983270372369134,
            0.29806259314456035,
            0.32992411745298583,
            0.3566333808844508,
            0.35587188612099646,
            0.38895371450797356,
            0.419639110365086,
            0.4093327875562833,
            0.45558086560364464,
            0.4612546125461255,
            0.47664442326024786
        ]
    ],
    "n_logical_errors": 1000,
    "n_runs": 1000000,
    "per_list": [
        0.1,
        0.10500000000000001,
        0.11,
        0.115,
        0.12000000000000001,
        0.125,
        0.13,
        0.135,
        0.14,
        0.14500000000000002,
        0.15000000000000002,
        0.155,
        0.16,
        0.165,
        0.17,
        0.175,
        0.18,
        0.185,
        0.19,
        0.195,
        0.2
    ]
}
