{
    "bias": 1,
    "data": {
        "7": {
            "ler": [
                0.07182050619092763,
                0.0861141011840689,
                0.10106624892617111,
                0.11983223487118035,
                0.14072416656112355,
                0.15695137646357157,
                0.17176523128188392,
                0.19766752322593398,
                0.21995424951610065,
                0.24113817217265493,
                0.2601795238714713
            ],
            "ler_eb": [
                0.0006919336416108676,
                0.0008232282420604719,
                0.000958230500766156,
                0.0011242331537656533,
                0.0013044726683812085,
                0.0014410911152669026,
                0.0015631907894908985,
                0.001770567574879324,
                0.0019426403030179966,
                0.0021006191406121436,
                0.0022378773884327388
            ],
            "ler_x": [
                0.036815191473469504,
                0.044779332615715824,
                0.05201879832230027,
                0.06449370880766926,
                0.0739224046945582,
                0.08301158301158301,
                0.09009086380734811,
                0.10672069578968175,
                0.11721361956713004,
                0.13014227152158186,
                0.14047092493820737
            ],
            "ler_z": [
                0.03500531471745813,
                0.04133476856835307,
                0.049047450603870835,
                0.055338526063511084,
                0.06680176186656535,
                0.07393979345198858,
                0.08167436747453581,
                0.09094682743625222,
                0.10274062994897061,
                0.11099590065107307,
                0.11970859893326395
            ],
            "per": [
                0.09,
                0.096,
                0.102,
                0.108,
                0.11399999999999999,
                0.12,
                0.126,
                0.132,
                0.138,
                0.144,
                0.15
            ]
        }
    },
    "distance_array": [
        5,
        7,
        9,
        11,
        13
    ],
    "ler_distances": [
        [
            0.08397222198896605,
            0.09950050745258801,
            0.11235702568481608,
            0.1284224585195459,
            0.14265131738491604,
            0.1610072614274904,
            0.17533093714385903,
            0.194344572927801,
            0.20799534090436375,
            0.2291213197388017,
            0.24697456162015313
        ],
        [
            0.07182050619092763,
            0.0861141011840689,
            0.10106624892617111,
            0.11983223487118035,
            0.14072416656112355,
            0.15695137646357157,
            0.17176523128188392,
            0.19766752322593398,
            0.21995424951610065,
            0.24113817217265493,
            0.2601795238714713
        ]
    ],
    "n_logical_errors": 10000,
    "n_runs": 1000000,
    "per_list": [
        0.09,
        0.096,
        0.102,
        0.108,
        0.11399999999999999,
        0.12,
        0.126,
        0.132,
        0.138,
        0.144,
        0.15
    ]
}
