{
    "bias": 1,
    "data": {
        "17": {
            "ler": [
                0.0506636943965954,
                0.06406560317765392,
                0.08224360555966774,
                0.1011326860841424,
                0.1278772378516624,
                0.1539408866995074,
                0.18368846436443792,
                0.20946795140343527,
                0.254323499491353,
                0.2802690582959641,
                0.32123353678123995,
                0.3424657534246575,
                0.3711952487008166,
                0.4030632809351068,
                0.45167118337850043,
                0.4601932811780948,
                0.499001996007984,
                0.5299417064122947,
                0.5186721991701245,
                0.5530973451327433,
                0.5793742757821553
            ],
            "ler_eb": [
                0.0015610143676623941,
                0.001959961875155254,
                0.0024915284527987323,
                0.003032070788343965,
                0.0037764353801497145,
                0.004477693242813309,
                0.005248193636688383,
                0.005889485079987106,
                0.006944831598775975,
                0.007519002706332139,
                0.00836914452189414,
                0.00878165431172647,
                0.009308084472193143,
                0.009847758344737027,
                0.01057652300957081,
                0.010692011484696359,
                0.011169154040930579,
                0.0114895748745846,
                0.011379244887086571,
                0.011692517839116647,
                0.011882480856292161
            ],
            "ler_x": [
                0.024521228087952172,
                0.03305785123966942,
                0.04219096965210955,
                0.05289239482200647,
                0.0643222506393862,
                0.08220443349753695,
                0.09808963997060985,
                0.10955173858399665,
                0.14343845371312308,
                0.15022421524663676,
                0.17635721169290075,
                0.19075342465753425,
                0.20638455827765403,
                0.2257154373236598,
                0.25383920505871727,
                0.26184997699033596,
                0.28642714570858285,
                0.3068362480127186,
                0.31742738589211617,
                0.336283185840708,
                0.3464658169177289
            ],
            "ler_z": [
                0.026395784780626205,
                0.03203280158882696,
                0.04177975162431121,
                0.05107200647249191,
                0.06662404092071611,
                0.0772783251231527,
                0.09533431300514328,
                0.10997067448680352,
                0.12817904374364192,
                0.15134529147982062,
                0.17507227754577578,
                0.18664383561643835,
                0.20935412026726058,
                0.23417976622329706,
                0.26332429990966577,
                0.26092959042797975,
                0.2954091816367265,
                0.3195548489666137,
                0.29564315352697096,
                0.33738938053097345,
                0.34936268829663963
            ],
            "per": [
                0.1,
                0.10500000000000001,
                0.11,
                0.115,
                0.12000000000000001,
                0.125,
                0.13,
                0.135,
                0.14,
                0.14500000000000002,
                0.15000000000000002,
                0.155,
                0.16,
                0.165,
                0.17,
                0.175,
                0.18,
                0.185,
                0.19,
                0.195,
                0.2
            ]
        }
    },
    "distance_array": [
        5,
        9,
        13,
        17,
        21
    ],
    "ler_distances": [
        [
            0.10682619378271552,
            0.1195457262402869,
            0.13354700854700854,
            0.14553922282055015,
            0.16017940092904054,
            0.17295053614666206,
            0.18864365214110546,
            0.20729684908789386,
            0.21123785382340515,
            0.23348120476301656,
            0.24319066147859922,
            0.2529724260055654,
            0.26253609871357314,
            0.3004807692307692,
            0.2971768202080238,
            0.3288391976323578,
            0.3331112591605596,
            0.35410764872521244,
            0.3604902667627974,
            0.36643459142543056,
            0.3849114703618168
        ],
        [
            0.08707767328456983,
            0.09867771857114664,
            0.11448196908986835,
            0.13753266400770184,
            0.1520912547528517,
            0.1688333614722269,
            0.1948178453146308,
            0.20169423154497781,
            0.22376370552696354,
            0.2647603918453799,
            0.26983270372369134,
            0.29806259314456035,
            0.32992411745298583,
            0.3566333808844508,
            0.35587188612099646,
            0.38895371450797356,
            0.419639110365086,
            0.4093327875562833,
            0.45558086560364464,
            0.4612546125461255,
            0.47664442326024786
        ],
        [
            0.06402458544080927,
            0.08521516829995739,
            0.10225994477962982,
            0.1226391954868776,
            0.13974287311347122,
            0.1557389814670612,
            0.17752529735487307,
            0.20571898786257972,
            0.23889154323936931,
            0.2638522427440633,
            0.28885037550548814,
            0.33738191632928477,
            0.3629764065335753,
            0.36683785766691124,
            0.3995205753096284,
            0.44404973357015987,
            0.4701457451810061,
            0.4791566842357451,
            0.4814636494944632,
            0.5260389268805892,
            0.5482456140350878
        ],
        [
            0.0506636943965954,
            0.06406560317765392,
            0.08224360555966774,
            0.1011326860841424,
            0.1278772378516624,
            0.1539408866995074,
            0.18368846436443792,
            0.20946795140343527,
            0.254323499491353,
            0.2802690582959641,
            0.32123353678123995,
            0.3424657534246575,
            0.3711952487008166,
            0.4030632809351068,
            0.45167118337850043,
            0.4601932811780948,
            0.499001996007984,
            0.5299417064122947,
            0.5186721991701245,
            0.5530973451327433,
            0.5793742757821553
        ]
    ],
    "n_logical_errors": 1000,
    "n_runs": 1000000,
    "per_list": [
        0.1,
        0.10500000000000001,
        0.11,
        0.115,
        0.12000000000000001,
        0.125,
        0.13,
        0.135,
        0.14,
        0.14500000000000002,
        0.15000000000000002,
        0.155,
        0.16,
        0.165,
        0.17,
        0.175,
        0.18,
        0.185,
        0.19,
        0.195,
        0.2
    ]
}
