{
    "bias": 1,
    "data": {
        "13": {
            "ler": [
                0.039868752068191515,
                0.054129249822726704,
                0.07175145296692258,
                0.09079023823358512,
                0.11326311020500623,
                0.14092843653992504,
                0.16752383026485518,
                0.19625929778423254,
                0.22688084218168617,
                0.2594302910807866,
                0.2928343436118188
            ],
            "ler_eb": [
                0.00039065909904751136,
                0.0005264388189019745,
                0.0006912940820042871,
                0.0008657075411075078,
                0.0010665614227285587,
                0.001306210906365482,
                0.0015284896395667514,
                0.0017594957477615114,
                0.001994899599758993,
                0.002232562651321358,
                0.002462536009632456
            ],
            "ler_x": [
                0.01972705852334116,
                0.027194535110937897,
                0.03561742125278037,
                0.04624854735618826,
                0.05790010193679918,
                0.07235265931959751,
                0.08530313437086426,
                0.1038996722469727,
                0.12063254378800255,
                0.1374980542728169,
                0.15874549767196697
            ],
            "ler_z": [
                0.02014169354485035,
                0.02693471471178881,
                0.036134031714142215,
                0.044541690877396865,
                0.055363008268207045,
                0.06857577722032752,
                0.08222069589399092,
                0.09235962553725983,
                0.10624829839368363,
                0.1219322368079697,
                0.13408884593985182
            ],
            "per": [
                0.09,
                0.096,
                0.102,
                0.108,
                0.11399999999999999,
                0.12,
                0.126,
                0.132,
                0.138,
                0.144,
                0.15
            ]
        }
    },
    "distance_array": [
        5,
        7,
        9,
        11,
        13
    ],
    "ler_distances": [
        [
            0.08397222198896605,
            0.09950050745258801,
            0.11235702568481608,
            0.1284224585195459,
            0.14265131738491604,
            0.1610072614274904,
            0.17533093714385903,
            0.194344572927801,
            0.20799534090436375,
            0.2291213197388017,
            0.24697456162015313
        ],
        [
            0.07182050619092763,
            0.0861141011840689,
            0.10106624892617111,
            0.11983223487118035,
            0.14072416656112355,
            0.15695137646357157,
            0.17176523128188392,
            0.19766752322593398,
            0.21995424951610065,
            0.24113817217265493,
            0.2601795238714713
        ],
        [
            0.0585606952325738,
            0.07457844533772849,
            0.0904249066362839,
            0.1080216907555037,
            0.1298212361578107,
            0.1528981850985429,
            0.17272947110235948,
            0.19518288636452355,
            0.22297041182635063,
            0.25015009005403244,
            0.27442371020856204
        ],
        [
            0.048807629608660426,
            0.06369223910066558,
            0.08095723838668416,
            0.09985321577281396,
            0.12316939486876301,
            0.1445191126526483,
            0.1737106328278354,
            0.2016576256831152,
            0.22389396381873544,
            0.25248699691965865,
            0.2826855123674912
        ],
        [
            0.039868752068191515,
            0.054129249822726704,
            0.07175145296692258,
            0.09079023823358512,
            0.11326311020500623,
            0.14092843653992504,
            0.16752383026485518,
            0.19625929778423254,
            0.22688084218168617,
            0.2594302910807866,
            0.2928343436118188
        ]
    ],
    "n_logical_errors": 10000,
    "n_runs": 1000000,
    "per_list": [
        0.09,
        0.096,
        0.102,
        0.108,
        0.11399999999999999,
        0.12,
        0.126,
        0.132,
        0.138,
        0.144,
        0.15
    ]
}
