{
    "bias": 1000,
    "code": "ColourCode",
    "data": {
        "9": {
            "ler": [
                0.19031668696711326,
                0.20017615501641445,
                0.2089776811836496,
                0.21681626989289277,
                0.22780081097088706,
                0.2352166345203933,
                0.24709661477637757,
                0.2598347451021151,
                0.2644802962179318,
                0.2753455586761386,
                0.2887002713782551,
                0.3030670384289005,
                0.31007751937984496,
                0.31543751182890667,
                0.32197823427136324,
                0.34298257648511454,
                0.34333585112957493,
                0.36321371494987653,
                0.3690854063630324,
                0.3807203228508338,
                0.39175742380318107
            ],
            "ler_eb": [
                0.0024218623801602374,
                0.002531771546224729,
                0.002628507814149693,
                0.0027135554139123396,
                0.0028309678301173574,
                0.0029090571027311917,
                0.0030321551412672175,
                0.0031613790395624425,
                0.003207786654346677,
                0.0033148093309526444,
                0.0034434082167109467,
                0.0035780730708923026,
                0.003642381462682802,
                0.0036909221493471632,
                0.0037494134250653007,
                0.003931655886196002,
                0.003934647275609142,
                0.004098963843782113,
                0.004145979572246346,
                0.004237058614010451,
                0.004320864441421107
            ],
            "ler_x": [
                0.024322472594397078,
                0.025702618304107614,
                0.028211986959792695,
                0.028619747625861846,
                0.03134539158959406,
                0.033400762101895846,
                0.034049913516184825,
                0.03835160837707218,
                0.0399365247289077,
                0.044110358499917394,
                0.046827184017552974,
                0.05049096860225482,
                0.05184496124031008,
                0.051542489432843355,
                0.05325519994848348,
                0.06214844285910276,
                0.06358579962919728,
                0.06937381955542642,
                0.06872370266479663,
                0.07416431889134242,
                0.07858653921491812
            ],
            "ler_z": [
                0.1702192448233861,
                0.17927776443270077,
                0.18603193178968486,
                0.19392047179220329,
                0.202104879493371,
                0.20976619466528673,
                0.22095379293303682,
                0.23042145195655564,
                0.2352816715154721,
                0.24357068120491215,
                0.2537675385414862,
                0.26548672566371684,
                0.272,
                0.2779004479212668,
                0.2837916156867796,
                0.29832624502675265,
                0.29890819199340796,
                0.3155600755484527,
                0.32309736473019857,
                0.33175968933221656,
                0.34020214683068245
            ],
            "per": [
                0.3,
                0.305,
                0.31,
                0.315,
                0.32,
                0.325,
                0.33,
                0.335,
                0.34,
                0.34500000000000003,
                0.35,
                0.355,
                0.36,
                0.365,
                0.37,
                0.375,
                0.38,
                0.385,
                0.39,
                0.395,
                0.4
            ],
            "ratio": null
        }
    },
    "distance_array": [
        3,
        5,
        7,
        9,
        11,
        13,
        17,
        21
    ],
    "ler_distances": [
        [
            0.2671368274830368,
            0.27233115468409586,
            0.28130977832789467,
            0.28742239595309266,
            0.29521166676507055,
            0.3025901718712176,
            0.29990403071017274,
            0.3118567953595709,
            0.31881655295542943,
            0.32216494845360827,
            0.3309066843150232,
            0.3363605785401951,
            0.34659642312491334,
            0.34862641193696836,
            0.3493083694285315,
            0.3614283648980772,
            0.36635404454865184,
            0.37149862545508583,
            0.3715538381511481,
            0.38414259373079285,
            0.3898939488459139
        ],
        [
            0.23014959723820483,
            0.23394001777944134,
            0.242107301956227,
            0.2471821237888076,
            0.25722810988784856,
            0.2683843263553409,
            0.2700658960786432,
            0.28551850159890363,
            0.28373623879241855,
            0.28714179061620626,
            0.303951367781155,
            0.3094633904809061,
            0.3156167150612296,
            0.32043065880543453,
            0.3328451604313673,
            0.3390290208841877,
            0.339397230518599,
            0.3528830545557202,
            0.35793542844870785,
            0.373943609303717,
            0.3731621762818121
        ],
        [
            0.1992349378386994,
            0.20670552730580016,
            0.22083830219513273,
            0.2189046013747209,
            0.2337650194024966,
            0.24278916189181315,
            0.25155966995371304,
            0.2559639602743934,
            0.26881720430107525,
            0.2789089083505327,
            0.2885003750504876,
            0.29671829565010976,
            0.3057542958478567,
            0.31197354464341426,
            0.33266799733865604,
            0.335750738651625,
            0.350385423966363,
            0.3551388592939839,
            0.36221385105766446,
            0.36881315925352215,
            0.37678975131876413
        ],
        [
            0.19031668696711326,
            0.20017615501641445,
            0.2089776811836496,
            0.21681626989289277,
            0.22780081097088706,
            0.2352166345203933,
            0.24709661477637757,
            0.2598347451021151,
            0.2644802962179318,
            0.2753455586761386,
            0.2887002713782551,
            0.3030670384289005,
            0.31007751937984496,
            0.31543751182890667,
            0.32197823427136324,
            0.34298257648511454,
            0.34333585112957493,
            0.36321371494987653,
            0.3690854063630324,
            0.3807203228508338,
            0.39175742380318107
        ]
    ],
    "n_logical_errors": 5000,
    "n_runs": 1000000,
    "per_list": [
        0.3,
        0.305,
        0.31,
        0.315,
        0.32,
        0.325,
        0.33,
        0.335,
        0.34,
        0.34500000000000003,
        0.35,
        0.355,
        0.36,
        0.365,
        0.37,
        0.375,
        0.38,
        0.385,
        0.39,
        0.395,
        0.4
    ]
}
