{
    "bias": 1000,
    "code": "ColourCode",
    "data": {
        "21": {
            "ler": [
                0.12029351617947792,
                0.13361838588989844,
                0.1469594098110102,
                0.16123311083164038,
                0.17042162309553835,
                0.18743439796071376,
                0.20233085140822274,
                0.22118021764133416,
                0.2332742371932444,
                0.24398575123212804,
                0.2632826075509452,
                0.28093044162265424,
                0.3008785654110001,
                0.31267588018260273,
                0.32750376629331235,
                0.3439262622093823,
                0.3644846187490888,
                0.3724117384179949,
                0.4029658284977434,
                0.4128137384412153,
                0.4270219489281749
            ],
            "ler_eb": [
                0.0015956076645562214,
                0.0017588784693257631,
                0.0019195403483997662,
                0.0020882854867877183,
                0.002195171253479172,
                0.0023894255882311133,
                0.0025555742555601296,
                0.002760449242691324,
                0.0028886957596636217,
                0.0030001602490408673,
                0.0031958591444584987,
                0.003368986350491577,
                0.0035578084011144723,
                0.0036659806742481357,
                0.0037981859662706494,
                0.003939641144369248,
                0.00410919959582138,
                0.004172302280999556,
                0.004403345996028555,
                0.004473599311754505,
                0.004571241745322641
            ],
            "ler_x": [
                0.02795621316011067,
                0.03137359700694815,
                0.038444581606560266,
                0.04143690948373158,
                0.04540032039265142,
                0.048845404108562,
                0.05430560051796698,
                0.060824559851366894,
                0.06956237753102547,
                0.07173181086224564,
                0.0792480648728345,
                0.08731318125632094,
                0.09218919244193044,
                0.10024388718654242,
                0.10643872404532652,
                0.11494015683037556,
                0.12283131651844292,
                0.13645166095635333,
                0.1399097356544165,
                0.15100726552179655,
                0.16337859765991972
            ],
            "ler_z": [
                0.09507999518825935,
                0.10561197220737574,
                0.11333509684625107,
                0.12489116765018864,
                0.13163366167899382,
                0.14627380416854102,
                0.1564422143088378,
                0.16946828275679024,
                0.17518895213212654,
                0.18606353388962085,
                0.2003580643462693,
                0.2123834138667266,
                0.22926946684318208,
                0.23657057094615722,
                0.24916486539595206,
                0.2601458247351768,
                0.27452981484181366,
                0.27729778042603903,
                0.3035944551901999,
                0.3088672391017173,
                0.3168502861047058
            ],
            "per": [
                0.3,
                0.305,
                0.31,
                0.315,
                0.32,
                0.325,
                0.33,
                0.335,
                0.34,
                0.34500000000000003,
                0.35,
                0.355,
                0.36,
                0.365,
                0.37,
                0.375,
                0.38,
                0.385,
                0.39,
                0.395,
                0.4
            ],
            "ratio": null
        }
    },
    "distance_array": [
        3,
        5,
        7,
        9,
        11,
        13,
        17,
        21
    ],