{
    "bias": 1000,
    "code": "ColourCode",
    "data": {
        "13": {
            "ler": [
                0.16637274149003428,
                0.17261617068286958,
                0.18497280899707744,
                0.194924174496121,
                0.2071079446607572,
                0.22199529369977355,
                0.23023437859741216,
                0.24475011013754955,
                0.2608105993427573,
                0.2728512960436562,
                0.2849002849002849,
                0.2860248269549797,
                0.30921459492888065,
                0.315059861373661,
                0.3264133698916308,
                0.34835922803595065,
                0.35932446999640677,
                0.36974044220956886,
                0.38179596823457546,
                0.40706667752177805,
                0.4140786749482402
            ],
            "ler_eb": [
                0.0021482416100330787,
                0.0022204959742821466,
                0.0023616141299617455,
                0.002473426984340697,
                0.0026080672745202034,
                0.002769171653978803,
                0.002856698629112159,
                0.003008037381679104,
                0.0031711596028767093,
                0.003290429847817469,
                0.003407149451163732,
                0.0034179073383849997,
                0.0036345157807519384,
                0.003687519996633876,
                0.0037886079491587055,
                0.0039769162207041134,
                0.004067437234028792,
                0.0041511810422184756,
                0.004245337797063841,
                0.004432854527851636,
                0.004482471274742344
            ],
            "ler_x": [
                0.03164409543140452,
                0.03435061796589105,
                0.03732751285561023,
                0.04073915246968929,
                0.042167177532930165,
                0.04719619944057186,
                0.048993875765529306,
                0.05174017328307798,
                0.058995357571331696,
                0.05877216916780355,
                0.07059829059829059,
                0.06876036839997712,
                0.07575757575757576,
                0.07895400126023945,
                0.08029768899334117,
                0.08987668083327527,
                0.09766439094502335,
                0.10471049323374991,
                0.10232131948686622,
                0.11560693641618497,
                0.12091097308488613
            ],
            "ler_z": [
                0.13865504275779456,
                0.14365117724228404,
                0.15323147497317893,
                0.16147518615258663,
                0.17156822135697125,
                0.18350130977223283,
                0.191370815490169,
                0.2030446913701111,
                0.21475144749882635,
                0.22630286493860846,
                0.23082621082621083,
                0.2336822836222184,
                0.2522572665429808,
                0.2575299306868305,
                0.26746311528920225,
                0.28349473977565665,
                0.2900467121810995,
                0.29815869259779637,
                0.30978924862553453,
                0.32825856875356185,
                0.3327536231884058
            ],
            "per": [
                0.3,
                0.305,
                0.31,
                0.315,
                0.32,
                0.325,
                0.33,
                0.335,
                0.34,
                0.34500000000000003,
                0.35,
                0.355,
                0.36,
                0.365,
                0.37,
                0.375,
                0.38,
                0.385,
                0.39,
                0.395,
                0.4
            ],
            "ratio": null
        }
    },
    "distance_array": [
        3,
        5,
        7,
        9,
        11,
        13,
        17,
        21
    ],