{
    "bias": 1000,
    "data": {
        "21": {
            "ler": [
                0.12097749818533753,
                0.13063357282821686,
                0.15384615384615385,
                0.1597444089456869,
                0.16926201760324983,
                0.18050541516245489,
                0.19837333862328904,
                0.2077706212341575,
                0.2311604253351826,
                0.25342118601115055,
                0.2672367717797969,
                0.2943773918163085,
                0.308546744831842,
                0.31705770450221943,
                0.3363605785401951,
                0.35473572188719404,
                0.3619254433586681,
                0.3838771593090211,
                0.4158004158004158,
                0.4168403501458941,
                0.43917435221783047
            ],
            "ler_eb": [
                0.003586778809823901,
                0.003851733557955811,
                0.004475188260636458,
                0.004630537144027382,
                0.004878558836751943,
                0.005167295277033372,
                0.005616546761988635,
                0.005848030245933315,
                0.006409606230716052,
                0.006924377713094271,
                0.007233992438689879,
                0.00781971089128217,
                0.008113390546896283,
                0.00828572120060801,
                0.008665052109905234,
                0.009011015479182963,
                0.009142286536505114,
                0.009528530466358064,
                0.010049987950481851,
                0.010066152029881113,
                0.01040042059746869
            ],
            "ler_x": [
                0.029155577062666343,
                0.03370346178967995,
                0.03969230769230769,
                0.04073482428115016,
                0.046716316858496955,
                0.048555956678700364,
                0.05713152152350724,
                0.058591315188032414,
                0.07466481738326398,
                0.07475924987328941,
                0.08204168893639764,
                0.09125699146305563,
                0.09256402344955261,
                0.1062143310082435,
                0.10830810628994282,
                0.12061014544164597,
                0.12667390517553384,
                0.1289827255278311,
                0.14927234927234928,
                0.14714464360150062,
                0.1541501976284585
            ],
            "ler_z": [
                0.09496733607548996,
                0.0999346832135859,
                0.11830769230769231,
                0.12348242811501597,
                0.1305010155721056,
                0.14061371841155235,
                0.15076373735369966,
                0.1568668190317889,
                0.1701340730466944,
                0.19336036492650785,
                0.20149652592196687,
                0.22402119517221078,
                0.2400493674791731,
                0.2339885859226379,
                0.2532795156407669,
                0.2642781128059596,
                0.26529134998190373,
                0.29059500959692897,
                0.3155925155925156,
                0.3180491871613172,
                0.33684672815107597
            ],
            "per": [
                0.3,
                0.305,
                0.31,
                0.315,
                0.32,
                0.325,
                0.33,
                0.335,
                0.34,
                0.34500000000000003,
                0.35,
                0.355,
                0.36,
                0.365,
                0.37,
                0.375,
                0.38,
                0.385,
                0.39,
                0.395,
                0.4
            ]
        }
    },
    "distance_array": [
        5,
        9,
        13,
        17,
        21
    ],
    "ler_distances": [
        [
            0.225886604924328,
            0.22603978300180833,
            0.22851919561243145,
            0.25967281225655675,
            0.2547121752419766,
            0.2725538293813028,
            0.2780094523213789,
            0.281214848143982,
            0.275178866263071,
            0.2936857562408223,
            0.29691211401425177,
            0.2994908655286014,
            0.32113037893384716,
            0.3331112591605596,
            0.31545741324921134,
            0.3523608174770965,
            0.35001750087504374,
            0.3421142661648991,
            0.3616636528028933,
            0.37835792659856227,
            0.38022813688212925
        ],
        [
            0.1867762420620097,
            0.1926782273603083,
            0.2032520325203252,
            0.20907380305247752,
            0.22941041523285158,
            0.2449779519843214,
            0.25303643724696356,
            0.24044241404183697,
            0.27233115468409586,
            0.277623542476402,
            0.2946375957572186,
            0.3013863773357444,
            0.3148614609571788,
            0.3209242618741977,
            0.33467202141900937,
            0.3518648838845883,
            0.3480682213713888,
            0.36088054853843377,
            0.35919540229885055,
            0.3787878787878788,
            0.406669377795852
        ],
        [
            0.16550810989738496,
            0.1621796951021732,
            0.18231540565177756,
            0.19413706076490003,
            0.2037905033625433,
            0.21677866897897247,
            0.22893772893772893,
            0.24061597690086622,
            0.2626740215392698,
            0.2683843263553409,
            0.2768549280177187,
            0.29931158335827596,
            0.30845157310302285,
            0.3022974607013301,
            0.33613445378151263,
            0.350385423966363,
            0.3552397868561279,
            0.35790980672870437,
            0.3995205753096284,
            0.388651379712398,
            0.41118421052631576
        ],
        [
            0.13886960144424385,
            0.16281341582546402,
            0.15885623510722796,
            0.177210703526493,
            0.19542700801250734,
            0.20100502512562815,
            0.2103934357248054,
            0.2304147465437788,
            0.24148756339048538,
            0.26109660574412535,
            0.28401022436807727,
            0.29027576197387517,
            0.3029385034837928,
            0.3075030750307503,
            0.33200531208499334,
            0.3502626970227671,
            0.3604902667627974,
            0.3739715781600598,
            0.39093041438623927,
            0.4004805766920304,
            0.44228217602830605
        ],
        [
            0.12097749818533753,
            0.13063357282821686,
            0.15384615384615385,
            0.1597444089456869,
            0.16926201760324983,
            0.18050541516245489,
            0.19837333862328904,
            0.2077706212341575,
            0.2311604253351826,
            0.25342118601115055,
            0.2672367717797969,
            0.2943773918163085,
            0.308546744831842,
            0.31705770450221943,
            0.3363605785401951,
            0.35473572188719404,
            0.3619254433586681,
            0.3838771593090211,
            0.4158004158004158,
            0.4168403501458941,
            0.43917435221783047
        ]
    ],
    "n_logical_errors": 1000,
    "n_runs": 1000000,
    "per_list": [
        0.3,
        0.305,
        0.31,
        0.315,
        0.32,
        0.325,
        0.33,
        0.335,
        0.34,
        0.34500000000000003,
        0.35,
        0.355,
        0.36,
        0.365,
        0.37,
        0.375,
        0.38,
        0.385,
        0.39,
        0.395,
        0.4
    ]
}
