{
    "bias": 1000,
    "data": {
        "13": {
            "ler": [
                0.28535555301906174,
                0.3139717425431711,
                0.3427239701144698,
                0.3658179689786362,
                0.38773215462758326,
                0.4107788366743345,
                0.43954111907168913,
                0.46017210436703326,
                0.48405053487584104,
                0.4960563520015874,
                0.5185377236193933,
                0.5451670937142234,
                0.55561729081009,
                0.5718206770356816,
                0.5827505827505828,
                0.6007449237053947
            ],
            "ler_eb": [
                0.00241230012901794,
                0.0026005281882741935,
                0.002778551029403338,
                0.002913211397987247,
                0.003033908960168514,
                0.003153168862442123,
                0.0032905719189820284,
                0.003381021634133878,
                0.0034769167132928896,
                0.003521453863870159,
                0.003598002735818769,
                0.0036766777990876512,
                0.0037038580043215166,
                0.0037417321967859133,
                0.003764268434193326,
                0.0037959049843511532
            ],
            "ler_x": [
                0.05033671955256249,
                0.05507064364207221,
                0.06384947563232572,
                0.07316359379572725,
                0.08208289713465938,
                0.09057673348669076,
                0.09775394488154367,
                0.10970502968110073,
                0.12202913984219953,
                0.1281809613572102,
                0.14301270417422868,
                0.15777135692089625,
                0.16151794643849315,
                0.17314730100640438,
                0.1865967365967366,
                0.20179021987264206
            ],
            "ler_z": [
                0.23501883346649927,
                0.2589010989010989,
                0.2788744944821441,
                0.292654375182909,
                0.3056492574929239,
                0.32020210318764375,
                0.3417871741901455,
                0.3504670746859325,
                0.3620213950336415,
                0.3678753906443772,
                0.37552501944516464,
                0.3873957367933272,
                0.3940993443715968,
                0.3986733760292772,
                0.39615384615384613,
                0.3989547038327526
            ],
            "per": [
                0.35,
                0.36,
                0.37,
                0.38,
                0.39,
                0.39999999999999997,
                0.41,
                0.42,
                0.43,
                0.44,
                0.45,
                0.45999999999999996,
                0.47,
                0.48,
                0.49,
                0.5
            ]
        }
    },
    "distance_array": [
        5,
        7,
        9,
        11,
        13,
        15,
        17,
        19,
        21,
        23,
        25,
        27,
        29
    ],
    "ler_distances": [
        [
            0.29854310962502983,
            0.31562667676672035,
            0.3321928047038501,
            0.3444119166523162,
            0.35555555555555557,
            0.37365018869334526,
            0.38516350190655935,
            0.4046125834513453,
            0.41531688678461665,
            0.42912929665708277,
            0.4435573297848747,
            0.45099896270238576,
            0.46153136105598375,
            0.4777602599015814,
            0.4875195007800312,
            0.4968203497615262
        ],
        [
            0.2959893443836022,
            0.306063110213326,
            0.3254572674607824,
            0.34493463488668896,
            0.3627657258942175,
            0.380430647492962,
            0.3992334717342702,
            0.4144390567367069,
            0.4427521473479146,
            0.4534941725998821,
            0.47232193463064426,
            0.4945843018942579,
            0.5091131249363609,
            0.5260389268805892,
            0.5459111256687411,
            0.5587216448765225
        ],
        [
            0.2872077660979953,
            0.30662619200932145,
            0.3336892685531233,
            0.35081564637782847,
            0.37160906726124115,
            0.3930972129407603,
            0.4157139887757223,
            0.4271861249946602,
            0.4593477262287552,
            0.4737091425864519,
            0.4924167815639157,
            0.5078978109604347,
            0.5318866017765013,
            0.5493298176225005,
            0.5621767483696875,
            0.5820721769499418
        ],
        [
            0.33826066366742213,
            0.3601656762110571,
            0.37703125589111336,
            0.39175742380318107,
            0.41064388961892245,
            0.4317043688482127,
            0.4388081969371188,
            0.4553112052087602,
            0.4673552367154274,
            0.48616850600418104,
            0.4886391399951136,
            0.49368088467614535,
            0.509580105992662,
            0.518887505188875,
            0.5211590577444236,
            0.5242738806752647
        ],
        [
            0.28535555301906174,
            0.3139717425431711,
            0.3427239701144698,
            0.3658179689786362,
            0.38773215462758326,
            0.4107788366743345,
            0.43954111907168913,
            0.46017210436703326,
            0.48405053487584104,
            0.4960563520015874,
            0.5185377236193933,
            0.5451670937142234,
            0.55561729081009,
            0.5718206770356816,
            0.5827505827505828,
            0.6007449237053947
        ]
    ],
    "n_logical_errors": 10000,
    "n_runs": 1000000,
    "per_list": [
        0.35,
        0.36,
        0.37,
        0.38,
        0.39,
        0.39999999999999997,
        0.41,
        0.42,
        0.43,
        0.44,
        0.45,
        0.45999999999999996,
        0.47,
        0.48,
        0.49,
        0.5
    ]
}
