{
    "bias": 1000,
    "data": {
        "17": {
            "ler": [
                0.5127468876263921,
                0.5219097722385754,
                0.5261717845642245,
                0.534719325825874,
                0.5439335095677904,
                0.55372825232289,
                0.5652847339204757,
                0.5875233540533236,
                0.6305408779651185,
                0.6468388983039884,
                0.7454119892064344
            ],
            "ler_eb": [
                0.001600646176893184,
                0.0016138581503589815,
                0.0016197687384406293,
                0.0016311668454917702,
                0.0016427629308797495,
                0.0016542889822364888,
                0.0016668046400448065,
                0.0016874845855850867,
                0.0017140024639198353,
                0.001719085820118673,
                0.0016820168625605292
            ],
            "ler_x": [
                0.02790368562462826,
                0.038245548109642806,
                0.05417464693873256,
                0.06743880137315923,
                0.09108710551222218,
                0.11155409371296943,
                0.1278561011181332,
                0.1787363547701021,
                0.2552807798529579,
                0.2922159406978098,
                0.4884386600474082
            ],
            "ler_z": [
                0.48484320200176384,
                0.48366422412893256,
                0.47199713762549195,
                0.4672805244527148,
                0.45284640405556825,
                0.4421741586099206,
                0.43742863280234257,
                0.4087869992832215,
                0.3752600981121606,
                0.3546229576061786,
                0.2569733291590262
            ],
            "per": [
                0.45,
                0.455,
                0.46,
                0.465,
                0.47000000000000003,
                0.475,
                0.48,
                0.485,
                0.49,
                0.495,
                0.5
            ]
        }
    },
    "distance_array": [
        11,
        17,
        23
    ],
    "ler_distances": [
        [
            0.5012330332618241,
            0.509683995922528,
            0.5165182537550878,
            0.5266151285994144,
            0.5361987796115776,
            0.5493962135612961,
            0.5504849772649705,
            0.5745739534135439,
            0.6064281382656155,
            0.6163100285967853,
            0.7381926092155965
        ],
        [
            0.5127468876263921,
            0.5219097722385754,
            0.5261717845642245,
            0.534719325825874,
            0.5439335095677904,
            0.55372825232289,
            0.5652847339204757,
            0.5875233540533236,
            0.6305408779651185,
            0.6468388983039884,
            0.7454119892064344
        ]
    ],
    "n_logical_errors": 50000,
    "n_runs": 1000000,
    "per_list": [
        0.45,
        0.455,
        0.46,
        0.465,
        0.47000000000000003,
        0.475,
        0.48,
        0.485,
        0.49,
        0.495,
        0.5
    ]
}
