{
    "bias": 1000,
    "code": "ColourCode",
    "data": {
        "11": {
            "ler": [
                0.17234247897421756,
                0.1778030653248462,
                0.18904306400998147,
                0.20378219758721877,
                0.21490587122840196,
                0.22630578437584864,
                0.24009603841536614,
                0.2445226917057903,
                0.25499796001631986,
                0.2751940117783037,
                0.28765389483373605,
                0.29687685548034676,
                0.3028100775193798,
                0.32063614210593816,
                0.3288391976323578,
                0.34416299559471364,
                0.35478606400340595,
                0.3586800573888092,
                0.37916129521498443,
                0.3919416790781532,
                0.40990326282997214
            ],
            "ler_eb": [
                0.0022173419132959812,
                0.00228003843700179,
                0.0024075462666455186,
                0.002571563074375193,
                0.0026929242871580445,
                0.0028151097274978173,
                0.0029599157279510614,
                0.0030056947851972264,
                0.0031126510424111953,
                0.0033133313035572354,
                0.0034334504451847907,
                0.003520521784478378,
                0.003575698338648955,
                0.003737478401877272,
                0.0038098850273892374,
                0.003941641571086403,
                0.004030263299814601,
                0.004062184090534595,
                0.004225016293143096,
                0.004322241855270027,
                0.004453054186150648
            ],
            "ler_x": [
                0.14659451261546946,
                0.15187937840048363,
                0.1622367575333661,
                0.1716661232474731,
                0.1821971976274392,
                0.1907757762288404,
                0.20369747899159663,
                0.20676838810641626,
                0.2133312933496532,
                0.22962188342781661,
                0.24462087216660913,
                0.24902030637691486,
                0.251453488372093,
                0.26638450686161347,
                0.27504110489970407,
                0.2823513215859031,
                0.291776059036401,
                0.29447632711621236,
                0.31333889436566315,
                0.3280551853884142,
                0.3368585013936711
            ],
            "ler_z": [
                0.029884185854129327,
                0.031079975818783117,
                0.03247759839691482,
                0.038759373981089015,
                0.04061720966216797,
                0.04372227754141396,
                0.04638655462184874,
                0.048464397496087636,
                0.052580579355365156,
                0.059111673729979636,
                0.058623863767115404,
                0.063353520959506,
                0.06770833333333333,
                0.07239964088752084,
                0.07339690891154226,
                0.08686674008810573,
                0.08862555878805081,
                0.09053084648493544,
                0.09744445287025101,
                0.09720153641138199,
                0.10764059681915068
            ],
            "per": [
                0.3,
                0.305,
                0.31,
                0.315,
                0.32,
                0.325,
                0.33,
                0.335,
                0.34,
                0.34500000000000003,
                0.35,
                0.355,
                0.36,
                0.365,
                0.37,
                0.375,
                0.38,
                0.385,
                0.39,
                0.395,
                0.4
            ],
            "ratio": null
        }
    },
    "distance_array": [
        3,
        5,
        7,
        9,
        11,
        13,
        17,
        21
    ],
    "ler_distances": [
        [
            0.2671368274830368,
            0.27233115468409586,
            0.28130977832789467,
            0.28742239595309266,
            0.29521166676507055,
            0.3025901718712176,
            0.29990403071017274,
            0.3118567953595709,
            0.31881655295542943,
            0.32216494845360827,
            0.3309066843150232,
            0.3363605785401951,
            0.34659642312491334,
            0.34862641193696836,
            0.3493083694285315,
            0.3614283648980772,
            0.36635404454865184,
            0.37149862545508583,
            0.3715538381511481,
            0.38414259373079285,
            0.3898939488459139
        ],
        [
            0.23014959723820483,
            0.23394001777944134,
            0.242107301956227,
            0.2471821237888076,
            0.25722810988784856,
            0.2683843263553409,
            0.2700658960786432,
            0.28551850159890363,
            0.28373623879241855,
            0.28714179061620626,
            0.303951367781155,
            0.3094633904809061,
            0.3156167150612296,
            0.32043065880543453,
            0.3328451604313673,
            0.3390290208841877,
            0.339397230518599,
            0.3528830545557202,
            0.35793542844870785,
            0.373943609303717,
            0.3731621762818121
        ],
        [
            0.1992349378386994,
            0.20670552730580016,
            0.22083830219513273,
            0.2189046013747209,
            0.2337650194024966,
            0.24278916189181315,
            0.25155966995371304,
            0.2559639602743934,
            0.26881720430107525,
            0.2789089083505327,
            0.2885003750504876,
            0.29671829565010976,
            0.3057542958478567,
            0.31197354464341426,
            0.33266799733865604,
            0.335750738651625,
            0.350385423966363,
            0.3551388592939839,
            0.36221385105766446,
            0.36881315925352215,
            0.37678975131876413
        ],
        [
            0.19031668696711326,
            0.20017615501641445,
            0.2089776811836496,
            0.21681626989289277,
            0.22780081097088706,
            0.2352166345203933,
            0.24709661477637757,
            0.2598347451021151,
            0.2644802962179318,
            0.2753455586761386,
            0.2887002713782551,
            0.3030670384289005,
            0.31007751937984496,
            0.31543751182890667,
            0.32197823427136324,
            0.34298257648511454,
            0.34333585112957493,
            0.36321371494987653,
            0.3690854063630324,
            0.3807203228508338,
            0.39175742380318107
        ],
        [
            0.17234247897421756,
            0.1778030653248462,
            0.18904306400998147,
            0.20378219758721877,
            0.21490587122840196,
            0.22630578437584864,
            0.24009603841536614,
            0.2445226917057903,
            0.25499796001631986,
            0.2751940117783037,
            0.28765389483373605,
            0.29687685548034676,
            0.3028100775193798,
            0.32063614210593816,
            0.3288391976323578,
            0.34416299559471364,
            0.35478606400340595,
            0.3586800573888092,
            0.37916129521498443,
            0.3919416790781532,
            0.40990326282997214
        ]
    ],
    "n_logical_errors": 5000,
    "n_runs": 1000000,
    "per_list": [
        0.3,
        0.305,
        0.31,
        0.315,
        0.32,
        0.325,
        0.33,
        0.335,
        0.34,
        0.34500000000000003,
        0.35,
        0.355,
        0.36,
        0.365,
        0.37,
        0.375,
        0.38,
        0.385,
        0.39,
        0.395,
        0.4
    ]
}
