{
    "bias": 1000,
    "data": {
        "17": {
            "ler": [
                0.13886960144424385,
                0.16281341582546402,
                0.15885623510722796,
                0.177210703526493,
                0.19542700801250734,
                0.20100502512562815,
                0.2103934357248054,
                0.2304147465437788,
                0.24148756339048538,
                0.26109660574412535,
                0.28401022436807727,
                0.29027576197387517,
                0.3029385034837928,
                0.3075030750307503,
                0.33200531208499334,
                0.3502626970227671,
                0.3604902667627974,
                0.3739715781600598,
                0.39093041438623927,
                0.4004805766920304,
                0.44228217602830605
            ],
            "ler_eb": [
                0.004075131704425029,
                0.004710872150692903,
                0.004607224559035136,
                0.005083165693580372,
                0.005543286279578835,
                0.005681708374267892,
                0.005912042681683182,
                0.006392027564619358,
                0.006650834216725412,
                0.007097330947830635,
                0.007599541399758505,
                0.007733135008757786,
                0.007998158804157753,
                0.008092046834980325,
                0.008580874236741812,
                0.008928176929891965,
                0.009116268809391117,
                0.009356978303119358,
                0.00964790273413527,
                0.009805801254342618,
                0.010444958042834516
            ],
            "ler_x": [
                0.030134703513400918,
                0.03630739172907848,
                0.03764892772041303,
                0.045188729399255716,
                0.04768418995505179,
                0.045025125628140705,
                0.050284031138228484,
                0.0576036866359447,
                0.057957015213716497,
                0.07049608355091384,
                0.07696677080374893,
                0.07779390420899855,
                0.08664041199636474,
                0.08610086100861009,
                0.09661354581673307,
                0.1096322241681261,
                0.1110310021629416,
                0.12490650710545999,
                0.12627052384675527,
                0.1277533039647577,
                0.1393188854489164
            ],
            "ler_z": [
                0.11095681155395085,
                0.13204168023445131,
                0.126131850675139,
                0.13786992734361156,
                0.15419190932186827,
                0.16080402010050251,
                0.1683147485798443,
                0.1836405529953917,
                0.19777831441680754,
                0.20574412532637076,
                0.22124396478273217,
                0.23018867924528302,
                0.24053317176613148,
                0.24261992619926198,
                0.25730411686586985,
                0.2651488616462347,
                0.2790194664744052,
                0.28047868362004486,
                0.3029710711493354,
                0.31637965558670406,
                0.34807607253427686
            ],
            "per": [
                0.3,
                0.305,
                0.31,
                0.315,
                0.32,
                0.325,
                0.33,
                0.335,
                0.34,
                0.34500000000000003,
                0.35,
                0.355,
                0.36,
                0.365,
                0.37,
                0.375,
                0.38,
                0.385,
                0.39,
                0.395,
                0.4
            ]
        }
    },
    "distance_array": [
        5,
        9,
        13,
        17,
        21
    ],
    "ler_distances": [
        [
            0.225886604924328,
            0.22603978300180833,
            0.22851919561243145,
            0.25967281225655675,
            0.2547121752419766,
            0.2725538293813028,
            0.2780094523213789,
            0.281214848143982,
            0.275178866263071,
            0.2936857562408223,
            0.29691211401425177,
            0.2994908655286014,
            0.32113037893384716,
            0.3331112591605596,
            0.31545741324921134,
            0.3523608174770965,
            0.35001750087504374,
            0.3421142661648991,
            0.3616636528028933,
            0.37835792659856227,
            0.38022813688212925
        ],
        [
            0.1867762420620097,
            0.1926782273603083,
            0.2032520325203252,
            0.20907380305247752,
            0.22941041523285158,
            0.2449779519843214,
            0.25303643724696356,
            0.24044241404183697,
            0.27233115468409586,
            0.277623542476402,
            0.2946375957572186,
            0.3013863773357444,
            0.3148614609571788,
            0.3209242618741977,
            0.33467202141900937,
            0.3518648838845883,
            0.3480682213713888,
            0.36088054853843377,
            0.35919540229885055,
            0.3787878787878788,
            0.406669377795852
        ],
        [
            0.16550810989738496,
            0.1621796951021732,
            0.18231540565177756,
            0.19413706076490003,
            0.2037905033625433,
            0.21677866897897247,
            0.22893772893772893,
            0.24061597690086622,
            0.2626740215392698,
            0.2683843263553409,
            0.2768549280177187,
            0.29931158335827596,
            0.30845157310302285,
            0.3022974607013301,
            0.33613445378151263,
            0.350385423966363,
            0.3552397868561279,
            0.35790980672870437,
            0.3995205753096284,
            0.388651379712398,
            0.41118421052631576
        ],
        [
            0.13886960144424385,
            0.16281341582546402,
            0.15885623510722796,
            0.177210703526493,
            0.19542700801250734,
            0.20100502512562815,
            0.2103934357248054,
            0.2304147465437788,
            0.24148756339048538,
            0.26109660574412535,
            0.28401022436807727,
            0.29027576197387517,
            0.3029385034837928,
            0.3075030750307503,
            0.33200531208499334,
            0.3502626970227671,
            0.3604902667627974,
            0.3739715781600598,
            0.39093041438623927,
            0.4004805766920304,
            0.44228217602830605
        ]
    ],
    "n_logical_errors": 1000,
    "n_runs": 1000000,
    "per_list": [
        0.3,
        0.305,
        0.31,
        0.315,
        0.32,
        0.325,
        0.33,
        0.335,
        0.34,
        0.34500000000000003,
        0.35,
        0.355,
        0.36,
        0.365,
        0.37,
        0.375,
        0.38,
        0.385,
        0.39,
        0.395,
        0.4
    ]
}
