{
    "bias": 1000,
    "data": {
        "23": {
            "ler": [
                0.5198694088045083,
                0.5250225759707667,
                0.5304645808799346,
                0.5398227222180236,
                0.549432436293309,
                0.5633104629285385,
                0.5811385666798391,
                0.6127225714740879,
                0.6489461115148998,
                0.665814424203686,
                0.7492432643030539
            ],
            "ler_eb": [
                0.0016109755503198975,
                0.0016181898032703271,
                0.001625569598522649,
                0.0016376788642448457,
                0.001649336441031518,
                0.0016647507107361177,
                0.0016820150718238791,
                0.0017052575066122911,
                0.001719533045032145,
                0.0017213217157169129,
                0.0016778925625043903
            ],
            "ler_x": [
                0.032377466780344775,
                0.04497343385765588,
                0.0600804184304614,
                0.07968863025382464,
                0.10360098018746634,
                0.13014724935500951,
                0.1626258164996862,
                0.2227859269879784,
                0.29120807808119614,
                0.3305102801747097,
                0.49581922258518896
            ],
            "ler_z": [
                0.4874919420241635,
                0.48004914211311084,
                0.47038416244947323,
                0.46013409196419897,
                0.4458314561058427,
                0.43316321357352894,
                0.41851275018015294,
                0.3899366444861096,
                0.35773803343370364,
                0.33530414402897624,
                0.253424041717865
            ],
            "per": [
                0.45,
                0.455,
                0.46,
                0.465,
                0.47000000000000003,
                0.475,
                0.48,
                0.485,
                0.49,
                0.495,
                0.5
            ]
        }
    },
    "distance_array": [
        11,
        17,
        23
    ],
    "ler_distances": [
        [
            0.5012330332618241,
            0.509683995922528,
            0.5165182537550878,
            0.5266151285994144,
            0.5361987796115776,
            0.5493962135612961,
            0.5504849772649705,
            0.5745739534135439,
            0.6064281382656155,
            0.6163100285967853,
            0.7381926092155965
        ],
        [
            0.5127468876263921,
            0.5219097722385754,
            0.5261717845642245,
            0.534719325825874,
            0.5439335095677904,
            0.55372825232289,
            0.5652847339204757,
            0.5875233540533236,
            0.6305408779651185,
            0.6468388983039884,
            0.7454119892064344
        ],
        [
            0.5198694088045083,
            0.5250225759707667,
            0.5304645808799346,
            0.5398227222180236,
            0.549432436293309,
            0.5633104629285385,
            0.5811385666798391,
            0.6127225714740879,
            0.6489461115148998,
            0.665814424203686,
            0.7492432643030539
        ]
    ],
    "n_logical_errors": 50000,
    "n_runs": 1000000,
    "per_list": [
        0.45,
        0.455,
        0.46,
        0.465,
        0.47000000000000003,
        0.475,
        0.48,
        0.485,
        0.49,
        0.495,
        0.5
    ]
}
