{
    "bias": 1000,
    "code": "ColourCode",
    "data": {
        "3": {
            "ler": [
                0.2671368274830368,
                0.27233115468409586,
                0.28130977832789467,
                0.28742239595309266,
                0.29521166676507055,
                0.3025901718712176,
                0.29990403071017274,
                0.3118567953595709,
                0.31881655295542943,
                0.32216494845360827,
                0.3309066843150232,
                0.3363605785401951,
                0.34659642312491334,
                0.34862641193696836,
                0.3493083694285315,
                0.3614283648980772,
                0.36635404454865184,
                0.37149862545508583,
                0.3715538381511481,
                0.38414259373079285,
                0.3898939488459139
            ],
            "ler_eb": [
                0.0032341503896911048,
                0.003285331637611592,
                0.003372645496847635,
                0.003431244672275079,
                0.0035049180485010427,
                0.0035736650721380154,
                0.0035487555862936332,
                0.0036585552874692827,
                0.003721241902991965,
                0.0037510711051195974,
                0.0038279290839198644,
                0.003875129109265216,
                0.00396214010101695,
                0.003979150417449506,
                0.003984846527739502,
                0.0040845295523953065,
                0.004124196239426484,
                0.004165098965211306,
                0.0041655350092427755,
                0.004263316220695678,
                0.004306893760720155
            ],
            "ler_x": [
                0.2665491264625741,
                0.27194989106753814,
                0.28063463485990775,
                0.2869050356403771,
                0.2945031587648344,
                0.3019244734931009,
                0.2992442418426104,
                0.3111083390507079,
                0.3181151565389275,
                0.3213917525773196,
                0.3300463269358041,
                0.3356205852674067,
                0.34618050741716344,
                0.3479988843954818,
                0.34853989101578875,
                0.36034407980338296,
                0.3656213364595545,
                0.37105282710453974,
                0.37118228431299694,
                0.38360479409956977,
                0.3889582033686837
            ],
            "ler_z": [
                0.0010151199444355398,
                0.0007625272331154684,
                0.0007876673793181051,
                0.000977236146240515,
                0.0011808466670602822,
                0.0012103606874848704,
                0.0010196737044145872,
                0.0013721698995821118,
                0.00108397628004846,
                0.001095360824742268,
                0.0015221707478491066,
                0.0013454423141607804,
                0.0006931928462498268,
                0.0013247803653604797,
                0.0011177867821713008,
                0.001807141824490386,
                0.0012456037514654162,
                0.0008915967010922059,
                0.0008917292115627554,
                0.0009987707437000616,
                0.0015595757953836558
            ],
            "per": [
                0.3,
                0.305,
                0.31,
                0.315,
                0.32,
                0.325,
                0.33,
                0.335,
                0.34,
                0.34500000000000003,
                0.35,
                0.355,
                0.36,
                0.365,
                0.37,
                0.375,
                0.38,
                0.385,
                0.39,
                0.395,
                0.4
            ],
            "ratio": null
        }
    },
    "distance_array": [
        3,
        5,
        7,
        9,
        11,
        13,
        17,
        21
    ],
    "ler_distances": [
        [
            0.2671368274830368,
            0.27233115468409586,
            0.28130977832789467,
            0.28742239595309266,
            0.29521166676507055,
            0.3025901718712176,
            0.29990403071017274,
            0.3118567953595709,
            0.31881655295542943,
            0.32216494845360827,
            0.3309066843150232,
            0.3363605785401951,
            0.34659642312491334,
            0.34862641193696836,
            0.3493083694285315,
            0.3614283648980772,
            0.36635404454865184,
            0.37149862545508583,
            0.3715538381511481,
            0.38414259373079285,
            0.3898939488459139
        ]
    ],
    "n_logical_errors": 5000,
    "n_runs": 1000000,
    "per_list": [
        0.3,
        0.305,
        0.31,
        0.315,
        0.32,
        0.325,
        0.33,
        0.335,
        0.34,
        0.34500000000000003,
        0.35,
        0.355,
        0.36,
        0.365,
        0.37,
        0.375,
        0.38,
        0.385,
        0.39,
        0.395,
        0.4
    ]
}
