{
    "bias": 1000,
    "data": {
        "13": {
            "ler": [
                0.16550810989738496,
                0.1621796951021732,
                0.18231540565177756,
                0.19413706076490003,
                0.2037905033625433,
                0.21677866897897247,
                0.22893772893772893,
                0.24061597690086622,
                0.2626740215392698,
                0.2683843263553409,
                0.2768549280177187,
                0.29931158335827596,
                0.30845157310302285,
                0.3022974607013301,
                0.33613445378151263,
                0.350385423966363,
                0.3552397868561279,
                0.35790980672870437,
                0.3995205753096284,
                0.388651379712398,
                0.41118421052631576
            ],
            "ler_eb": [
                0.00478112765336785,
                0.004694311669430023,
                0.005213342718418869,
                0.005511109522570403,
                0.005750394216588613,
                0.006066787717867988,
                0.0063571447000808825,
                0.006630636026049038,
                0.007132583935574727,
                0.007259365278850458,
                0.007445004658561904,
                0.007922933183249182,
                0.00811144613152494,
                0.007984903113830533,
                0.008660701987239276,
                0.008930461689295724,
                0.009020294479731811,
                0.009069255074578944,
                0.00979012452625957,
                0.009609586092736083,
                0.009977601468335144
            ],
            "ler_x": [
                0.029791459781529295,
                0.029516704508595525,
                0.03263445761166819,
                0.039021549213744906,
                0.03770124312207051,
                0.04162150444396272,
                0.04532967032967033,
                0.04956689124157844,
                0.060415024954032046,
                0.06360708534621579,
                0.06699889258028793,
                0.0697395989224783,
                0.07772979642196175,
                0.07406287787182587,
                0.08168067226890756,
                0.08934828311142257,
                0.09484902309058614,
                0.09985683607730853,
                0.1138633639632441,
                0.10959968907889624,
                0.10279605263157894
            ],
            "ler_z": [
                0.13952333664349553,
                0.13574440480051897,
                0.15478577939835916,
                0.16132789749563192,
                0.1736295088648869,
                0.1818773032733579,
                0.19230769230769232,
                0.20139557266602504,
                0.21224060940372996,
                0.2227589908749329,
                0.22508305647840532,
                0.25112241843759353,
                0.2510795805058606,
                0.2503022974607013,
                0.2739495798319328,
                0.2859145059565522,
                0.2841918294849023,
                0.29062276306370793,
                0.3284059129045146,
                0.31675087446560435,
                0.34210526315789475
            ],
            "per": [
                0.3,
                0.305,
                0.31,
                0.315,
                0.32,
                0.325,
                0.33,
                0.335,
                0.34,
                0.34500000000000003,
                0.35,
                0.355,
                0.36,
                0.365,
                0.37,
                0.375,
                0.38,
                0.385,
                0.39,
                0.395,
                0.4
            ]
        }
    },
    "distance_array": [
        5,
        9,
        13,
        17,
        21
    ],
    "ler_distances": [
        [
            0.225886604924328,
            0.22603978300180833,
            0.22851919561243145,
            0.25967281225655675,
            0.2547121752419766,
            0.2725538293813028,
            0.2780094523213789,
            0.281214848143982,
            0.275178866263071,
            0.2936857562408223,
            0.29691211401425177,
            0.2994908655286014,
            0.32113037893384716,
            0.3331112591605596,
            0.31545741324921134,
            0.3523608174770965,
            0.35001750087504374,
            0.3421142661648991,
            0.3616636528028933,
            0.37835792659856227,
            0.38022813688212925
        ],
        [
            0.1867762420620097,
            0.1926782273603083,
            0.2032520325203252,
            0.20907380305247752,
            0.22941041523285158,
            0.2449779519843214,
            0.25303643724696356,
            0.24044241404183697,
            0.27233115468409586,
            0.277623542476402,
            0.2946375957572186,
            0.3013863773357444,
            0.3148614609571788,
            0.3209242618741977,
            0.33467202141900937,
            0.3518648838845883,
            0.3480682213713888,
            0.36088054853843377,
            0.35919540229885055,
            0.3787878787878788,
            0.406669377795852
        ],
        [
            0.16550810989738496,
            0.1621796951021732,
            0.18231540565177756,
            0.19413706076490003,
            0.2037905033625433,
            0.21677866897897247,
            0.22893772893772893,
            0.24061597690086622,
            0.2626740215392698,
            0.2683843263553409,
            0.2768549280177187,
            0.29931158335827596,
            0.30845157310302285,
            0.3022974607013301,
            0.33613445378151263,
            0.350385423966363,
            0.3552397868561279,
            0.35790980672870437,
            0.3995205753096284,
            0.388651379712398,
            0.41118421052631576
        ]
    ],
    "n_logical_errors": 1000,
    "n_runs": 1000000,
    "per_list": [
        0.3,
        0.305,
        0.31,
        0.315,
        0.32,
        0.325,
        0.33,
        0.335,
        0.34,
        0.34500000000000003,
        0.35,
        0.355,
        0.36,
        0.365,
        0.37,
        0.375,
        0.38,
        0.385,
        0.39,
        0.395,
        0.4
    ]
}
