{
    "bias": 1000,
    "data": {
        "15": {
            "ler": [
                0.3547608911593586,
                0.3801269624054434,
                0.39853339709867686,
                0.4187429337129936,
                0.4393287057376329,
                0.4562043795620438,
                0.473507268336569,
                0.48267207259387973,
                0.49507401356502795,
                0.509761941173472,
                0.5141652527122217,
                0.5228484785109275,
                0.5261773217574323,
                0.5398693516169087,
                0.5448403617740002,
                0.5490282200505106
            ],
            "ler_eb": [
                0.002849679895979428,
                0.0029928162164645027,
                0.003090796985266325,
                0.0031925052063914517,
                0.003289604913294199,
                0.003364165114474576,
                0.003435760163126617,
                0.0034716435941359943,
                0.0035179040670664332,
                0.0035692002924550188,
                0.0035838267768656456,
                0.0036116362638910233,
                0.0036219299590896006,
                0.003662092030127584,
                0.0036757938297378788,
                0.0036869678523938085
            ],
            "ler_x": [
                0.013587342131403434,
                0.014330786482685216,
                0.017256496094372707,
                0.021690883966333067,
                0.024778139003602494,
                0.02769160583941606,
                0.032151143520053035,
                0.0381310937349165,
                0.04178424674488836,
                0.046439312840903295,
                0.05460434983803795,
                0.06200982955139601,
                0.06813996316758748,
                0.07649948712411596,
                0.08216192655551924,
                0.09069946195234435
            ],
            "ler_z": [
                0.34117354902795516,
                0.3657961759227582,
                0.38127690100430417,
                0.39705204974666053,
                0.4145505667340304,
                0.42851277372262775,
                0.4413561248165159,
                0.4445409788589632,
                0.4532897668201396,
                0.4633226283325687,
                0.4595609028741838,
                0.4608386489595315,
                0.4580373585898448,
                0.46336986449279277,
                0.462678435218481,
                0.45832875809816626
            ],
            "per": [
                0.35,
                0.36,
                0.37,
                0.38,
                0.39,
                0.39999999999999997,
                0.41,
                0.42,
                0.43,
                0.44,
                0.45,
                0.45999999999999996,
                0.47,
                0.48,
                0.49,
                0.5
            ]
        }
    },
    "distance_array": [
        5,
        7,
        9,
        11,
        13,
        15,
        17,
        19,
        21,
        23,
        25,
        27,
        29
    ],
    "ler_distances": [
        [
            0.29854310962502983,
            0.31562667676672035,
            0.3321928047038501,
            0.3444119166523162,
            0.35555555555555557,
            0.37365018869334526,
            0.38516350190655935,
            0.4046125834513453,
            0.41531688678461665,
            0.42912929665708277,
            0.4435573297848747,
            0.45099896270238576,
            0.46153136105598375,
            0.4777602599015814,
            0.4875195007800312,
            0.4968203497615262
        ],
        [
            0.2959893443836022,
            0.306063110213326,
            0.3254572674607824,
            0.34493463488668896,
            0.3627657258942175,
            0.380430647492962,
            0.3992334717342702,
            0.4144390567367069,
            0.4427521473479146,
            0.4534941725998821,
            0.47232193463064426,
            0.4945843018942579,
            0.5091131249363609,
            0.5260389268805892,
            0.5459111256687411,
            0.5587216448765225
        ],
        [
            0.2872077660979953,
            0.30662619200932145,
            0.3336892685531233,
            0.35081564637782847,
            0.37160906726124115,
            0.3930972129407603,
            0.4157139887757223,
            0.4271861249946602,
            0.4593477262287552,
            0.4737091425864519,
            0.4924167815639157,
            0.5078978109604347,
            0.5318866017765013,
            0.5493298176225005,
            0.5621767483696875,
            0.5820721769499418
        ],
        [
            0.33826066366742213,
            0.3601656762110571,
            0.37703125589111336,
            0.39175742380318107,
            0.41064388961892245,
            0.4317043688482127,
            0.4388081969371188,
            0.4553112052087602,
            0.4673552367154274,
            0.48616850600418104,
            0.4886391399951136,
            0.49368088467614535,
            0.509580105992662,
            0.518887505188875,
            0.5211590577444236,
            0.5242738806752647
        ],
        [
            0.28535555301906174,
            0.3139717425431711,
            0.3427239701144698,
            0.3658179689786362,
            0.38773215462758326,
            0.4107788366743345,
            0.43954111907168913,
            0.46017210436703326,
            0.48405053487584104,
            0.4960563520015874,
            0.5185377236193933,
            0.5451670937142234,
            0.55561729081009,
            0.5718206770356816,
            0.5827505827505828,
            0.6007449237053947
        ],
        [
            0.3547608911593586,
            0.3801269624054434,
            0.39853339709867686,
            0.4187429337129936,
            0.4393287057376329,
            0.4562043795620438,
            0.473507268336569,
            0.48267207259387973,
            0.49507401356502795,
            0.509761941173472,
            0.5141652527122217,
            0.5228484785109275,
            0.5261773217574323,
            0.5398693516169087,
            0.5448403617740002,
            0.5490282200505106
        ]
    ],
    "n_logical_errors": 10000,
    "n_runs": 1000000,
    "per_list": [
        0.35,
        0.36,
        0.37,
        0.38,
        0.39,
        0.39999999999999997,
        0.41,
        0.42,
        0.43,
        0.44,
        0.45,
        0.45999999999999996,
        0.47,
        0.48,
        0.49,
        0.5
    ]
}
