{
    "bias": 1000,
    "data": {
        "17": {
            "ler": [
                0.39561656842188553,
                0.4151961801951422,
                0.42766112132746015,
                0.4481692287007574,
                0.455684666210982,
                0.47241118669690096,
                0.4782858236081883,
                0.48711578742267037,
                0.4946576968737634,
                0.502411575562701,
                0.5089058524173028,
                0.5081042629947665,
                0.5106469897359955,
                0.5140066820868672,
                0.5212405525149857,
                0.5190760446405398
            ],
            "ler_eb": [
                0.0030756063341371965,
                0.0031751076158590074,
                0.0032353881796975703,
                0.003329239138721763,
                0.003361937994130826,
                0.0034313732584216818,
                0.0034546481952075687,
                0.0034885252501004695,
                0.003516394553907576,
                0.003544008634545575,
                0.00356631602133156,
                0.0035636034281162727,
                0.00357216826749749,
                0.003583306141250463,
                0.003606590837380242,
                0.0035997239023870522
            ],
            "ler_x": [
                0.0022550144400047475,
                0.0029063732613659955,
                0.004747038446734807,
                0.005378030744409089,
                0.006425153793574846,
                0.007416855631141346,
                0.009326573560359671,
                0.01169077889814409,
                0.013850415512465374,
                0.01567524115755627,
                0.01867684478371501,
                0.021340379045780195,
                0.025481284787826176,
                0.02955538421999486,
                0.035496481626270525,
                0.040072670646249677
            ],
            "ler_z": [
                0.3933615539818808,
                0.4122898069337762,
                0.4229140828807253,
                0.4427911979563483,
                0.44925951241740714,
                0.46499433106575966,
                0.46895925004782857,
                0.4754250085245263,
                0.48080728136129797,
                0.4867363344051447,
                0.4902290076335878,
                0.48676388394898634,
                0.48516570494816935,
                0.48445129786687224,
                0.48574407088871513,
                0.47900337399429016
            ],
            "per": [
                0.35,
                0.36,
                0.37,
                0.38,
                0.39,
                0.39999999999999997,
                0.41,
                0.42,
                0.43,
                0.44,
                0.45,
                0.45999999999999996,
                0.47,
                0.48,
                0.49,
                0.5
            ]
        }
    },
    "distance_array": [
        5,
        7,
        9,
        11,
        13,
        15,
        17,
        19,
        21,
        23,
        25,
        27,
        29
    ],
    "ler_distances": [
        [
            0.29854310962502983,
            0.31562667676672035,
            0.3321928047038501,
            0.3444119166523162,
            0.35555555555555557,
            0.37365018869334526,
            0.38516350190655935,
            0.4046125834513453,
            0.41531688678461665,
            0.42912929665708277,
            0.4435573297848747,
            0.45099896270238576,
            0.46153136105598375,
            0.4777602599015814,
            0.4875195007800312,
            0.4968203497615262
        ],
        [
            0.2959893443836022,
            0.306063110213326,
            0.3254572674607824,
            0.34493463488668896,
            0.3627657258942175,
            0.380430647492962,
            0.3992334717342702,
            0.4144390567367069,
            0.4427521473479146,
            0.4534941725998821,
            0.47232193463064426,
            0.4945843018942579,
            0.5091131249363609,
            0.5260389268805892,
            0.5459111256687411,
            0.5587216448765225
        ],
        [
            0.2872077660979953,
            0.30662619200932145,
            0.3336892685531233,
            0.35081564637782847,
            0.37160906726124115,
            0.3930972129407603,
            0.4157139887757223,
            0.4271861249946602,
            0.4593477262287552,
            0.4737091425864519,
            0.4924167815639157,
            0.5078978109604347,
            0.5318866017765013,
            0.5493298176225005,
            0.5621767483696875,
            0.5820721769499418
        ],
        [
            0.33826066366742213,
            0.3601656762110571,
            0.37703125589111336,
            0.39175742380318107,
            0.41064388961892245,
            0.4317043688482127,
            0.4388081969371188,
            0.4553112052087602,
            0.4673552367154274,
            0.48616850600418104,
            0.4886391399951136,
            0.49368088467614535,
            0.509580105992662,
            0.518887505188875,
            0.5211590577444236,
            0.5242738806752647
        ],
        [
            0.28535555301906174,
            0.3139717425431711,
            0.3427239701144698,
            0.3658179689786362,
            0.38773215462758326,
            0.4107788366743345,
            0.43954111907168913,
            0.46017210436703326,
            0.48405053487584104,
            0.4960563520015874,
            0.5185377236193933,
            0.5451670937142234,
            0.55561729081009,
            0.5718206770356816,
            0.5827505827505828,
            0.6007449237053947
        ],
        [
            0.3547608911593586,
            0.3801269624054434,
            0.39853339709867686,
            0.4187429337129936,
            0.4393287057376329,
            0.4562043795620438,
            0.473507268336569,
            0.48267207259387973,
            0.49507401356502795,
            0.509761941173472,
            0.5141652527122217,
            0.5228484785109275,
            0.5261773217574323,
            0.5398693516169087,
            0.5448403617740002,
            0.5490282200505106
        ],
        [
            0.39561656842188553,
            0.4151961801951422,
            0.42766112132746015,
            0.4481692287007574,
            0.455684666210982,
            0.47241118669690096,
            0.4782858236081883,
            0.48711578742267037,
            0.4946576968737634,
            0.502411575562701,
            0.5089058524173028,
            0.5081042629947665,
            0.5106469897359955,
            0.5140066820868672,
            0.5212405525149857,
            0.5190760446405398
        ]
    ],
    "n_logical_errors": 10000,
    "n_runs": 1000000,
    "per_list": [
        0.35,
        0.36,
        0.37,
        0.38,
        0.39,
        0.39999999999999997,
        0.41,
        0.42,
        0.43,
        0.44,
        0.45,
        0.45999999999999996,
        0.47,
        0.48,
        0.49,
        0.5
    ]
}
