{
    "bias": 1000,
    "data": {
        "7": {
            "ler": [
                0.2959893443836022,
                0.306063110213326,
                0.3254572674607824,
                0.34493463488668896,
                0.3627657258942175,
                0.380430647492962,
                0.3992334717342702,
                0.4144390567367069,
                0.4427521473479146,
                0.4534941725998821,
                0.47232193463064426,
                0.4945843018942579,
                0.5091131249363609,
                0.5260389268805892,
                0.5459111256687411,
                0.5587216448765225
            ],
            "ler_eb": [
                0.0024835087415845626,
                0.0025495936855329886,
                0.002672998454069881,
                0.0027917667017569587,
                0.0028958483268515067,
                0.002994473402066154,
                0.003094423918797094,
                0.00317136864046872,
                0.003305102084052128,
                0.0033525024920126587,
                0.00343101514844614,
                0.0035161281179991797,
                0.00356701555750328,
                0.0036215060927966775,
                0.00367868309007508,
                0.003711520033631929
            ],
            "ler_x": [
                0.27026787035666716,
                0.2796804701129373,
                0.2948642843194689,
                0.31289020730571554,
                0.32808532249873035,
                0.34181693677242636,
                0.36026828489300544,
                0.3741970243275726,
                0.3986983086867971,
                0.40705636932565414,
                0.42542036652182125,
                0.44146594787081456,
                0.4555544241930557,
                0.4700683850604945,
                0.48760781744731957,
                0.5010615711252654
            ],
            "ler_z": [
                0.02572147402693503,
                0.0263826401003887,
                0.030592983141313545,
                0.03204442758097341,
                0.0346804033954872,
                0.03861371072053565,
                0.03896518684126477,
                0.04024203240913424,
                0.044053838661117506,
                0.046437803274227925,
                0.046901568108822976,
                0.053118354023443295,
                0.05355870074330516,
                0.055970541820094685,
                0.05830330822142155,
                0.057660073751257125
            ],
            "per": [
                0.35,
                0.36,
                0.37,
                0.38,
                0.39,
                0.39999999999999997,
                0.41,
                0.42,
                0.43,
                0.44,
                0.45,
                0.45999999999999996,
                0.47,
                0.48,
                0.49,
                0.5
            ]
        }
    },
    "distance_array": [
        5,
        7,
        9,
        11,
        13,
        15,
        17,
        19,
        21,
        23,
        25,
        27,
        29
    ],
    "ler_distances": [
        [
            0.29854310962502983,
            0.31562667676672035,
            0.3321928047038501,
            0.3444119166523162,
            0.35555555555555557,
            0.37365018869334526,
            0.38516350190655935,
            0.4046125834513453,
            0.41531688678461665,
            0.42912929665708277,
            0.4435573297848747,
            0.45099896270238576,
            0.46153136105598375,
            0.4777602599015814,
            0.4875195007800312,
            0.4968203497615262
        ],
        [
            0.2959893443836022,
            0.306063110213326,
            0.3254572674607824,
            0.34493463488668896,
            0.3627657258942175,
            0.380430647492962,
            0.3992334717342702,
            0.4144390567367069,
            0.4427521473479146,
            0.4534941725998821,
            0.47232193463064426,
            0.4945843018942579,
            0.5091131249363609,
            0.5260389268805892,
            0.5459111256687411,
            0.5587216448765225
        ]
    ],
    "n_logical_errors": 10000,
    "n_runs": 1000000,
    "per_list": [
        0.35,
        0.36,
        0.37,
        0.38,
        0.39,
        0.39999999999999997,
        0.41,
        0.42,
        0.43,
        0.44,
        0.45,
        0.45999999999999996,
        0.47,
        0.48,
        0.49,
        0.5
    ]
}
