{
    "bias": 1000,
    "data": {
        "11": {
            "ler": [
                0.5012330332618241,
                0.509683995922528,
                0.5165182537550878,
                0.5266151285994144,
                0.5361987796115776,
                0.5493962135612961,
                0.5504849772649705,
                0.5745739534135439,
                0.6064281382656155,
                0.6163100285967853,
                0.7381926092155965
            ],
            "ler_eb": [
                0.0015830824126069722,
                0.0015960776981659753,
                0.0016061670525506322,
                0.0016203749343113702,
                0.0016330773769162703,
                0.001649293996641735,
                0.0016505647829002218,
                0.0016759959717253066,
                0.0017013997425988413,
                0.001707278835222526,
                0.0016891788762405757
            ],
            "ler_x": [
                0.02709665777813421,
                0.03848114169215087,
                0.05512282804074296,
                0.06583742337749879,
                0.07826357387210586,
                0.10308870551264161,
                0.10396459280626232,
                0.15343422851955274,
                0.21592480291085506,
                0.2286017158071196,
                0.4722070482630328
            ],
            "ler_z": [
                0.47413637548368986,
                0.47120285423037717,
                0.4613954257143447,
                0.46077770522191563,
                0.4579352057394717,
                0.44630750804865454,
                0.4465203844587081,
                0.4211397248939911,
                0.39050333535476045,
                0.3877083127896657,
                0.26598556095256376
            ],
            "per": [
                0.45,
                0.455,
                0.46,
                0.465,
                0.47000000000000003,
                0.475,
                0.48,
                0.485,
                0.49,
                0.495,
                0.5
            ]
        }
    },
    "distance_array": [
        11,
        17,
        23
    ],
    "ler_distances": [
        [
            0.5012330332618241,
            0.509683995922528,
            0.5165182537550878,
            0.5266151285994144,
            0.5361987796115776,
            0.5493962135612961,
            0.5504849772649705,
            0.5745739534135439,
            0.6064281382656155,
            0.6163100285967853,
            0.7381926092155965
        ]
    ],
    "n_logical_errors": 50000,
    "n_runs": 1000000,
    "per_list": [
        0.45,
        0.455,
        0.46,
        0.465,
        0.47000000000000003,
        0.475,
        0.48,
        0.485,
        0.49,
        0.495,
        0.5
    ]
}
