{
    "bias": 1000,
    "code": "ColourCode",
    "data": {
        "7": {
            "ler": [
                0.1992349378386994,
                0.20670552730580016,
                0.22083830219513273,
                0.2189046013747209,
                0.2337650194024966,
                0.24278916189181315,
                0.25155966995371304,
                0.2559639602743934,
                0.26881720430107525,
                0.2789089083505327,
                0.2885003750504876,
                0.29671829565010976,
                0.3057542958478567,
                0.31197354464341426,
                0.33266799733865604,
                0.335750738651625,
                0.350385423966363,
                0.3551388592939839,
                0.36221385105766446,
                0.36881315925352215,
                0.37678975131876413
            ],
            "ler_eb": [
                0.002521349526372191,
                0.0026036601842877676,
                0.002756786891770987,
                0.002736036760169896,
                0.002893846621383599,
                0.002987808128840549,
                0.0030777589642179437,
                0.0031224162970444613,
                0.003250760994221193,
                0.0033494419000225963,
                0.0034415074787151755,
                0.0035190382170550254,
                0.0036028332819067646,
                0.0036596144527257556,
                0.0038432355041997423,
                0.0038698801459447706,
                0.003993823881544569,
                0.004033167852077432,
                0.004090888033886819,
                0.004143815151981388,
                0.004206601502811923
            ],
            "ler_x": [
                0.18369461268728085,
                0.1914506593906321,
                0.20246455545249767,
                0.2024429753513419,
                0.21529758286969938,
                0.2243857434204137,
                0.23269269470718454,
                0.23318316780997236,
                0.24521505376344085,
                0.2535839794723043,
                0.2640355432462062,
                0.2716752714972405,
                0.27841986179905825,
                0.28508142509515194,
                0.3015302727877578,
                0.30654042438893364,
                0.31653819201121236,
                0.32367355636053696,
                0.32983193277310924,
                0.3356937375525559,
                0.34220045214770156
            ],
            "ler_z": [
                0.018688237169270004,
                0.019182272933978256,
                0.023364692372245043,
                0.02083971805087343,
                0.023703772967413158,
                0.02398756919491114,
                0.025055343127389818,
                0.029538241015664993,
                0.030806451612903227,
                0.03307859653037318,
                0.03340834343084646,
                0.035665539137143196,
                0.03809698526264294,
                0.03899669308042678,
                0.04464404524284764,
                0.04170024174053183,
                0.048843728100911005,
                0.04702038497052347,
                0.051217038539553755,
                0.05406800914656635,
                0.05531273549359458
            ],
            "per": [
                0.3,
                0.305,
                0.31,
                0.315,
                0.32,
                0.325,
                0.33,
                0.335,
                0.34,
                0.34500000000000003,
                0.35,
                0.355,
                0.36,
                0.365,
                0.37,
                0.375,
                0.38,
                0.385,
                0.39,
                0.395,
                0.4
            ],
            "ratio": null
        }
    },
    "distance_array": [
        3,
        5,
        7,
        9,
        11,
        13,
        17,
        21
    ],
    "ler_distances": [
        [
            0.2671368274830368,
            0.27233115468409586,
            0.28130977832789467,
            0.28742239595309266,
            0.29521166676507055,
            0.3025901718712176,
            0.29990403071017274,
            0.3118567953595709,
            0.31881655295542943,
            0.32216494845360827,
            0.3309066843150232,
            0.3363605785401951,
            0.34659642312491334,
            0.34862641193696836,
            0.3493083694285315,
            0.3614283648980772,
            0.36635404454865184,
            0.37149862545508583,
            0.3715538381511481,
            0.38414259373079285,
            0.3898939488459139
        ],
        [
            0.23014959723820483,
            0.23394001777944134,
            0.242107301956227,
            0.2471821237888076,
            0.25722810988784856,
            0.2683843263553409,
            0.2700658960786432,
            0.28551850159890363,
            0.28373623879241855,
            0.28714179061620626,
            0.303951367781155,
            0.3094633904809061,
            0.3156167150612296,
            0.32043065880543453,
            0.3328451604313673,
            0.3390290208841877,
            0.339397230518599,
            0.3528830545557202,
            0.35793542844870785,
            0.373943609303717,
            0.3731621762818121
        ],
        [
            0.1992349378386994,
            0.20670552730580016,
            0.22083830219513273,
            0.2189046013747209,
            0.2337650194024966,
            0.24278916189181315,
            0.25155966995371304,
            0.2559639602743934,
            0.26881720430107525,
            0.2789089083505327,
            0.2885003750504876,
            0.29671829565010976,
            0.3057542958478567,
            0.31197354464341426,
            0.33266799733865604,
            0.335750738651625,
            0.350385423966363,
            0.3551388592939839,
            0.36221385105766446,
            0.36881315925352215,
            0.37678975131876413
        ]
    ],
    "n_logical_errors": 5000,
    "n_runs": 1000000,
    "per_list": [
        0.3,
        0.305,
        0.31,
        0.315,
        0.32,
        0.325,
        0.33,
        0.335,
        0.34,
        0.34500000000000003,
        0.35,
        0.355,
        0.36,
        0.365,
        0.37,
        0.375,
        0.38,
        0.385,
        0.39,
        0.395,
        0.4
    ]
}
