{
    "bias": 1000,
    "data": {
        "5": {
            "ler": [
                0.225886604924328,
                0.22603978300180833,
                0.22851919561243145,
                0.25967281225655675,
                0.2547121752419766,
                0.2725538293813028,
                0.2780094523213789,
                0.281214848143982,
                0.275178866263071,
                0.2936857562408223,
                0.29691211401425177,
                0.2994908655286014,
                0.32113037893384716,
                0.3331112591605596,
                0.31545741324921134,
                0.3523608174770965,
                0.35001750087504374,
                0.3421142661648991,
                0.3616636528028933,
                0.37835792659856227,
                0.38022813688212925
            ],
            "ler_eb": [
                0.006284818920886115,
                0.006288458519906019,
                0.0063472448075848524,
                0.0070654256513111875,
                0.006953632236468235,
                0.0073511065774127075,
                0.007470081121775117,
                0.007539417551852828,
                0.007408503678498907,
                0.0078051610024225775,
                0.007872863556026177,
                0.007926664599830513,
                0.008367092671597263,
                0.008602328136078523,
                0.008253553554065027,
                0.008967144471918405,
                0.008923610201349713,
                0.008774985734044791,
                0.009137547580423693,
                0.009433503980144248,
                0.009465862234086495
            ],
            "ler_x": [
                0.001581206234470296,
                0.0022603978300180833,
                0.0013711151736745886,
                0.002077382498052454,
                0.0025471217524197657,
                0.002998092123194331,
                0.0013900472616068947,
                0.001687289088863892,
                0.001100715465052284,
                0.0011747430249632893,
                0.0023752969121140144,
                0.002994908655286014,
                0.0012845215157353885,
                0.000999333777481679,
                0.002523659305993691,
                0.00035236081747709656,
                0.0017500875043752187,
                0.0023947998631542937,
                0.0007233273056057866,
                0.0022701475595913734,
                0.0019011406844106464
            ],
            "ler_z": [
                0.22475717189970634,
                0.22423146473779385,
                0.22714808043875687,
                0.2586341210075305,
                0.2521650534895568,
                0.2703733987462524,
                0.2771754239644148,
                0.2798087739032621,
                0.2740781507980187,
                0.2928046989720999,
                0.29572446555819476,
                0.2970949386043726,
                0.3208092485549133,
                0.3324450366422385,
                0.3145110410094637,
                0.35200845665961944,
                0.34861743087154357,
                0.3400615805679097,
                0.3616636528028933,
                0.376844494892168,
                0.379467680608365
            ],
            "per": [
                0.3,
                0.305,
                0.31,
                0.315,
                0.32,
                0.325,
                0.33,
                0.335,
                0.34,
                0.34500000000000003,
                0.35,
                0.355,
                0.36,
                0.365,
                0.37,
                0.375,
                0.38,
                0.385,
                0.39,
                0.395,
                0.4
            ]
        }
    },
    "distance_array": [
        5,
        9,
        13,
        17,
        21
    ],
    "ler_distances": [
        [
            0.225886604924328,
            0.22603978300180833,
            0.22851919561243145,
            0.25967281225655675,
            0.2547121752419766,
            0.2725538293813028,
            0.2780094523213789,
            0.281214848143982,
            0.275178866263071,
            0.2936857562408223,
            0.29691211401425177,
            0.2994908655286014,
            0.32113037893384716,
            0.3331112591605596,
            0.31545741324921134,
            0.3523608174770965,
            0.35001750087504374,
            0.3421142661648991,
            0.3616636528028933,
            0.37835792659856227,
            0.38022813688212925
        ]
    ],
    "n_logical_errors": 1000,
    "n_runs": 1000000,
    "per_list": [
        0.3,
        0.305,
        0.31,
        0.315,
        0.32,
        0.325,
        0.33,
        0.335,
        0.34,
        0.34500000000000003,
        0.35,
        0.355,
        0.36,
        0.365,
        0.37,
        0.375,
        0.38,
        0.385,
        0.39,
        0.395,
        0.4
    ]
}
