{
    "bias": 1000,
    "data": {
        "9": {
            "ler": [
                0.1867762420620097,
                0.1926782273603083,
                0.2032520325203252,
                0.20907380305247752,
                0.22941041523285158,
                0.2449779519843214,
                0.25303643724696356,
                0.24044241404183697,
                0.27233115468409586,
                0.277623542476402,
                0.2946375957572186,
                0.3013863773357444,
                0.3148614609571788,
                0.3209242618741977,
                0.33467202141900937,
                0.3518648838845883,
                0.3480682213713888,
                0.36088054853843377,
                0.35919540229885055,
                0.3787878787878788,
                0.406669377795852
            ],
            "ler_eb": [
                0.005326312729842129,
                0.005474645149313801,
                0.005737139095344088,
                0.005879868309224108,
                0.00636831736597393,
                0.006731421981838013,
                0.006915646291682485,
                0.006626610318368673,
                0.007346224870330224,
                0.007461705141960298,
                0.007825179636006844,
                0.007966033772231432,
                0.008241546339787947,
                0.008362991554017828,
                0.008632514178205685,
                0.008957951412926528,
                0.008887210148663316,
                0.009123353274094116,
                0.009092714994547056,
                0.009440957307152519,
                0.00990580678777396
            ],
            "ler_x": [
                0.01998505790063504,
                0.022736030828516378,
                0.027439024390243903,
                0.028852184821241897,
                0.028676301904106447,
                0.030132288094071532,
                0.03390688259109312,
                0.03125751382543881,
                0.037309368191721135,
                0.044697390338700724,
                0.05156157925751326,
                0.050331525015069316,
                0.05447103274559194,
                0.05680359435173299,
                0.05321285140562249,
                0.06544686840253343,
                0.061956143404107204,
                0.06026705160591844,
                0.0639367816091954,
                0.06439393939393939,
                0.07808052053680357
            ],
            "ler_z": [
                0.1694060515502428,
                0.17360308285163775,
                0.18150406504065042,
                0.18544846330754755,
                0.20715760495526497,
                0.22097011268985792,
                0.22975708502024292,
                0.21423419091127674,
                0.24537037037037038,
                0.24125485841199334,
                0.2557454331172658,
                0.26431585292344784,
                0.2770780856423174,
                0.28016688061617456,
                0.2965194109772423,
                0.3054187192118227,
                0.30490776192133656,
                0.3208228076506676,
                0.319683908045977,
                0.3375,
                0.35624237494916633
            ],
            "per": [
                0.3,
                0.305,
                0.31,
                0.315,
                0.32,
                0.325,
                0.33,
                0.335,
                0.34,
                0.34500000000000003,
                0.35,
                0.355,
                0.36,
                0.365,
                0.37,
                0.375,
                0.38,
                0.385,
                0.39,
                0.395,
                0.4
            ]
        }
    },
    "distance_array": [
        5,
        9,
        13,
        17,
        21
    ],
    "ler_distances": [
        [
            0.225886604924328,
            0.22603978300180833,
            0.22851919561243145,
            0.25967281225655675,
            0.2547121752419766,
            0.2725538293813028,
            0.2780094523213789,
            0.281214848143982,
            0.275178866263071,
            0.2936857562408223,
            0.29691211401425177,
            0.2994908655286014,
            0.32113037893384716,
            0.3331112591605596,
            0.31545741324921134,
            0.3523608174770965,
            0.35001750087504374,
            0.3421142661648991,
            0.3616636528028933,
            0.37835792659856227,
            0.38022813688212925
        ],
        [
            0.1867762420620097,
            0.1926782273603083,
            0.2032520325203252,
            0.20907380305247752,
            0.22941041523285158,
            0.2449779519843214,
            0.25303643724696356,
            0.24044241404183697,
            0.27233115468409586,
            0.277623542476402,
            0.2946375957572186,
            0.3013863773357444,
            0.3148614609571788,
            0.3209242618741977,
            0.33467202141900937,
            0.3518648838845883,
            0.3480682213713888,
            0.36088054853843377,
            0.35919540229885055,
            0.3787878787878788,
            0.406669377795852
        ]
    ],
    "n_logical_errors": 1000,
    "n_runs": 1000000,
    "per_list": [
        0.3,
        0.305,
        0.31,
        0.315,
        0.32,
        0.325,
        0.33,
        0.335,
        0.34,
        0.34500000000000003,
        0.35,
        0.355,
        0.36,
        0.365,
        0.37,
        0.375,
        0.38,
        0.385,
        0.39,
        0.395,
        0.4
    ]
}
