{
    "bias": 1000,
    "code": "ColourCode",
    "data": {
        "5": {
            "ler": [
                0.23014959723820483,
                0.23394001777944134,
                0.242107301956227,
                0.2471821237888076,
                0.25722810988784856,
                0.2683843263553409,
                0.2700658960786432,
                0.28551850159890363,
                0.28373623879241855,
                0.28714179061620626,
                0.303951367781155,
                0.3094633904809061,
                0.3156167150612296,
                0.32043065880543453,
                0.3328451604313673,
                0.3390290208841877,
                0.339397230518599,
                0.3528830545557202,
                0.35793542844870785,
                0.373943609303717,
                0.3731621762818121
            ],
            "ler_eb": [
                0.0028558039352209273,
                0.0028956822530300315,
                0.002980758199017206,
                0.0030330321846537096,
                0.0031351704290628547,
                0.003246486847402268,
                0.0032630713518039295,
                0.0034130664768572236,
                0.0033959891554796204,
                0.003428569677039956,
                0.0035862362165533872,
                0.0036367850344368024,
                0.003692535592698436,
                0.0037356480184636207,
                0.00384477177189379,
                0.0038980110779227397,
                0.0039011575246631885,
                0.0040145529284252475,
                0.004056103591031707,
                0.0041843484196828155,
                0.004178209499304536
            ],
            "ler_x": [
                0.0011507479861910242,
                0.001544004117344313,
                0.0011136935889986441,
                0.0011864741941862765,
                0.0016462599032822307,
                0.0014492753623188406,
                0.001620395376471859,
                0.002227044312471448,
                0.0014754284417205765,
                0.0016654223855739965,
                0.002310030395136778,
                0.0012378535619236245,
                0.001956823633379624,
                0.001217636503460651,
                0.0015976567700705631,
                0.0019663683211282885,
                0.0017648655986967146,
                0.0019055684946008892,
                0.0014317417137948314,
                0.0015705631590756115,
                0.00216434062243451
            ],
            "ler_z": [
                0.22932105868814728,
                0.23272352968698826,
                0.24133255858996708,
                0.24639114099268342,
                0.2559419693384093,
                0.2673107890499195,
                0.2687695797774657,
                0.2839767016902695,
                0.28271478833276587,
                0.28587836673749495,
                0.3021276595744681,
                0.30859689298755955,
                0.3142280015149602,
                0.31978979748782366,
                0.33204633204633205,
                0.3377407106048278,
                0.33803964159652455,
                0.3520361352247865,
                0.3568616221633617,
                0.3728965671976666,
                0.3717441600119412
            ],
            "per": [
                0.3,
                0.305,
                0.31,
                0.315,
                0.32,
                0.325,
                0.33,
                0.335,
                0.34,
                0.34500000000000003,
                0.35,
                0.355,
                0.36,
                0.365,
                0.37,
                0.375,
                0.38,
                0.385,
                0.39,
                0.395,
                0.4
            ],
            "ratio": null
        }
    },
    "distance_array": [
        3,
        5,
        7,
        9,
        11,
        13,
        17,
        21
    ],
    "ler_distances": [
        [
            0.2671368274830368,
            0.27233115468409586,
            0.28130977832789467,
            0.28742239595309266,
            0.29521166676507055,
            0.3025901718712176,
            0.29990403071017274,
            0.3118567953595709,
            0.31881655295542943,
            0.32216494845360827,
            0.3309066843150232,
            0.3363605785401951,
            0.34659642312491334,
            0.34862641193696836,
            0.3493083694285315,
            0.3614283648980772,
            0.36635404454865184,
            0.37149862545508583,
            0.3715538381511481,
            0.38414259373079285,
            0.3898939488459139
        ],
        [
            0.23014959723820483,
            0.23394001777944134,
            0.242107301956227,
            0.2471821237888076,
            0.25722810988784856,
            0.2683843263553409,
            0.2700658960786432,
            0.28551850159890363,
            0.28373623879241855,
            0.28714179061620626,
            0.303951367781155,
            0.3094633904809061,
            0.3156167150612296,
            0.32043065880543453,
            0.3328451604313673,
            0.3390290208841877,
            0.339397230518599,
            0.3528830545557202,
            0.35793542844870785,
            0.373943609303717,
            0.3731621762818121
        ]
    ],
    "n_logical_errors": 5000,
    "n_runs": 1000000,
    "per_list": [
        0.3,
        0.305,
        0.31,
        0.315,
        0.32,
        0.325,
        0.33,
        0.335,
        0.34,
        0.34500000000000003,
        0.35,
        0.355,
        0.36,
        0.365,
        0.37,
        0.375,
        0.38,
        0.385,
        0.39,
        0.395,
        0.4
    ]
}
