{
    "bias": 1000,
    "data": {
        "11": {
            "ler": [
                0.33826066366742213,
                0.3601656762110571,
                0.37703125589111336,
                0.39175742380318107,
                0.41064388961892245,
                0.4317043688482127,
                0.4388081969371188,
                0.4553112052087602,
                0.4673552367154274,
                0.48616850600418104,
                0.4886391399951136,
                0.49368088467614535,
                0.509580105992662,
                0.518887505188875,
                0.5211590577444236,
                0.5242738806752647
            ],
            "ler_eb": [
                0.002751661278031252,
                0.002880952442520806,
                0.0029758462108826606,
                0.003055312547116689,
                0.0031524939386009553,
                0.0032544200166107094,
                0.00328723226575433,
                0.0033603348729707326,
                0.0034108761012948785,
                0.0034849550570159654,
                0.0034942340614959404,
                0.003512840843103667,
                0.0035685887691867075,
                0.0035991216912331994,
                0.0036063338523008373,
                0.003616069092815871
            ],
            "ler_x": [
                0.009234516118120624,
                0.009868539528182963,
                0.011951890811748293,
                0.012340358849800203,
                0.016220433639947438,
                0.015973061647383872,
                0.018693229189521262,
                0.022264717934708373,
                0.02388185259615834,
                0.028149156497642082,
                0.029562667969704373,
                0.030805687203791468,
                0.036944557684468,
                0.041355334163553345,
                0.043204085887012716,
                0.05074971164936563
            ],
            "ler_z": [
                0.3290261475493015,
                0.3502971366828741,
                0.36507936507936506,
                0.37941706495338084,
                0.39442345597897505,
                0.41573130720082885,
                0.42011496774759755,
                0.4330464872740518,
                0.44347338411926907,
                0.45801934950653894,
                0.45907647202540924,
                0.4628751974723539,
                0.47263554830819404,
                0.4775321710253217,
                0.47795497185741087,
                0.4735241690258991
            ],
            "per": [
                0.35,
                0.36,
                0.37,
                0.38,
                0.39,
                0.39999999999999997,
                0.41,
                0.42,
                0.43,
                0.44,
                0.45,
                0.45999999999999996,
                0.47,
                0.48,
                0.49,
                0.5
            ]
        }
    },
    "distance_array": [
        5,
        7,
        9,
        11,
        13,
        15,
        17,
        19,
        21,
        23,
        25,
        27,
        29
    ],
    "ler_distances": [
        [
            0.29854310962502983,
            0.31562667676672035,
            0.3321928047038501,
            0.3444119166523162,
            0.35555555555555557,
            0.37365018869334526,
            0.38516350190655935,
            0.4046125834513453,
            0.41531688678461665,
            0.42912929665708277,
            0.4435573297848747,
            0.45099896270238576,
            0.46153136105598375,
            0.4777602599015814,
            0.4875195007800312,
            0.4968203497615262
        ],
        [
            0.2959893443836022,
            0.306063110213326,
            0.3254572674607824,
            0.34493463488668896,
            0.3627657258942175,
            0.380430647492962,
            0.3992334717342702,
            0.4144390567367069,
            0.4427521473479146,
            0.4534941725998821,
            0.47232193463064426,
            0.4945843018942579,
            0.5091131249363609,
            0.5260389268805892,
            0.5459111256687411,
            0.5587216448765225
        ],
        [
            0.2872077660979953,
            0.30662619200932145,
            0.3336892685531233,
            0.35081564637782847,
            0.37160906726124115,
            0.3930972129407603,
            0.4157139887757223,
            0.4271861249946602,
            0.4593477262287552,
            0.4737091425864519,
            0.4924167815639157,
            0.5078978109604347,
            0.5318866017765013,
            0.5493298176225005,
            0.5621767483696875,
            0.5820721769499418
        ],
        [
            0.33826066366742213,
            0.3601656762110571,
            0.37703125589111336,
            0.39175742380318107,
            0.41064388961892245,
            0.4317043688482127,
            0.4388081969371188,
            0.4553112052087602,
            0.4673552367154274,
            0.48616850600418104,
            0.4886391399951136,
            0.49368088467614535,
            0.509580105992662,
            0.518887505188875,
            0.5211590577444236,
            0.5242738806752647
        ]
    ],
    "n_logical_errors": 10000,
    "n_runs": 1000000,
    "per_list": [
        0.35,
        0.36,
        0.37,
        0.38,
        0.39,
        0.39999999999999997,
        0.41,
        0.42,
        0.43,
        0.44,
        0.45,
        0.45999999999999996,
        0.47,
        0.48,
        0.49,
        0.5
    ]
}
