{
    "bias": 1000,
    "data": {
        "9": {
            "ler": [
                0.2872077660979953,
                0.30662619200932145,
                0.3336892685531233,
                0.35081564637782847,
                0.37160906726124115,
                0.3930972129407603,
                0.4157139887757223,
                0.4271861249946602,
                0.4593477262287552,
                0.4737091425864519,
                0.4924167815639157,
                0.5078978109604347,
                0.5318866017765013,
                0.5493298176225005,
                0.5621767483696875,
                0.5820721769499418
            ],
            "ler_eb": [
                0.002424809688909252,
                0.0025532477959014778,
                0.0027238340460138907,
                0.0028265910318623186,
                0.0029457864295018934,
                0.0030623831790689213,
                0.003177659677704378,
                0.0032331354758498975,
                0.003377540675147384,
                0.003436565924537613,
                0.0035082171948806287,
                0.0035629029232055374,
                0.003639104998265651,
                0.003687759458661419,
                0.003719823127450415,
                0.003762941640359095
            ],
            "ler_x": [
                0.04523522316043426,
                0.04955079262870635,
                0.057594767752269085,
                0.06398877389931591,
                0.06852471200297287,
                0.07586776209756672,
                0.08513822490126793,
                0.08928190012388397,
                0.09784106568672485,
                0.10554239696826148,
                0.1173921607248375,
                0.12392706587434608,
                0.13589702675389606,
                0.1426609536365634,
                0.15291207555655498,
                0.16071012805587892
            ],
            "ler_z": [
                0.24197254293756104,
                0.2570753993806151,
                0.27609450080085424,
                0.2868268724785125,
                0.3030843552582683,
                0.31722945084319354,
                0.33057576387445436,
                0.3379042248707762,
                0.3615066605420303,
                0.3681667456181904,
                0.37502462083907817,
                0.3839707450860887,
                0.3959895750226052,
                0.40666886398593716,
                0.40926467281313245,
                0.42136204889406287
            ],
            "per": [
                0.35,
                0.36,
                0.37,
                0.38,
                0.39,
                0.39999999999999997,
                0.41,
                0.42,
                0.43,
                0.44,
                0.45,
                0.45999999999999996,
                0.47,
                0.48,
                0.49,
                0.5
            ]
        }
    },
    "distance_array": [
        5,
        7,
        9,
        11,
        13,
        15,
        17,
        19,
        21,
        23,
        25,
        27,
        29
    ],
    "ler_distances": [
        [
            0.29854310962502983,
            0.31562667676672035,
            0.3321928047038501,
            0.3444119166523162,
            0.35555555555555557,
            0.37365018869334526,
            0.38516350190655935,
            0.4046125834513453,
            0.41531688678461665,
            0.42912929665708277,
            0.4435573297848747,
            0.45099896270238576,
            0.46153136105598375,
            0.4777602599015814,
            0.4875195007800312,
            0.4968203497615262
        ],
        [
            0.2959893443836022,
            0.306063110213326,
            0.3254572674607824,
            0.34493463488668896,
            0.3627657258942175,
            0.380430647492962,
            0.3992334717342702,
            0.4144390567367069,
            0.4427521473479146,
            0.4534941725998821,
            0.47232193463064426,
            0.4945843018942579,
            0.5091131249363609,
            0.5260389268805892,
            0.5459111256687411,
            0.5587216448765225
        ],
        [
            0.2872077660979953,
            0.30662619200932145,
            0.3336892685531233,
            0.35081564637782847,
            0.37160906726124115,
            0.3930972129407603,
            0.4157139887757223,
            0.4271861249946602,
            0.4593477262287552,
            0.4737091425864519,
            0.4924167815639157,
            0.5078978109604347,
            0.5318866017765013,
            0.5493298176225005,
            0.5621767483696875,
            0.5820721769499418
        ]
    ],
    "n_logical_errors": 10000,
    "n_runs": 1000000,
    "per_list": [
        0.35,
        0.36,
        0.37,
        0.38,
        0.39,
        0.39999999999999997,
        0.41,
        0.42,
        0.43,
        0.44,
        0.45,
        0.45999999999999996,
        0.47,
        0.48,
        0.49,
        0.5
    ]
}
