{
    "bias": 1000,
    "data": {
        "25": {
            "ler": [
                0.38753681599751977,
                0.4109476452699926,
                0.4321894718644654,
                0.4529395778603134,
                0.46425255338904364,
                0.4833953690723643,
                0.49627791563275436,
                0.5054334091483447,
                0.5173573387138497,
                0.5193725979017347,
                0.5257347142631827,
                0.5287088928835783,
                0.5396071659831643,
                0.54333061668025,
                0.5391126206264488,
                0.5567618729469406
            ],
            "ler_eb": [
                0.003032864171808388,
                0.003154012749077959,
                0.0032566861234407636,
                0.003350101143720942,
                0.003398085921847198,
                0.0034744145335485364,
                0.003522252170381893,
                0.0035544821129785977,
                0.0035942101594692005,
                0.0036006698017477705,
                0.00362057312224829,
                0.003629620656085792,
                0.003661356235643518,
                0.0036716825561532375,
                0.0036599647844914114,
                0.003706705160488672
            ],
            "ler_x": [
                0.006626879553557588,
                0.006903920440535876,
                0.01037254732474717,
                0.013769363166953529,
                0.01713091922005571,
                0.021172717165369555,
                0.024714640198511165,
                0.03199393479909022,
                0.03719799265352579,
                0.042692427547522595,
                0.05026023868356028,
                0.06101300623876493,
                0.07068853874379452,
                0.07698994838359141,
                0.08787535716211116,
                0.09988308000668114
            ],
            "ler_z": [
                0.38090993644396215,
                0.4040437248294567,
                0.4218169245397182,
                0.43917021469335993,
                0.4471216341689879,
                0.46222265190699474,
                0.4715632754342432,
                0.4734394743492545,
                0.48015934606032384,
                0.4766801703542121,
                0.4754744755796225,
                0.4676958866448134,
                0.4689186272393697,
                0.4663406682966585,
                0.4512372634643377,
                0.45687879294025946
            ],
            "per": [
                0.35,
                0.36,
                0.37,
                0.38,
                0.39,
                0.39999999999999997,
                0.41,
                0.42,
                0.43,
                0.44,
                0.45,
                0.45999999999999996,
                0.47,
                0.48,
                0.49,
                0.5
            ]
        }
    },
    "distance_array": [
        5,
        7,
        9,
        11,
        13,
        15,
        17,
        19,
        21,
        23,
        25,
        27,
        29
    ],
    "ler_distances": [
        [
            0.29854310962502983,
            0.31562667676672035,
            0.3321928047038501,
            0.3444119166523162,
            0.35555555555555557,
            0.37365018869334526,
            0.38516350190655935,
            0.4046125834513453,
            0.41531688678461665,
            0.42912929665708277,
            0.4435573297848747,
            0.45099896270238576,
            0.46153136105598375,
            0.4777602599015814,
            0.4875195007800312,
            0.4968203497615262
        ],
        [
            0.2959893443836022,
            0.306063110213326,
            0.3254572674607824,
            0.34493463488668896,
            0.3627657258942175,
            0.380430647492962,
            0.3992334717342702,
            0.4144390567367069,
            0.4427521473479146,
            0.4534941725998821,
            0.47232193463064426,
            0.4945843018942579,
            0.5091131249363609,
            0.5260389268805892,
            0.5459111256687411,
            0.5587216448765225
        ],
        [
            0.2872077660979953,
            0.30662619200932145,
            0.3336892685531233,
            0.35081564637782847,
            0.37160906726124115,
            0.3930972129407603,
            0.4157139887757223,
            0.4271861249946602,
            0.4593477262287552,
            0.4737091425864519,
            0.4924167815639157,
            0.5078978109604347,
            0.5318866017765013,
            0.5493298176225005,
            0.5621767483696875,
            0.5820721769499418
        ],
        [
            0.33826066366742213,
            0.3601656762110571,
            0.37703125589111336,
            0.39175742380318107,
            0.41064388961892245,
            0.4317043688482127,
            0.4388081969371188,
            0.4553112052087602,
            0.4673552367154274,
            0.48616850600418104,
            0.4886391399951136,
            0.49368088467614535,
            0.509580105992662,
            0.518887505188875,
            0.5211590577444236,
            0.5242738806752647
        ],
        [
            0.28535555301906174,
            0.3139717425431711,
            0.3427239701144698,
            0.3658179689786362,
            0.38773215462758326,
            0.4107788366743345,
            0.43954111907168913,
            0.46017210436703326,
            0.48405053487584104,
            0.4960563520015874,
            0.5185377236193933,
            0.5451670937142234,
            0.55561729081009,
            0.5718206770356816,
            0.5827505827505828,
            0.6007449237053947
        ],
        [
            0.3547608911593586,
            0.3801269624054434,
            0.39853339709867686,
            0.4187429337129936,
            0.4393287057376329,
            0.4562043795620438,
            0.473507268336569,
            0.48267207259387973,
            0.49507401356502795,
            0.509761941173472,
            0.5141652527122217,
            0.5228484785109275,
            0.5261773217574323,
            0.5398693516169087,
            0.5448403617740002,
            0.5490282200505106
        ],
        [
            0.39561656842188553,
            0.4151961801951422,
            0.42766112132746015,
            0.4481692287007574,
            0.455684666210982,
            0.47241118669690096,
            0.4782858236081883,
            0.48711578742267037,
            0.4946576968737634,
            0.502411575562701,
            0.5089058524173028,
            0.5081042629947665,
            0.5106469897359955,
            0.5140066820868672,
            0.5212405525149857,
            0.5190760446405398
        ],
        [
            0.35706634292651573,
            0.37285607755406414,
            0.3976459360585335,
            0.4181825785137791,
            0.4407227853680035,
            0.45993928801398215,
            0.4798694755026633,
            0.49314528059966467,
            0.506303478304896,
            0.5138482092389908,
            0.5277880403230063,
            0.5374321491911647,
            0.5405405405405406,
            0.5543851868278079,
            0.5611357387352001,
            0.5689900426742532
        ],
        [
            0.3967466772465781,
            0.4166145898429363,
            0.4314436103201312,
            0.44754744002864305,
            0.46496489515041617,
            0.47395611166405993,
            0.4948535233570863,
            0.494486475794887,
            0.5023106288929073,
            0.5141388174807198,
            0.5157031612603785,
            0.5143503754757741,
            0.5158361704322707,
            0.5290165582182722,
            0.5255689283649551,
