{
    "bias": 1000,
    "code": "ColourCode",
    "data": {
        "17": {
            "ler": [
                0.14287347125385758,
                0.15206812652068127,
                0.16377333770062233,
                0.1811397311886389,
                0.1879840589518009,
                0.2049096348510307,
                0.2166565560273854,
                0.22494151520604644,
                0.24276558555059236,
                0.257201646090535,
                0.27054813051241816,
                0.28262958566502744,
                0.3027184113337773,
                0.3178235443681668,
                0.3359086328518643,
                0.3451131971286582,
                0.3683241252302026,
                0.37921880925293894,
                0.39401103230890466,
                0.39481996209728365,
                0.41576584067852984
            ],
            "ler_eb": [
                0.0018706350301999858,
                0.0019803122481767705,
                0.002117971945232827,
                0.002318107737357433,
                0.0023956220293651857,
                0.002583959025204268,
                0.002711832989766817,
                0.002800604946530508,
                0.0029875645030166143,
                0.0031349037250236883,
                0.0032678179647555915,
                0.003385356040255543,
                0.0035748508955691185,
                0.0037123543837805128,
                0.003871239857386769,
                0.003949659750007143,
                0.0041399234341689805,
                0.004225461439992831,
                0.0043376623105711816,
                0.004343665740074371,
                0.004494250502275083
            ],
            "ler_x": [
                0.03151788775860098,
                0.03354622871046229,
                0.03665247297739928,
                0.04220555736695287,
                0.04458981878336717,
                0.04991598704971108,
                0.05494410260854493,
                0.05839481734748965,
                0.06569236744999028,
                0.06738683127572016,
                0.07099182944645853,
                0.0792493358204737,
                0.08482169885572441,
                0.09096109839816933,
                0.09808532079274437,
                0.10353395913859746,
                0.11322283609576428,
                0.11884717481987106,
                0.1293144208037825,
                0.13202779532533165,
                0.14027939464493597
            ],
            "ler_z": [
                0.11469882272259686,
                0.12317518248175183,
                0.13190304618408122,
                0.14415099807991885,
                0.15034965034965034,
                0.16269825007171837,
                0.17076869746078516,
                0.17747885549757064,
                0.1903282190716644,
                0.2028292181069959,
                0.21443644824414262,
                0.22180769882991352,
                0.23769449657928196,
                0.24917365878464276,
                0.26227746053073564,
                0.2689812258420762,
                0.2878084714548803,
                0.29465301478953354,
                0.30354609929078014,
                0.3058275426405559,
                0.32379843672043906
            ],
            "per": [
                0.3,
                0.305,
                0.31,
                0.315,
                0.32,
                0.325,
                0.33,
                0.335,
                0.34,
                0.34500000000000003,
                0.35,
                0.355,
                0.36,
                0.365,
                0.37,
                0.375,
                0.38,
                0.385,
                0.39,
                0.395,
                0.4
            ],
            "ratio": null
        }
    },
    "distance_array": [
        3,
        5,
        7,
        9,
        11,
        13,
        17,
        21
    ],