{
    "bias": 1000,
    "data": {
        "19": {
            "ler": [
                0.35706634292651573,
                0.37285607755406414,
                0.3976459360585335,
                0.4181825785137791,
                0.4407227853680035,
                0.45993928801398215,
                0.4798694755026633,
                0.49314528059966467,
                0.506303478304896,
                0.5138482092389908,
                0.5277880403230063,
                0.5374321491911647,
                0.5405405405405406,
                0.5543851868278079,
                0.5611357387352001,
                0.5689900426742532
            ],
            "ler_eb": [
                0.0028630701967960453,
                0.002952737471420852,
                0.0030861886569139526,
                0.0031897694684669673,
                0.0032959382553459622,
                0.0033800396971212085,
                0.0034608222653181144,
                0.003510885196710489,
                0.0035574675289517877,
                0.003582785371033978,
                0.0036268369863157353,
                0.003655201851529524,
                0.0036639696724571082,
                0.003700764309254566,
                0.003717346443132156,
                0.0037354963642657526
            ],
            "ler_x": [
                0.015496679283010784,
                0.019388516032811335,
                0.023262287259424207,
                0.027349140634801154,
                0.03243719700308506,
                0.03743905804433815,
                0.049090647343922454,
                0.05291448860834402,
                0.058224900005063036,
                0.06808488772416628,
                0.07805985116377263,
                0.09012737141935831,
                0.09475675675675675,
                0.10893668921166426,
                0.12232759104427361,
                0.13172119487908962
            ],
            "ler_z": [
                0.34156966364350494,
                0.3534675615212528,
                0.3743836487991093,
                0.39083343787897795,
                0.40828558836491846,
                0.422500229969644,
                0.4307788281587408,
                0.44023079199132065,
                0.44807857829983294,
                0.4457633215148245,
                0.4497281891592336,
                0.44730477777180633,
                0.4457837837837838,
                0.4454484976161437,
                0.4388081476909264,
                0.43726884779516356
            ],
            "per": [
                0.35,
                0.36,
                0.37,
                0.38,
                0.39,
                0.39999999999999997,
                0.41,
                0.42,
                0.43,
                0.44,
                0.45,
                0.45999999999999996,
                0.47,
                0.48,
                0.49,
                0.5
            ]
        }
    },
    "distance_array": [
        5,
        7,
        9,
        11,
        13,
        15,
        17,
        19,
        21,
        23,
        25,
        27,
        29
    ],
    "ler_distances": [
        [
            0.29854310962502983,
            0.31562667676672035,
            0.3321928047038501,
            0.3444119166523162,
            0.35555555555555557,
            0.37365018869334526,
            0.38516350190655935,
            0.4046125834513453,
            0.41531688678461665,
            0.42912929665708277,
            0.4435573297848747,
            0.45099896270238576,
            0.46153136105598375,
            0.4777602599015814,
            0.4875195007800312,
            0.4968203497615262
        ],
        [
            0.2959893443836022,
            0.306063110213326,
            0.3254572674607824,
            0.34493463488668896,
            0.3627657258942175,
            0.380430647492962,
            0.3992334717342702,
            0.4144390567367069,
            0.4427521473479146,
            0.4534941725998821,
            0.47232193463064426,
            0.4945843018942579,
            0.5091131249363609,
            0.5260389268805892,
            0.5459111256687411,
            0.5587216448765225
        ],
        [
            0.2872077660979953,
            0.30662619200932145,
            0.3336892685531233,
            0.35081564637782847,
            0.37160906726124115,
            0.3930972129407603,
            0.4157139887757223,
            0.4271861249946602,
            0.4593477262287552,
            0.4737091425864519,
            0.4924167815639157,
            0.5078978109604347,
            0.5318866017765013,
            0.5493298176225005,
            0.5621767483696875,
            0.5820721769499418
        ],
        [
            0.33826066366742213,
            0.3601656762110571,
            0.37703125589111336,
            0.39175742380318107,
            0.41064388961892245,
            0.4317043688482127,
            0.4388081969371188,
            0.4553112052087602,
            0.4673552367154274,
            0.48616850600418104,
            0.4886391399951136,
            0.49368088467614535,
            0.509580105992662,
            0.518887505188875,
            0.5211590577444236,
            0.5242738806752647
        ],
        [
            0.28535555301906174,
            0.3139717425431711,
            0.3427239701144698,
            0.3658179689786362,
            0.38773215462758326,
            0.4107788366743345,
            0.43954111907168913,
            0.46017210436703326,
            0.48405053487584104,
            0.4960563520015874,
            0.5185377236193933,
            0.5451670937142234,
            0.55561729081009,
            0.5718206770356816,
            0.5827505827505828,
            0.6007449237053947
        ],
        [
            0.3547608911593586,
            0.3801269624054434,
            0.39853339709867686,
            0.4187429337129936,
            0.4393287057376329,
            0.4562043795620438,
            0.473507268336569,
            0.48267207259387973,
            0.49507401356502795,
            0.509761941173472,
            0.5141652527122217,
            0.5228484785109275,
            0.5261773217574323,
            0.5398693516169087,
            0.5448403617740002,
            0.5490282200505106
        ],
        [
            0.39561656842188553,
            0.4151961801951422,
            0.42766112132746015,
            0.4481692287007574,
            0.455684666210982,
            0.47241118669690096,
            0.4782858236081883,
            0.48711578742267037,
            0.4946576968737634,
            0.502411575562701,
            0.5089058524173028,
            0.5081042629947665,
            0.5106469897359955,
            0.5140066820868672,
            0.5212405525149857,
            0.5190760446405398
        ],
        [
            0.35706634292651573,
            0.37285607755406414,
            0.3976459360585335,
            0.4181825785137791,
            0.4407227853680035,
            0.45993928801398215,
            0.4798694755026633,
            0.49314528059966467,
            0.506303478304896,
            0.5138482092389908,
            0.5277880403230063,
            0.5374321491911647,
            0.5405405405405406,
            0.5543851868278079,
            0.5611357387352001,
            0.5689900426742532
        ]
    ],
    "n_logical_errors": 10000,
    "n_runs": 1000000,
    "per_list": [
        0.35,
        0.36,
        0.37,
        0.38,
        0.39,
        0.39999999999999997,
        0.41,
        0.42,
        0.43,
        0.44,
        0.45,
        0.45999999999999996,
        0.47,
        0.48,
        0.49,
        0.5
    ]
}
