{
    "bias": 1000,
    "data": {
        "5": {
            "ler": [
                0.29854310962502983,
                0.31562667676672035,
                0.3321928047038501,
                0.3444119166523162,
                0.35555555555555557,
                0.37365018869334526,
                0.38516350190655935,
                0.4046125834513453,
                0.41531688678461665,
                0.42912929665708277,
                0.4435573297848747,
                0.45099896270238576,
                0.46153136105598375,
                0.4777602599015814,
                0.4875195007800312,
                0.4968203497615262
            ],
            "ler_eb": [
                0.002500388800197066,
                0.002611080364718727,
                0.0027146620295692855,
                0.0027886479779704264,
                0.0028543039001581736,
                0.002957152225968879,
                0.0030201251978980138,
                0.003122045377348426,
                0.0031757028972771795,
                0.0032423287167321333,
                0.0033087196705765603,
                0.0033416589640369978,
                0.0033867366218335157,
                0.0034525897796486853,
                0.0034900420880396334,
                0.0035242029524331373
            ],
            "ler_x": [
                0.0017315500358251732,
                0.0017990720575703058,
                0.0018602797063415606,
                0.0018942655415877389,
                0.0016,
                0.002055076037813399,
                0.0016562030581982051,
                0.0023872142423629374,
                0.00174433092449539,
                0.0024460369909453717,
                0.0023064981148813485,
                0.00220989491724169,
                0.0027691881663359026,
                0.002723233481439014,
                0.0023888455538221528,
                0.0021860095389507153
            ],
            "ler_z": [
                0.2968115595892047,
                0.31382760470915,
                0.33033252499750854,
                0.3425176511107284,
                0.3539555555555556,
                0.3715951126555319,
                0.38350729884836116,
                0.4022253692089824,
                0.41357255586012126,
                0.4266832596661374,
                0.44125083166999335,
                0.4487890677851441,
                0.4587621728896479,
                0.4750370264201424,
                0.4851306552262091,
                0.4946343402225755
            ],
            "per": [
                0.35,
                0.36,
                0.37,
                0.38,
                0.39,
                0.39999999999999997,
                0.41,
                0.42,
                0.43,
                0.44,
                0.45,
                0.45999999999999996,
                0.47,
                0.48,
                0.49,
                0.5
            ]
        }
    },
    "distance_array": [
        5,
        7,
        9,
        11,
        13,
        15,
        17,
        19,
        21,
        23,
        25,
        27,
        29
    ],
    "ler_distances": [
        [
            0.29854310962502983,
            0.31562667676672035,
            0.3321928047038501,
            0.3444119166523162,
            0.35555555555555557,
            0.37365018869334526,
            0.38516350190655935,
            0.4046125834513453,
            0.41531688678461665,
            0.42912929665708277,
            0.4435573297848747,
            0.45099896270238576,
            0.46153136105598375,
            0.4777602599015814,
            0.4875195007800312,
            0.4968203497615262
        ]
    ],
    "n_logical_errors": 10000,
    "n_runs": 1000000,
    "per_list": [
        0.35,
        0.36,
        0.37,
        0.38,
        0.39,
        0.39999999999999997,
        0.41,
        0.42,
        0.43,
        0.44,
        0.45,
        0.45999999999999996,
        0.47,
        0.48,
        0.49,
        0.5
    ]
}
