{
    "bias": 1,
    "data": {
        "11": {
            "ler": [
                0.0274,
                0.0436,
                0.0547,
                0.0627,
                0.0736,
                0.0964,
                0.104,
                0.1258,
                0.1418,
                0.1538
            ],
            "ler_eb": [
                NaN,
                NaN,
                NaN,
                NaN,
                NaN,
                NaN,
                NaN,
                NaN,
                NaN,
                NaN
            ],
            "per": [
                0.09,
                0.09555555555555556,
                0.10111111111111111,
                0.10666666666666667,
                0.11222222222222222,
                0.11777777777777779,
                0.12333333333333335,
                0.1288888888888889,
                0.13444444444444445,
                0.14
            ]
        },
        "13": {
            "ler": [
                0.0285,
                0.0382,
                0.0499,
                0.0622,
                0.0725,
                0.0874,
                0.1084,
                0.1243,
                0.1439,
                0.1617
            ],
            "ler_eb": [
                NaN,
                NaN,
                NaN,
                NaN,
                NaN,
                NaN,
                NaN,
                NaN,
                NaN,
                NaN
            ],
            "per": [
                0.09,
                0.09555555555555556,
                0.10111111111111111,
                0.10666666666666667,
                0.11222222222222222,
                0.11777777777777779,
                0.12333333333333335,
                0.1288888888888889,
                0.13444444444444445,
                0.14
            ]
        },
        "7": {
            "ler": [
                0.0429,
                0.055,
                0.0635,
                0.0689,
                0.0859,
                0.0931,
                0.1045,
                0.1214,
                0.1315,
                0.1406
            ],
            "ler_eb": [
                NaN,
                NaN,
                NaN,
                NaN,
                NaN,
                NaN,
                NaN,
                NaN,
                NaN,
                NaN
            ],
            "per": [
                0.09,
                0.09555555555555556,
                0.10111111111111111,
                0.10666666666666667,
                0.11222222222222222,
                0.11777777777777779,
                0.12333333333333335,
                0.1288888888888889,
                0.13444444444444445,
                0.14
            ]
        },
        "9": {
            "ler": [
                0.0425,
                0.0487,
                0.0573,
                0.0663,
                0.0804,
                0.0936,
                0.0999,
                0.1237,
                0.1342,
                0.1459
            ],
            "ler_eb": [
                NaN,
                NaN,
                NaN,
                NaN,
                NaN,
                NaN,
                NaN,
                NaN,
                NaN,
                NaN
            ],
            "per": [
                0.09,
                0.09555555555555556,
                0.10111111111111111,
                0.10666666666666667,
                0.11222222222222222,
                0.11777777777777779,
                0.12333333333333335,
                0.1288888888888889,
                0.13444444444444445,
                0.14
            ]
        }
    },
    "distance_array": [
        7,
        9,
        11,
        13
    ],
    "ler_distances": [
        [
            0.0429,
            0.055,
            0.0635,
            0.0689,
            0.0859,
            0.0931,
            0.1045,
            0.1214,
            0.1315,
            0.1406
        ],
        [
            0.0425,
            0.0487,
            0.0573,
            0.0663,
            0.0804,
            0.0936,
            0.0999,
            0.1237,
            0.1342,
            0.1459
        ],
        [
            0.0274,
            0.0436,
            0.0547,
            0.0627,
            0.0736,
            0.0964,
            0.104,
            0.1258,
            0.1418,
            0.1538
        ],
        [
            0.0285,
            0.0382,
            0.0499,
            0.0622,
            0.0725,
            0.0874,
            0.1084,
            0.1243,
            0.1439,
            0.1617
        ]
    ],
    "n_runs": 10000,
    "per_list": [
        0.09,
        0.09555555555555556,
        0.10111111111111111,
        0.10666666666666667,
        0.11222222222222222,
        0.11777777777777779,
        0.12333333333333335,
        0.1288888888888889,
        0.13444444444444445,
        0.14
    ]
}
