{
    "bias": 300,
    "code": "XZZX",
    "data": {
        "3": {
            "ler": [
                0.048745222543527936,
                0.06283933239493264,
                0.07533751205400192,
                0.10358186074454641,
                0.13526674602315766,
                0.18301610541727673,
                0.24203698325104075,
                0.3000660145231951,
                0.36974044220956886,
                0.4253147329023477,
                0.4925137903861308
            ],
            "ler_eb": [
                0.0006847182717536251,
                0.000860307257937635,
                0.0010245139859846853,
                0.0013869283457161646,
                0.0017788819187767267,
                0.002339435386444514,
                0.0029800306913479184,
                0.0035502615460880744,
                0.0041511810422184756,
                0.004559743957805954,
                0.004961871531619697
            ],
            "ler_x": [
                0.043689713049281105,
                0.05087472350693746,
                0.05529773384763741,
                0.06291562221623749,
                0.06874256032896872,
                0.07898975109809664,
                0.08510020331106594,
                0.0885794874872472,
                0.0976854248317681,
                0.09280367471929228,
                0.09810874704491726
            ],
            "ler_z": [
                0.00524761885502821,
                0.01266840941081842,
                0.021305448408871747,
                0.04325578504692258,
                0.07161021534465967,
                0.11266471449487554,
                0.17073288798528416,
                0.23129088399447878,
                0.3025216298158693,
                0.3678121810139503,
                0.4371552403467297
            ],
            "per": [
                0.37,
                0.38,
                0.39,
                0.39999999999999997,
                0.41,
                0.42,
                0.43,
                0.44,
                0.44999999999999996,
                0.45999999999999996,
                0.47
            ],
            "ratio": 53.0
        }
    },
    "distance_array": [
        [
            3,
            159
        ],
        [
            5,
            265
        ],
        [
            7,
            371
        ]
    ],
    "ler_distances": [
        [
            0.048745222543527936,
            0.06283933239493264,
            0.07533751205400192,
            0.10358186074454641,
            0.13526674602315766,
            0.18301610541727673,
            0.24203698325104075,
            0.3000660145231951,
            0.36974044220956886,
            0.4253147329023477,
            0.4925137903861308
        ]
    ],
    "n_logical_errors": 5000,
    "n_runs": 100000,
    "per_list": [
        0.37,
        0.38,
        0.39,
        0.39999999999999997,
        0.41,
        0.42,
        0.43,
        0.44,
        0.44999999999999996,
        0.45999999999999996,
        0.47
    ]
}
