{
    "bias": 300,
    "code": "XZZX",
    "data": {
        "7": {
            "ler": [
                0.01028,
                0.01585,
                0.0262,
                0.04528,
                0.08643191757852339,
                0.1480253419385399,
                0.2515343595935205,
                0.34916201117318435,
                0.46070211001566386,
                0.5438329345225147,
                0.589900896649363
            ],
            "ler_eb": [
                0.0003189721241738845,
                0.0003949528769359707,
                0.0005051094930804608,
                0.0006574931300021317,
                0.001168314065469721,
                0.0019322548642141959,
                0.00307750133470435,
                0.003983624836559714,
                0.004784643228207012,
                0.005194484636475922,
                0.005342425368945397
            ],
            "ler_x": [
                0.01001,
                0.01453,
                0.02071,
                0.03063,
                0.04421856903317257,
                0.060868020605127596,
                0.08184928061173156,
                0.10460893854748603,
                0.12641665898829815,
                0.1596693495758103,
                0.18664464369985842
            ],
            "ler_z": [
                0.00027,
                0.00133,
                0.00557,
                0.01505,
                0.044045705198015525,
                0.09328557048966783,
                0.18497836804507495,
                0.27353351955307265,
                0.3834884363770386,
                0.4591037633239069,
                0.4971684756960831
            ],
            "per": [
                0.37,
                0.38,
                0.39,
                0.39999999999999997,
                0.41,
                0.42,
                0.43,
                0.44,
                0.44999999999999996,
                0.45999999999999996,
                0.47
            ],
            "ratio": 53.0
        }
    },
    "distance_array": [
        [
            3,
            159
        ],
        [
            5,
            265
        ],
        [
            7,
            371
        ]
    ],
    "ler_distances": [
        [
            0.048745222543527936,
            0.06283933239493264,
            0.07533751205400192,
            0.10358186074454641,
            0.13526674602315766,
            0.18301610541727673,
            0.24203698325104075,
            0.3000660145231951,
            0.36974044220956886,
            0.4253147329023477,
            0.4925137903861308
        ],
        [
            0.02342,
            0.03234,
            0.04591800928385952,
            0.07109240590920078,
            0.10840108401084012,
            0.16607985119245333,
            0.25456952293671403,
            0.33770093205457247,
            0.42122999157540014,
            0.5007009813739235,
            0.5398984990821726
        ],
        [
            0.01028,
            0.01585,
            0.0262,
            0.04528,
            0.08643191757852339,
            0.1480253419385399,
            0.2515343595935205,
            0.34916201117318435,
            0.46070211001566386,
            0.5438329345225147,
            0.589900896649363
        ]
    ],
    "n_logical_errors": 5000,
    "n_runs": 100000,
    "per_list": [
        0.37,
        0.38,
        0.39,
        0.39999999999999997,
        0.41,
        0.42,
        0.43,
        0.44,
        0.44999999999999996,
        0.45999999999999996,
        0.47
    ]
}
