{
    "bias": 300,
    "code": "XZZX",
    "data": {
        "5": {
            "ler": [
                0.02342,
                0.03234,
                0.04591800928385952,
                0.07109240590920078,
                0.10840108401084012,
                0.16607985119245333,
                0.25456952293671403,
                0.33770093205457247,
                0.42122999157540014,
                0.5007009813739235,
                0.5398984990821726
            ],
            "ler_eb": [
                0.00047824160839475267,
                0.0005594115157913715,
                0.0006627399666759833,
                0.0009690015380616477,
                0.0014475493841067963,
                0.0021448364346899054,
                0.00310831467643109,
                0.0038866401170813197,
                0.0045319727751210945,
                0.005003498762098237,
                0.005179095782570487
            ],
            "ler_x": [
                0.02214,
                0.02827,
                0.03553131548078562,
                0.047219576004891156,
                0.056997289972899726,
                0.07051750481631569,
                0.08879384960032585,
                0.10232338241253545,
                0.11356360572872788,
                0.1322851992789906,
                0.13853795486448547
            ],
            "ler_z": [
                0.00128,
                0.00423,
                0.010757647153183681,
                0.025067182323584195,
                0.05495934959349594,
                0.10267056400717466,
                0.18166081156763914,
                0.2609077401053627,
                0.3485256950294861,
                0.4246945724013619,
                0.46668826260662993
            ],
            "per": [
                0.37,
                0.38,
                0.39,
                0.39999999999999997,
                0.41,
                0.42,
                0.43,
                0.44,
                0.44999999999999996,
                0.45999999999999996,
                0.47
            ],
            "ratio": 53.0
        }
    },
    "distance_array": [
        [
            3,
            159
        ],
        [
            5,
            265
        ],
        [
            7,
            371
        ]
    ],
    "ler_distances": [
        [
            0.048745222543527936,
            0.06283933239493264,
            0.07533751205400192,
            0.10358186074454641,
            0.13526674602315766,
            0.18301610541727673,
            0.24203698325104075,
            0.3000660145231951,
            0.36974044220956886,
            0.4253147329023477,
            0.4925137903861308
        ],
        [
            0.02342,
            0.03234,
            0.04591800928385952,
            0.07109240590920078,
            0.10840108401084012,
            0.16607985119245333,
            0.25456952293671403,
            0.33770093205457247,
            0.42122999157540014,
            0.5007009813739235,
            0.5398984990821726
        ]
    ],
    "n_logical_errors": 5000,
    "n_runs": 100000,
    "per_list": [
        0.37,
        0.38,
        0.39,
        0.39999999999999997,
        0.41,
        0.42,
        0.43,
        0.44,
        0.44999999999999996,
        0.45999999999999996,
        0.47
    ]
}
