{
    "bias": 0.5,
    "data": {
        "13": {
            "ler": [
                0.03130968408528758,
                0.03980099502487562,
                0.05472255663784612,
                0.06888001102080177,
                0.08755800717975659,
                0.11219566924716706,
                0.13039509714434738,
                0.15117157974300832,
                0.17972681524083392,
                0.2028397565922921,
                0.24330900243309003,
                0.26441036488630354,
                0.2852253280091272,
                0.33123550844650546,
                0.35803795202291444,
                0.3732736095558044,
                0.39588281868566905,
                0.4444444444444444,
                0.45475216007276037,
                0.48053820278712156,
                0.5104645227156712
            ],
            "ler_eb": [
                0.0009744760384478279,
                0.0012333165385959705,
                0.0016824649547627455,
                0.0021018224811555027,
                0.0026448344958459025,
                0.0033429872720323354,
                0.0038452293810260743,
                0.004404332595483901,
                0.005147449989600552,
                0.005726983030569267,
                0.006692948167640424,
                0.007171273334950939,
                0.007625576208600968,
                0.008565909662379774,
                0.009071596843586651,
                0.009344719670909237,
                0.009730322786737794,
                0.010475656017578482,
                0.010618709688293393,
                0.010952284752593662,
                0.011294256577154327
            ],
            "ler_x": [
                0.015874009831240803,
                0.019820895522388058,
                0.026047936959614753,
                0.03561096569775451,
                0.046405743805270995,
                0.05912711769325704,
                0.06650149954361716,
                0.07770219198790627,
                0.09525521207764198,
                0.1050709939148073,
                0.12603406326034064,
                0.14489687995769435,
                0.15915573302909297,
                0.18946671083140113,
                0.1958467597565342,
                0.2030608435983576,
                0.21694378463974665,
                0.252,
                0.252387448840382,
                0.2676597789524267,
                0.3016845329249617
            ],
            "ler_z": [
                0.015748771094899652,
                0.02033830845771144,
                0.02949545802779906,
                0.03457776553244248,
                0.042990981525260485,
                0.0562100302928307,
                0.06780545051506064,
                0.07876039304610734,
                0.09202012940330698,
                0.10811359026369169,
                0.1347931873479319,
                0.14225277630883132,
                0.145750142612664,
                0.17456111295130838,
                0.19692087361260294,
                0.20977976857036207,
                0.22921615201900236,
                0.2608888888888889,
                0.26784902228285584,
                0.2864007688611245,
                0.3057682491066871
            ],
            "per": [
                0.08,
                0.085,
                0.09,
                0.095,
                0.1,
                0.105,
                0.11,
                0.11499999999999999,
                0.12,
                0.125,
                0.13,
                0.135,
                0.13999999999999999,
                0.145,
                0.15,
                0.15499999999999997,
                0.15999999999999998,
                0.16499999999999998,
                0.16999999999999998,
                0.175,
                0.18
            ]
        }
    },
    "distance_array": [
        5,
        9,
        13,
        17,
        21
    ],
    "ler_distances": [
        [
            0.07453230975627935,
            0.08721437292865865,
            0.09791442279447762,
            0.11291779584462511,
            0.12832028743744386,
            0.13655605626109518,
            0.14784151389710232,
            0.175377060680463,
            0.1773049645390071,
            0.1915341888527102,
            0.2163565556036348,
            0.2175805047867711,
            0.244140625,
            0.26680896478121663,
            0.277623542476402,
            0.28901734104046245,
            0.3096934035305048,
            0.3309066843150232,
            0.3381805884342239,
            0.36536353671903543,
            0.37230081906180196
        ],
        [
            0.05048975058063213,
            0.061816158743895656,
            0.07502438292445045,
            0.08617718028266115,
            0.10461345329009311,
            0.12379301807378064,
            0.13995801259622112,
            0.16739203213927017,
            0.18358729575913346,
            0.20868113522537562,
            0.22972662531587412,
            0.2555583950932788,
            0.2727024815925825,
            0.29542097488921715,
            0.333667000333667,
            0.34083162917518744,
            0.35285815102328866,
            0.3799392097264438,
            0.4100041000410004,
            0.41476565740356697,
            0.46253469010175763
        ],
        [
            0.03130968408528758,
            0.03980099502487562,
            0.05472255663784612,
            0.06888001102080177,
            0.08755800717975659,
            0.11219566924716706,
            0.13039509714434738,
            0.15117157974300832,
            0.17972681524083392,
            0.2028397565922921,
            0.24330900243309003,
            0.26441036488630354,
            0.2852253280091272,
            0.33123550844650546,
            0.35803795202291444,
            0.3732736095558044,
            0.39588281868566905,
            0.4444444444444444,
            0.45475216007276037,
            0.48053820278712156,
            0.5104645227156712
        ]
    ],
    "n_logical_errors": 1000,
    "n_runs": 1000000,
    "per_list": [
        0.08,
        0.085,
        0.09,
        0.095,
        0.1,
        0.105,
        0.11,
        0.11499999999999999,
        0.12,
        0.125,
        0.13,
        0.135,
        0.13999999999999999,
        0.145,
        0.15,
        0.15499999999999997,
        0.15999999999999998,
        0.16499999999999998,
        0.16999999999999998,
        0.175,
        0.18
    ]
}
