{
    "bias": 0.5,
    "data": {
        "9": {
            "ler": [
                0.05048975058063213,
                0.061816158743895656,
                0.07502438292445045,
                0.08617718028266115,
                0.10461345329009311,
                0.12379301807378064,
                0.13995801259622112,
                0.16739203213927017,
                0.18358729575913346,
                0.20868113522537562,
                0.22972662531587412,
                0.2555583950932788,
                0.2727024815925825,
                0.29542097488921715,
                0.333667000333667,
                0.34083162917518744,
                0.35285815102328866,
                0.3799392097264438,
                0.4100041000410004,
                0.41476565740356697,
                0.46253469010175763
            ],
            "ler_eb": [
                0.0015557974445684062,
                0.0018934157649798716,
                0.002281747452625158,
                0.0026050932844027754,
                0.003130349442583491,
                0.0036643715774919484,
                0.00410447480304905,
                0.004830088219916768,
                0.005245628156808041,
                0.0058702818056689835,
                0.006375786649155987,
                0.006972772093997785,
                0.007354364367207984,
                0.007841627029584755,
                0.008613088666115673,
                0.008750604803890422,
                0.008976352456068457,
                0.009460873808558196,
                0.009958930383283006,
                0.010033852010285532,
                0.010723079593289796
            ],
            "ler_x": [
                0.025396344542057962,
                0.03202077022933795,
                0.03766224022807412,
                0.04239917269906929,
                0.055654357150329535,
                0.06511512750680862,
                0.07599720083974808,
                0.08905256109809173,
                0.09675050486506334,
                0.11581803005008347,
                0.11578221915920055,
                0.14157935088167647,
                0.14453231524406873,
                0.1621861152141802,
                0.1828495161828495,
                0.18779822767552828,
                0.19124911785462245,
                0.21466565349544073,
                0.23862238622386223,
                0.22521775197013688,
                0.257631822386679
            ],
            "ler_z": [
                0.025951731798444917,
                0.03115534400692341,
                0.03901267912071423,
                0.04610479145122372,
                0.051992886285176274,
                0.06164892300074276,
                0.06983904828551435,
                0.08620689655172414,
                0.097668441343859,
                0.10601001669449082,
                0.12795773030094187,
                0.1339125990288781,
                0.14862285246795745,
                0.15923190546528804,
                0.18651985318651984,
                0.18711656441717792,
                0.2025405786873677,
                0.20896656534954408,
                0.22550225502255022,
                0.24097884695147243,
                0.2719703977798335
            ],
            "per": [
                0.08,
                0.085,
                0.09,
                0.095,
                0.1,
                0.105,
                0.11,
                0.11499999999999999,
                0.12,
                0.125,
                0.13,
                0.135,
                0.13999999999999999,
                0.145,
                0.15,
                0.15499999999999997,
                0.15999999999999998,
                0.16499999999999998,
                0.16999999999999998,
                0.175,
                0.18
            ]
        }
    },
    "distance_array": [
        5,
        9,
        13,
        17,
        21
    ],
    "ler_distances": [
        [
            0.07453230975627935,
            0.08721437292865865,
            0.09791442279447762,
            0.11291779584462511,
            0.12832028743744386,
            0.13655605626109518,
            0.14784151389710232,
            0.175377060680463,
            0.1773049645390071,
            0.1915341888527102,
            0.2163565556036348,
            0.2175805047867711,
            0.244140625,
            0.26680896478121663,
            0.277623542476402,
            0.28901734104046245,
            0.3096934035305048,
            0.3309066843150232,
            0.3381805884342239,
            0.36536353671903543,
            0.37230081906180196
        ],
        [
            0.05048975058063213,
            0.061816158743895656,
            0.07502438292445045,
            0.08617718028266115,
            0.10461345329009311,
            0.12379301807378064,
            0.13995801259622112,
            0.16739203213927017,
            0.18358729575913346,
            0.20868113522537562,
            0.22972662531587412,
            0.2555583950932788,
            0.2727024815925825,
            0.29542097488921715,
            0.333667000333667,
            0.34083162917518744,
            0.35285815102328866,
            0.3799392097264438,
            0.4100041000410004,
            0.41476565740356697,
            0.46253469010175763
        ]
    ],
    "n_logical_errors": 1000,
    "n_runs": 1000000,
    "per_list": [
        0.08,
        0.085,
        0.09,
        0.095,
        0.1,
        0.105,
        0.11,
        0.11499999999999999,
        0.12,
        0.125,
        0.13,
        0.135,
        0.13999999999999999,
        0.145,
        0.15,
        0.15499999999999997,
        0.15999999999999998,
        0.16499999999999998,
        0.16999999999999998,
        0.175,
        0.18
    ]
}
