{
    "bias": 0.5,
    "data": {
        "21": {
            "ler": [
                0.012110056190660724,
                0.01954881338702741,
                0.02920731351130323,
                0.043607186464329324,
                0.05887894488930758,
                0.07774840615767377,
                0.10456969570218551,
                0.1347708894878706,
                0.17117425539198905,
                0.20181634712411706,
                0.2506265664160401,
                0.29779630732578916,
                0.3351206434316354,
                0.36859565057132326,
                0.4086636697997548,
                0.4508566275924256,
                0.4701457451810061,
                0.5120327700972862,
                0.5305039787798409,
                0.5793742757821553,
                0.6090133982947625
            ],
            "ler_eb": [
                0.0003806277437187287,
                0.0006121155172535454,
                0.000910028220707925,
                0.0013485784608377519,
                0.0018062703944190953,
                0.0023611098989078224,
                0.003129116541071993,
                0.003964255670806318,
                0.004927992788219573,
                0.005701744544361966,
                0.006860823558830244,
                0.007891341948322752,
                0.008641171124177541,
                0.009261983241244068,
                0.009937641179532459,
                0.010565287791082203,
                0.010822079579568681,
                0.011310793807281503,
                0.011494884279714665,
                0.011882480856292161,
                0.012042254043810924
            ],
            "ler_x": [
                0.006176128657236969,
                0.009598467373030457,
                0.014632864069162919,
                0.023417059131344845,
                0.028615167216203486,
                0.037241486549525735,
                0.05353968419951898,
                0.06954177897574124,
                0.08798356727148236,
                0.10312815338042382,
                0.14085213032581453,
                0.1563430613460393,
                0.18934316353887398,
                0.20014743826022852,
                0.22721700040866366,
                0.2623985572587917,
                0.27926657263751764,
                0.3087557603686636,
                0.3092838196286472,
                0.35168018539976825,
                0.351400730816078
            ],
            "ler_z": [
                0.005970257701995737,
                0.010067638894319116,
                0.014808107950230737,
                0.02062619919762777,
                0.03091144606688648,
                0.0423728813559322,
                0.054167102373732096,
                0.06954177897574124,
                0.09192057514549812,
                0.10918264379414733,
                0.12531328320802004,
                0.1649791542584872,
                0.17928954423592494,
                0.21009952082565425,
                0.2341642827952595,
                0.2569882777276826,
                0.26704278326281145,
                0.296979006656426,
                0.31724137931034485,
                0.354577056778679,
                0.3867235079171742
            ],
            "per": [
                0.08,
                0.085,
                0.09,
                0.095,
                0.1,
                0.105,
                0.11,
                0.11499999999999999,
                0.12,
                0.125,
                0.13,
                0.135,
                0.13999999999999999,
                0.145,
                0.15,
                0.15499999999999997,
                0.15999999999999998,
                0.16499999999999998,
                0.16999999999999998,
                0.175,
                0.18
            ]
        }
    },
    "distance_array": [
        5,
        9,
        13,
        17,
        21
    ],
    "ler_distances": [
        [
            0.07453230975627935,
            0.08721437292865865,
            0.09791442279447762,
            0.11291779584462511,
            0.12832028743744386,
            0.13655605626109518,
            0.14784151389710232,
            0.175377060680463,
            0.1773049645390071,
            0.1915341888527102,
            0.2163565556036348,
            0.2175805047867711,
            0.244140625,
            0.26680896478121663,
            0.277623542476402,
            0.28901734104046245,
            0.3096934035305048,
            0.3309066843150232,
            0.3381805884342239,
            0.36536353671903543,
            0.37230081906180196
        ],
        [
            0.05048975058063213,
            0.061816158743895656,
            0.07502438292445045,
            0.08617718028266115,
            0.10461345329009311,
            0.12379301807378064,
            0.13995801259622112,
            0.16739203213927017,
            0.18358729575913346,
            0.20868113522537562,
            0.22972662531587412,
            0.2555583950932788,
            0.2727024815925825,
            0.29542097488921715,
            0.333667000333667,
            0.34083162917518744,
            0.35285815102328866,
            0.3799392097264438,
            0.4100041000410004,
            0.41476565740356697,
            0.46253469010175763
        ],
        [
            0.03130968408528758,
            0.03980099502487562,
            0.05472255663784612,
            0.06888001102080177,
            0.08755800717975659,
            0.11219566924716706,
            0.13039509714434738,
            0.15117157974300832,
            0.17972681524083392,
            0.2028397565922921,
            0.24330900243309003,
            0.26441036488630354,
            0.2852253280091272,
            0.33123550844650546,
            0.35803795202291444,
            0.3732736095558044,
            0.39588281868566905,
            0.4444444444444444,
            0.45475216007276037,
            0.48053820278712156,
            0.5104645227156712
        ],
        [
            0.02057782533541855,
            0.02729108673107363,
            0.040904814496666254,
            0.05398402072986396,
            0.0708114997875655,
            0.09345794392523364,
            0.11841326228537596,
            0.143143429716576,
            0.17661603673613563,
            0.20554984583761562,
            0.26308866087871613,
            0.271665308340125,
            0.30349013657056145,
            0.3589375448671931,
            0.3894080996884735,
            0.41841004184100417,
            0.4562043795620438,
            0.47438330170777987,
            0.4921259842519685,
            0.5449591280653951,
            0.5558643690939411
        ],
        [
            0.012110056190660724,
            0.01954881338702741,
            0.02920731351130323,
            0.043607186464329324,
            0.05887894488930758,
            0.07774840615767377,
            0.10456969570218551,
            0.1347708894878706,
            0.17117425539198905,
            0.20181634712411706,
            0.2506265664160401,
            0.29779630732578916,
            0.3351206434316354,
            0.36859565057132326,
            0.4086636697997548,
            0.4508566275924256,
            0.4701457451810061,
            0.5120327700972862,
            0.5305039787798409,
            0.5793742757821553,
            0.6090133982947625
        ]
    ],
    "n_logical_errors": 1000,
    "n_runs": 1000000,