{
    "bias": 0.5,
    "code": "ColourCode",
    "data": {
        "13": {
            "ler": [
                0.02709733362237156,
                0.03612299156166917,
                0.04593392863704847,
                0.05927049870197608,
                0.07239137673920283,
                0.09049937555430868,
                0.10878315166547005,
                0.12803113717256037,
                0.14705882352941177,
                0.16942260775277854,
                0.19899705484358832,
                0.2198672002110725,
                0.25255076270330334,
                0.2656183595410115,
                0.3018230109863576,
                0.3294675803900896,
                0.3524353281172905,
                0.3762510346903454,
                0.4062068405231944,
                0.42322668020992044,
                0.45438022537259176
            ],
            "ler_eb": [
                0.00037798646867508406,
                0.0005015445528772793,
                0.0006345090415282128,
                0.0008129914178678627,
                0.0009860165910609475,
                0.0012205682851617035,
                0.0014523401010142734,
                0.0016907565915332734,
                0.0019207269300323977,
                0.00218361672888611,
                0.0025187131128677973,
                0.0027463742141497303,
                0.0030878381870207043,
                0.003219096482230356,
                0.003566564731050464,
                0.0038153780292298324,
                0.004010846185391483,
                0.004202402245473793,
                0.004426697298796165,
                0.00454559372654065,
                0.004746565424595544
            ],
            "ler_x": [
                0.014036418816388467,
                0.01887787539012831,
                0.023922390034174842,
                0.03169786270581681,
                0.03793308141134228,
                0.04809136816955963,
                0.05824249940169267,
                0.07046833789977723,
                0.08020588235294118,
                0.09206424505285986,
                0.10964737721881716,
                0.1200914647552878,
                0.1450146479442368,
                0.1503399915002125,
                0.17071109501388385,
                0.18509488666315235,
                0.20448297737365193,
                0.21333433666942583,
                0.23470631245430174,
                0.2510580667005248,
                0.27708106143220645
            ],
            "ler_z": [
                0.01409061348363321,
                0.018747832620506298,
                0.024041818248631167,
                0.03063099372918124,
                0.03872938655547351,
                0.047964669043783596,
                0.05802493309836172,
                0.06905999539087906,
                0.07985294117647058,
                0.09219978313906207,
                0.11115975483562843,
                0.12299371179807396,
                0.13632690170724315,
                0.14986187845303867,
                0.17173729325123746,
                0.1901027938850817,
                0.20800733065482485,
                0.21965535405222364,
                0.2381996912828012,
                0.24750296258676147,
                0.2599054889131225
            ],
            "per": [
                0.08,
                0.085,
                0.09,
                0.095,
                0.1,
                0.105,
                0.11,
                0.11499999999999999,
                0.12,
                0.125,
                0.13,
                0.135,
                0.13999999999999999,
                0.145,
                0.15,
                0.15499999999999997,
                0.15999999999999998,
                0.16499999999999998,
                0.16999999999999998,
                0.175,
                0.18
            ],
            "ratio": null
        }
    },
    "distance_array": [
        3,
        5,
        7,
        9,
        11,
        13,
        17,
        21
    ],