{
    "bias": 0.5,
    "code": "ColourCode",
    "data": {
        "11": {
            "ler": [
                0.03352037703720091,
                0.043725404459991256,
                0.05395431148903109,
                0.0664019442489276,
                0.08292286515083669,
                0.10131917566718678,
                0.11814465631719477,
                0.13058921855411618,
                0.15738613113412447,
                0.17101032902387303,
                0.19854663860540842,
                0.2171175474401841,
                0.24295432458697766,
                0.2696726174424249,
                0.28687819151988064,
                0.3078438615933998,
                0.3365870077415012,
                0.3575003575003575,
                0.37678975131876413,
                0.3964478274659055,
                0.41642375281086036
            ],
            "ler_eb": [
                0.00046603683450724637,
                0.0006047002420428892,
                0.0007421594267109237,
                0.000907351920584007,
                0.001123032255076762,
                0.0013583427936179175,
                0.001569017388175789,
                0.0017220066792960039,
                0.0020431288628970806,
                0.0022019725468388415,
                0.0025137186311569503,
                0.0027168033361086724,
                0.0029895145618353846,
                0.0032591972135301715,
                0.0034260554789641447,
                0.003621992389267855,
                0.0038770761603414633,
                0.004052545722515815,
                0.004206601502811923,
                0.004355704903324161,
                0.004498827021141333
            ],
            "ler_x": [
                0.01716243304304687,
                0.02264975951027547,
                0.028120987148083004,
                0.034356365954395146,
                0.04449640943993897,
                0.05485420170621492,
                0.06367996975496798,
                0.07232030923526954,
                0.08520885139601499,
                0.09484232847664,
                0.11126553627447087,
                0.12006600373442182,
                0.13270165208940718,
                0.15123240386171188,
                0.16484020884732342,
                0.17664080778229282,
                0.19071019858633456,
                0.20649220649220648,
                0.21914091936699323,
                0.2352521408182683,
                0.24885483467977013
            ],
            "ler_z": [
                0.01797362616734713,
                0.0234892872759073,
                0.028822393197440406,
                0.03608281650486726,
                0.04424764084448646,
                0.05384100994954305,
                0.06377448548002174,
                0.06952569995821145,
                0.0868771443860367,
                0.09316642725220603,
                0.10792995274590002,
                0.1218029441139433,
                0.139067055393586,
                0.15214929076101613,
                0.1600780308680934,
                0.17602512005910603,
                0.19340289464826657,
                0.20763620763620763,
                0.22064807837226827,
                0.22922613384078655,
                0.24494045140334805
            ],
            "per": [
                0.08,
                0.085,
                0.09,
                0.095,
                0.1,
                0.105,
                0.11,
                0.11499999999999999,
                0.12,
                0.125,
                0.13,
                0.135,
                0.13999999999999999,
                0.145,
                0.15,
                0.15499999999999997,
                0.15999999999999998,
                0.16499999999999998,
                0.16999999999999998,
                0.175,
                0.18
            ],
            "ratio": null
        }
    },
    "distance_array": [
        3,
        5,
        7,
        9,
        11,
        13,
        17,
        21
    ],
    "ler_distances": [
        [
            0.07614522417153996,
            0.08654262224145391,
            0.08951109042410355,
            0.09909231440009512,
            0.11145538440962083,
            0.1198638346837992,
            0.12450819263907566,
            0.13684008867237746,
            0.14869004074107117,
            0.153275497378989,
            0.16363398350569447,
            0.17375590770086183,
            0.18298931342409602,
            0.19438612860586268,
            0.20132876988121604,
            0.21333788454153688,
            0.22356360384529397,
            0.22392404496394822,
            0.24030374393233048,
            0.25012506253126565,
            0.25621316935690497
        ],
        [
            0.06259780907668232,
            0.07593360365696235,
            0.08403078888104601,
            0.09557488292076842,
            0.10833766684000694,
            0.11760001881600302,
            0.12939623715742346,
            0.142138329021804,
            0.1531018433461939,
            0.1667778519012675,
            0.1827151470856934,
            0.1931098408774911,
            0.20233903929424144,
            0.22060445621001545,
            0.23110700254217703,
            0.2420721374969741,
            0.2589868434683518,
            0.2738675576491209,
            0.29051188193597116,
            0.29959853795913477,
            0.31061688513387586
        ],
        [
            0.05341195573217109,
            0.0628227518878237,
            0.07461350205933266,
            0.08672425156970895,
            0.10098561964776216,
            0.11495574203931487,
            0.12494689756853337,
            0.13995017773672572,
            0.1549955051303512,
            0.1688903901368012,
            0.19078872057083984,
            0.2021835826930853,
            0.22087732473384283,
            0.2338196782641227,
            0.24833614780967517,
            0.2712673611111111,
            0.29147720648245307,
            0.3113131187348235,
            0.3246331645240878,
            0.33613445378151263,
            0.34991951851074254
        ],
        [
            0.04237862761052346,
            0.0531231074892957,
            0.064086953178072,
            0.07758433417124415,
            0.09028530155290719,
            0.1051967178624027,
            0.12329240025644819,
            0.13749862501374988,
            0.15603058199407083,
            0.170870070398469,
            0.19675743743113489,
            0.2103580293659809,
            0.23211550067313494,
            0.24662128834961033,
            0.27227183620126333,
            0.29180040852057193,
            0.3105590062111801,
            0.32873109796186717,
            0.3571173487608028,
            0.3688947912055482,
            0.38825904643578196
        ],
        [
            0.03352037703720091,
            0.043725404459991256,
            0.05395431148903109,
            0.0664019442489276,
            0.08292286515083669,
            0.10131917566718678,
            0.11814465631719477,
            0.13058921855411618,
            0.15738613113412447,
            0.17101032902387303,
            0.19854663860540842,
            0.2171175474401841,
            0.24295432458697766,
            0.2696726174424249,
            0.28687819151988064,
            0.3078438615933998,
            0.3365870077415012,
            0.3575003575003575,
            0.37678975131876413,
            0.3964478274659055,
            0.41642375281086036
        ]
    ],
    "n_logical_errors": 5000,
    "n_runs": 1000000,