{
    "bias": 0.5,
    "data": {
        "9": {
            "ler": [
                0.04938686210694231,
                0.06446206407529169,
                0.08121101871101871,
                0.09971083856815235,
                0.12121799844840962,
                0.1438186734165564,
                0.16664167041610425,
                0.19592476489028213,
                0.21979471173923557,
                0.24566402987274602,
                0.2760372098158832
            ],
            "ler_eb": [
                0.0004815189012654188,
                0.000623497776276821,
                0.0007784358836072624,
                0.0009460920204080313,
                0.0011363384064908965,
                0.001330755146129158,
                0.0015212461798778472,
                0.0017568621136957155,
                0.0019414297658707604,
                0.0021336539319549786,
                0.0023486902854922775
            ],
            "ler_x": [
                0.025498436905814315,
                0.032566234770837366,
                0.04130392411642412,
                0.0509821517598963,
                0.06288789759503491,
                0.07333314157510211,
                0.08870336116249229,
                0.10650470219435737,
                0.1171945402993604,
                0.13069326389230088,
                0.14781792585640544
            ],
            "ler_z": [
                0.023888425201127998,
                0.03189582930445433,
                0.03990709459459459,
                0.04872868680825606,
                0.05833010085337471,
                0.0704855318414543,
                0.07793830925361196,
                0.08942006269592477,
                0.10260017143987515,
                0.11497076598044514,
                0.12821928395947774
            ],
            "per": [
                0.08,
                0.08600000000000001,
                0.092,
                0.098,
                0.10400000000000001,
                0.11000000000000001,
                0.116,
                0.12200000000000001,
                0.128,
                0.134,
                0.14
            ]
        }
    },
    "distance_array": [
        5,
        7,
        9,
        11,
        13
    ],
    "ler_distances": [
        [
            0.0775560536377667,
            0.09027144623884019,
            0.10497695755781605,
            0.11790228258819091,
            0.13631035140808592,
            0.15307840675994244,
            0.17019248770359277,
            0.18814675446848542,
            0.2075937804903365,
            0.2260500022605,
            0.24819438584299222
        ],
        [
            0.06141638466310042,
            0.07565727255532438,
            0.09302412115461539,
            0.11148769175882982,
            0.1303152325475325,
            0.1477061238958967,
            0.16990909863223175,
            0.19029857846961884,
            0.21500290253918428,
            0.23596035865974516,
            0.2591412060431729
        ],
        [
            0.04938686210694231,
            0.06446206407529169,
            0.08121101871101871,
            0.09971083856815235,
            0.12121799844840962,
            0.1438186734165564,
            0.16664167041610425,
            0.19592476489028213,
            0.21979471173923557,
            0.24566402987274602,
            0.2760372098158832
        ]
    ],
    "n_logical_errors": 10000,
    "n_runs": 1000000,
    "per_list": [
        0.08,
        0.08600000000000001,
        0.092,
        0.098,
        0.10400000000000001,
        0.11000000000000001,
        0.116,
        0.12200000000000001,
        0.128,
        0.134,
        0.14
    ]
}
