{
    "bias": 0.5,
    "code": "ColourCode",
    "data": {
        "9": {
            "ler": [
                0.04237862761052346,
                0.0531231074892957,
                0.064086953178072,
                0.07758433417124415,
                0.09028530155290719,
                0.1051967178624027,
                0.12329240025644819,
                0.13749862501374988,
                0.15603058199407083,
                0.170870070398469,
                0.19675743743113489,
                0.2103580293659809,
                0.23211550067313494,
                0.24662128834961033,
                0.27227183620126333,
                0.29180040852057193,
                0.3105590062111801,
                0.32873109796186717,
                0.3571173487608028,
                0.3688947912055482,
                0.38825904643578196
            ],
            "ler_eb": [
                0.0005864875554245985,
                0.0007310468809760488,
                0.0008768036992000673,
                0.0010537858684997326,
                0.0012178243591222432,
                0.0014072814791836377,
                0.0016325958603909555,
                0.0018058981417783957,
                0.002027160247708889,
                0.0022003526587478423,
                0.0024938453143093413,
                0.002643560191528033,
                0.0028765179728826524,
                0.0030272774931509104,
                0.003284749910770148,
                0.003472791655928384,
                0.0036467641563370074,
                0.0038089393036615598,
                0.004049410453121013,
                0.004144464301462178,
                0.004294576657871396
            ],
            "ler_x": [
                0.022206400867914294,
                0.028314616291794603,
                0.034055806918827466,
                0.04147658504794712,
                0.048699891657638134,
                0.05522827687776141,
                0.06702174877940524,
                0.07567924320756793,
                0.08519269776876268,
                0.09551636935274417,
                0.10805918463717928,
                0.11725356556859776,
                0.1297061417761478,
                0.14200453783170564,
                0.15492267479851884,
                0.16860227604318645,
                0.1782608695652174,
                0.19283366206443128,
                0.20919934290407827,
                0.21698391618710344,
                0.22534555055132785
            ],
            "ler_z": [
                0.02274037157580689,
                0.028218994698313873,
                0.03415834604391238,
                0.04201967538714583,
                0.048681834597327556,
                0.05888912265937303,
                0.06800808798145683,
                0.07427675723242767,
                0.08718988921828678,
                0.09459367097259244,
                0.11211238784826066,
                0.1178004964449493,
                0.1297061417761478,
                0.1379106244451021,
                0.1557939446743629,
                0.16585935220309309,
                0.17850931677018633,
                0.18974358974358974,
                0.20398542961217056,
                0.21299985244208353,
                0.2313247398664389
            ],
            "per": [
                0.08,
                0.085,
                0.09,
                0.095,
                0.1,
                0.105,
                0.11,
                0.11499999999999999,
                0.12,
                0.125,
                0.13,
                0.135,
                0.13999999999999999,
                0.145,
                0.15,
                0.15499999999999997,
                0.15999999999999998,
                0.16499999999999998,
                0.16999999999999998,
                0.175,
                0.18
            ],
            "ratio": null
        }
    },
    "distance_array": [
        3,
        5,
        7,
        9,
        11,
        13,
        17,
        21
    ],
    "ler_distances": [
        [
            0.07614522417153996,
            0.08654262224145391,
            0.08951109042410355,
            0.09909231440009512,
            0.11145538440962083,
            0.1198638346837992,
            0.12450819263907566,
            0.13684008867237746,
            0.14869004074107117,
            0.153275497378989,
            0.16363398350569447,
            0.17375590770086183,
            0.18298931342409602,
            0.19438612860586268,
            0.20132876988121604,
            0.21333788454153688,
            0.22356360384529397,
            0.22392404496394822,
            0.24030374393233048,
            0.25012506253126565,
            0.25621316935690497
        ],
        [
            0.06259780907668232,
            0.07593360365696235,
            0.08403078888104601,
            0.09557488292076842,
            0.10833766684000694,
            0.11760001881600302,
            0.12939623715742346,
            0.142138329021804,
            0.1531018433461939,
            0.1667778519012675,
            0.1827151470856934,
            0.1931098408774911,
            0.20233903929424144,
            0.22060445621001545,
            0.23110700254217703,
            0.2420721374969741,
            0.2589868434683518,
            0.2738675576491209,
            0.29051188193597116,
            0.29959853795913477,
            0.31061688513387586
        ],
        [
            0.05341195573217109,
            0.0628227518878237,
            0.07461350205933266,
            0.08672425156970895,
            0.10098561964776216,
            0.11495574203931487,
            0.12494689756853337,
            0.13995017773672572,
            0.1549955051303512,
            0.1688903901368012,
            0.19078872057083984,
            0.2021835826930853,
            0.22087732473384283,
            0.2338196782641227,
            0.24833614780967517,
            0.2712673611111111,
            0.29147720648245307,
            0.3113131187348235,
            0.3246331645240878,
            0.33613445378151263,
            0.34991951851074254
        ],
        [
            0.04237862761052346,
            0.0531231074892957,
            0.064086953178072,
            0.07758433417124415,
            0.09028530155290719,
            0.1051967178624027,
            0.12329240025644819,
            0.13749862501374988,
            0.15603058199407083,
            0.170870070398469,
            0.19675743743113489,
            0.2103580293659809,
            0.23211550067313494,
            0.24662128834961033,
            0.27227183620126333,
            0.29180040852057193,
            0.3105590062111801,
            0.32873109796186717,
            0.3571173487608028,
            0.3688947912055482,
            0.38825904643578196
        ]
    ],
    "n_logical_errors": 5000,
    "n_runs": 1000000,
    "per_list": [
        0.08,
        0.085,
        0.09,
        0.095,
        0.1,
        0.105,
        0.11,
        0.11499999999999999,
        0.12,
        0.125,
        0.13,
        0.135,
        0.13999999999999999,
        0.145,
        0.15,
        0.15499999999999997,
        0.15999999999999998,
        0.16499999999999998,
        0.16999999999999998,
        0.175,
        0.18
    ]
}
