{
    "bias": 0.5,
    "data": {
        "5": {
            "ler": [
                0.07453230975627935,
                0.08721437292865865,
                0.09791442279447762,
                0.11291779584462511,
                0.12832028743744386,
                0.13655605626109518,
                0.14784151389710232,
                0.175377060680463,
                0.1773049645390071,
                0.1915341888527102,
                0.2163565556036348,
                0.2175805047867711,
                0.244140625,
                0.26680896478121663,
                0.277623542476402,
                0.28901734104046245,
                0.3096934035305048,
                0.3309066843150232,
                0.3381805884342239,
                0.36536353671903543,
                0.37230081906180196
            ],
            "ler_eb": [
                0.0022673846955427917,
                0.0026349504881392006,
                0.002940834182532444,
                0.0033631351924571103,
                0.0037885567139445387,
                0.004012620057620858,
                0.00431575306543811,
                0.005036171290528695,
                0.005085578171152094,
                0.0054459937207496,
                0.006056605844129148,
                0.00608611019619024,
                0.006712133010230338,
                0.0072245198865857835,
                0.007461705141960298,
                0.007706432971112858,
                0.008136787361114128,
                0.008559509644693314,
                0.00869998344158407,
                0.009204235311179896,
                0.009327596969344739
            ],
            "ler_x": [
                0.038384139524483864,
                0.04325832897261469,
                0.049642612356800155,
                0.061540198735320684,
                0.06454510458103427,
                0.0740133824935136,
                0.0767297457125961,
                0.09522974394949141,
                0.09024822695035462,
                0.10381153035816894,
                0.11358719169190827,
                0.11270670147954744,
                0.13525390625,
                0.14674493062966915,
                0.1510272071071627,
                0.15433526011560694,
                0.16816351811706412,
                0.18960953011250828,
                0.19343929658437606,
                0.20752648885641212,
                0.21667907669396871
            ],
            "ler_z": [
                0.03756428411716479,
                0.045787545787545784,
                0.050034270047978065,
                0.054878048780487805,
                0.06775311176697035,
                0.06882425235559197,
                0.07776463630987582,
                0.08733777621887057,
                0.0950354609929078,
                0.09883164144799847,
                0.11272176546949372,
                0.11923411662315056,
                0.1259765625,
                0.1427427961579509,
                0.14686285397001667,
                0.1624277456647399,
                0.1684732115205946,
                0.171740569159497,
                0.17754480892796753,
                0.19546949214468395,
                0.19769173492181683
            ],
            "per": [
                0.08,
                0.085,
                0.09,
                0.095,
                0.1,
                0.105,
                0.11,
                0.11499999999999999,
                0.12,
                0.125,
                0.13,
                0.135,
                0.13999999999999999,
                0.145,
                0.15,
                0.15499999999999997,
                0.15999999999999998,
                0.16499999999999998,
                0.16999999999999998,
                0.175,
                0.18
            ]
        }
    },
    "distance_array": [
        5,
        9,
        13,
        17,
        21
    ],
    "ler_distances": [
        [
            0.07453230975627935,
            0.08721437292865865,
            0.09791442279447762,
            0.11291779584462511,
            0.12832028743744386,
            0.13655605626109518,
            0.14784151389710232,
            0.175377060680463,
            0.1773049645390071,
            0.1915341888527102,
            0.2163565556036348,
            0.2175805047867711,
            0.244140625,
            0.26680896478121663,
            0.277623542476402,
            0.28901734104046245,
            0.3096934035305048,
            0.3309066843150232,
            0.3381805884342239,
            0.36536353671903543,
            0.37230081906180196
        ]
    ],
    "n_logical_errors": 1000,
    "n_runs": 1000000,
    "per_list": [
        0.08,
        0.085,
        0.09,
        0.095,
        0.1,
        0.105,
        0.11,
        0.11499999999999999,
        0.12,
        0.125,
        0.13,
        0.135,
        0.13999999999999999,
        0.145,
        0.15,
        0.15499999999999997,
        0.15999999999999998,
        0.16499999999999998,
        0.16999999999999998,
        0.175,
        0.18
    ]
}
