{
    "bias": 0.5,
    "data": {
        "11": {
            "ler": [
                0.04013420879420783,
                0.05380828109446044,
                0.07209025700176622,
                0.08983999496896028,
                0.11297647829721852,
                0.13802050984776337,
                0.163025758069775,
                0.19166634722275463,
                0.22360859551441156,
                0.2527869764149751,
                0.28457598178713717
            ],
            "ler_eb": [
                0.0003932058429712674,
                0.0005234059919296396,
                0.0006944315457514496,
                0.0008570942719408858,
                0.0010640342337897145,
                0.0012814217571063325,
                0.0014914622814975692,
                0.0017232218632571095,
                0.0019702841021942957,
                0.002185128149376057,
                0.0024070216742414657
            ],
            "ler_x": [
                0.020219614390521907,
                0.02768974145120934,
                0.0370039289190066,
                0.04564770144372872,
                0.05838624398400253,
                0.07182587332477607,
                0.08501793283338767,
                0.10133399777667038,
                0.11967532031931308,
                0.1370105412169165,
                0.15526465566306205
            ],
            "ler_z": [
                0.019914594403685926,
                0.026118539643251098,
                0.03508632808275961,
                0.04419229352523156,
                0.05459023431321599,
                0.06619463652298732,
                0.07800782523638734,
                0.09033234944608426,
                0.1039332751950985,
                0.1157764351980586,
                0.12931132612407512
            ],
            "per": [
                0.08,
                0.08600000000000001,
                0.092,
                0.098,
                0.10400000000000001,
                0.11000000000000001,
                0.116,
                0.12200000000000001,
                0.128,
                0.134,
                0.14
            ]
        }
    },
    "distance_array": [
        5,
        7,
        9,
        11,
        13
    ],
    "ler_distances": [
        [
            0.0775560536377667,
            0.09027144623884019,
            0.10497695755781605,
            0.11790228258819091,
            0.13631035140808592,
            0.15307840675994244,
            0.17019248770359277,
            0.18814675446848542,
            0.2075937804903365,
            0.2260500022605,
            0.24819438584299222
        ],
        [
            0.06141638466310042,
            0.07565727255532438,
            0.09302412115461539,
            0.11148769175882982,
            0.1303152325475325,
            0.1477061238958967,
            0.16990909863223175,
            0.19029857846961884,
            0.21500290253918428,
            0.23596035865974516,
            0.2591412060431729
        ],
        [
            0.04938686210694231,
            0.06446206407529169,
            0.08121101871101871,
            0.09971083856815235,
            0.12121799844840962,
            0.1438186734165564,
            0.16664167041610425,
            0.19592476489028213,
            0.21979471173923557,
            0.24566402987274602,
            0.2760372098158832
        ],
        [
            0.04013420879420783,
            0.05380828109446044,
            0.07209025700176622,
            0.08983999496896028,
            0.11297647829721852,
            0.13802050984776337,
            0.163025758069775,
            0.19166634722275463,
            0.22360859551441156,
            0.2527869764149751,
            0.28457598178713717
        ]
    ],
    "n_logical_errors": 10000,
    "n_runs": 1000000,
    "per_list": [
        0.08,
        0.08600000000000001,
        0.092,
        0.098,
        0.10400000000000001,
        0.11000000000000001,
        0.116,
        0.12200000000000001,
        0.128,
        0.134,
        0.14
    ]
}
