{
    "bias": 0.5,
    "code": "ColourCode",
    "data": {
        "21": {
            "ler": [
                0.009726282945351907,
                0.015058970930162516,
                0.024058934766604274,
                0.033670487144608005,
                0.04616080578302575,
                0.06272738677706687,
                0.0820856317310218,
                0.1062902574350035,
                0.13092432573972243,
                0.16100466913540493,
                0.1918060457265613,
                0.23377594913035346,
                0.26847079037800686,
                0.3076733739462187,
                0.33779219024456153,
                0.3768749528906309,
                0.4094668741298829,
                0.44314455375343437,
                0.4751045229950589,
                0.5091131249363609,
                0.5391998274560552
            ],
            "ler_eb": [
                0.00013687985091007384,
                0.00021135640203309068,
                0.0003361268369363701,
                0.00046808747385209244,
                0.0006375671921917563,
                0.0008588259464744958,
                0.0011122008603582066,
                0.0014210413091971551,
                0.0017260927992564512,
                0.0020856106725319,
                0.0024385692242561503,
                0.0028939612834918047,
                0.003247340845555816,
                0.0036204322851185163,
                0.0038874225667609188,
                0.0042072650949255734,
                0.004449957908632312,
                0.004676615339305445,
                0.004867888006080965,
                0.005044521778616965,
                0.005176319312699552
            ],
            "ler_x": [
                0.004802838518414771,
                0.007683086968568916,
                0.01244328106128773,
                0.017272959905183908,
                0.02427135168071494,
                0.03295696901267093,
                0.04286511688993958,
                0.05629132033757786,
                0.06967792615868028,
                0.08703912413459991,
                0.10491790701242903,
                0.1274546474658687,
                0.15206185567010308,
                0.1724816934342502,
                0.19193352249695986,
                0.22009497248812843,
                0.23937433461632954,
                0.26021448196401664,
                0.2847776510832383,
                0.2995621627125547,
                0.32675509543836945
            ],
            "ler_z": [
                0.005057667131582991,
                0.007640921849964461,
                0.01211126776150859,
                0.017266225807754988,
                0.02346815366009029,
                0.032404968009032746,
                0.04325912792224849,
                0.055781127101889844,
                0.06975648075412412,
                0.0868781194654645,
                0.1035752646923431,
                0.1298859173368244,
                0.14572594501718214,
                0.17272783213340717,
                0.1903796784218349,
                0.21414034823245648,
                0.23446073212677093,
                0.2577328724629974,
                0.2757506651463322,
                0.3054678749618165,
                0.32244149681872103
            ],
            "per": [
                0.08,
                0.085,
                0.09,
                0.095,
                0.1,
                0.105,
                0.11,
                0.11499999999999999,
                0.12,
                0.125,
                0.13,
                0.135,
                0.13999999999999999,
                0.145,
                0.15,
                0.15499999999999997,
                0.15999999999999998,
                0.16499999999999998,
                0.16999999999999998,
                0.175,
                0.18
            ],
            "ratio": null
        }
    },
    "distance_array": [
        3,
        5,
        7,
        9,
        11,
        13,
        17,
        21
    ],