{
    "bias": 0.5,
    "data": {
        "17": {
            "ler": [
                0.02057782533541855,
                0.02729108673107363,
                0.040904814496666254,
                0.05398402072986396,
                0.0708114997875655,
                0.09345794392523364,
                0.11841326228537596,
                0.143143429716576,
                0.17661603673613563,
                0.20554984583761562,
                0.26308866087871613,
                0.271665308340125,
                0.30349013657056145,
                0.3589375448671931,
                0.3894080996884735,
                0.41841004184100417,
                0.4562043795620438,
                0.47438330170777987,
                0.4921259842519685,
                0.5449591280653951,
                0.5558643690939411
            ],
            "ler_eb": [
                0.0006439978876361702,
                0.0008511620999360983,
                0.0012667919150152291,
                0.001660406648823416,
                0.002158518155862623,
                0.0028139099853835524,
                0.0035158704987751717,
                0.004190110578472486,
                0.005067938511871692,
                0.005793626343701435,
                0.007141833975049164,
                0.007331615502003466,
                0.008009551838902965,
                0.009088015501442136,
                0.009622335606167163,
                0.010090450324546446,
                0.01063842418662075,
                0.01087586906315284,
                0.01109058087707514,
                0.011624897568998187,
                0.01171457789823977
            ],
            "ler_x": [
                0.009918511811671743,
                0.0134545057584193,
                0.02151593242524645,
                0.027423882530770893,
                0.03731766038804702,
                0.048598130841121495,
                0.06015393724097099,
                0.07300314915545376,
                0.09342988343341575,
                0.10955806783144913,
                0.14259405419626414,
                0.1447976093452866,
                0.1763277693474962,
                0.19633883704235464,
                0.20638629283489096,
                0.2393305439330544,
                0.26003649635036497,
                0.27561669829222013,
                0.29281496062992124,
                0.32752043596730246,
                0.3346303501945525
            ],
            "ler_z": [
                0.010762202650423902,
                0.014000327493040773,
                0.019593406143903137,
                0.027423882530770893,
                0.03505169239484492,
                0.04672897196261682,
                0.06193013617525163,
                0.07557973089035214,
                0.09095725891910986,
                0.10811921891058582,
                0.13759536963956853,
                0.15077424612876936,
                0.1544764795144158,
                0.20351758793969849,
                0.22546728971962618,
                0.22845188284518828,
                0.270985401459854,
                0.27751423149905124,
                0.28198818897637795,
                0.31662125340599456,
                0.3379655364091162
            ],
            "per": [
                0.08,
                0.085,
                0.09,
                0.095,
                0.1,
                0.105,
                0.11,
                0.11499999999999999,
                0.12,
                0.125,
                0.13,
                0.135,
                0.13999999999999999,
                0.145,
                0.15,
                0.15499999999999997,
                0.15999999999999998,
                0.16499999999999998,
                0.16999999999999998,
                0.175,
                0.18
            ]
        }
    },
    "distance_array": [
        5,
        9,
        13,
        17,
        21
    ],
    "ler_distances": [
        [
            0.07453230975627935,
            0.08721437292865865,
            0.09791442279447762,
            0.11291779584462511,
            0.12832028743744386,
            0.13655605626109518,
            0.14784151389710232,
            0.175377060680463,
            0.1773049645390071,
            0.1915341888527102,
            0.2163565556036348,
            0.2175805047867711,
            0.244140625,
            0.26680896478121663,
            0.277623542476402,
            0.28901734104046245,
            0.3096934035305048,
            0.3309066843150232,
            0.3381805884342239,
            0.36536353671903543,
            0.37230081906180196
        ],
        [
            0.05048975058063213,
            0.061816158743895656,
            0.07502438292445045,
            0.08617718028266115,
            0.10461345329009311,
            0.12379301807378064,
            0.13995801259622112,
            0.16739203213927017,
            0.18358729575913346,
            0.20868113522537562,
            0.22972662531587412,
            0.2555583950932788,
            0.2727024815925825,
            0.29542097488921715,
            0.333667000333667,
            0.34083162917518744,
            0.35285815102328866,
            0.3799392097264438,
            0.4100041000410004,
            0.41476565740356697,
            0.46253469010175763
        ],
        [
            0.03130968408528758,
            0.03980099502487562,
            0.05472255663784612,
            0.06888001102080177,
            0.08755800717975659,
            0.11219566924716706,
            0.13039509714434738,
            0.15117157974300832,
            0.17972681524083392,
            0.2028397565922921,
            0.24330900243309003,
            0.26441036488630354,
            0.2852253280091272,
            0.33123550844650546,
            0.35803795202291444,
            0.3732736095558044,
            0.39588281868566905,
            0.4444444444444444,
            0.45475216007276037,
            0.48053820278712156,
            0.5104645227156712
        ],
        [
            0.02057782533541855,
            0.02729108673107363,
            0.040904814496666254,
            0.05398402072986396,
            0.0708114997875655,
            0.09345794392523364,
            0.11841326228537596,
            0.143143429716576,
            0.17661603673613563,
            0.20554984583761562,
            0.26308866087871613,
            0.271665308340125,
            0.30349013657056145,
            0.3589375448671931,
            0.3894080996884735,
            0.41841004184100417,
            0.4562043795620438,
            0.47438330170777987,
            0.4921259842519685,
            0.5449591280653951,
            0.5558643690939411
        ]
    ],
    "n_logical_errors": 1000,
    "n_runs": 1000000,
    "per_list": [
        0.08,
        0.085,
        0.09,
        0.095,
        0.1,
        0.105,
        0.11,
        0.11499999999999999,
        0.12,
        0.125,
        0.13,
        0.135,
        0.13999999999999999,
        0.145,
        0.15,
        0.15499999999999997,
        0.15999999999999998,
        0.16499999999999998,
        0.16999999999999998,
        0.175,
        0.18
    ]
}
