{
    "bias": 0.5,
    "code": "ColourCode",
    "data": {
        "7": {
            "ler": [
                0.05341195573217109,
                0.0628227518878237,
                0.07461350205933266,
                0.08672425156970895,
                0.10098561964776216,
                0.11495574203931487,
                0.12494689756853337,
                0.13995017773672572,
                0.1549955051303512,
                0.1688903901368012,
                0.19078872057083984,
                0.2021835826930853,
                0.22087732473384283,
                0.2338196782641227,
                0.24833614780967517,
                0.2712673611111111,
                0.29147720648245307,
                0.3113131187348235,
                0.3246331645240878,
                0.33613445378151263,
                0.34991951851074254
            ],
            "ler_eb": [
                0.0007349097102055317,
                0.0008600878694420118,
                0.0010150653466052355,
                0.0011720780183239984,
                0.0013541221802264559,
                0.0015294249171967699,
                0.0016529422452811668,
                0.001835482539017846,
                0.002014946925799683,
                0.002177454499755389,
                0.0024271614030760085,
                0.0025539498803234077,
                0.002757204974383127,
                0.0028944200183846336,
                0.003044856085195704,
                0.0032748895025070572,
                0.003469736618791084,
                0.0036536195729663023,
                0.0037729213176438707,
                0.0038731836752669076,
                0.003989943347504565
            ],
            "ler_x": [
                0.028682220228175875,
                0.0343137870811293,
                0.040410672715334564,
                0.047125958302979845,
                0.05556228793019874,
                0.06400735716749052,
                0.07039508209011171,
                0.07803621910599827,
                0.08623949905452742,
                0.09619996622192198,
                0.10653642156675697,
                0.11556813586736757,
                0.12713698811679994,
                0.13430602319491208,
                0.14324029005662064,
                0.15467664930555555,
                0.16969802961408417,
                0.17894278064877653,
                0.18932606155044798,
                0.20121008403361346,
                0.20911190426201973
            ],
            "ler_z": [
                0.029141563047472546,
                0.03406249607357801,
                0.040709126723571895,
                0.047889131716793286,
                0.05521893682339635,
                0.06324864927003104,
                0.06732138840992578,
                0.07770033867943012,
                0.08778945410583093,
                0.09315993919945956,
                0.10966535658411874,
                0.11346542660735948,
                0.12453063568494058,
                0.13192106247661803,
                0.13981325121684712,
                0.15852864583333334,
                0.1689401888772298,
                0.18143328559865513,
                0.18835216205687574,
                0.19536134453781512,
                0.20190356218069844
            ],
            "per": [
                0.08,
                0.085,
                0.09,
                0.095,
                0.1,
                0.105,
                0.11,
                0.11499999999999999,
                0.12,
                0.125,
                0.13,
                0.135,
                0.13999999999999999,
                0.145,
                0.15,
                0.15499999999999997,
                0.15999999999999998,
                0.16499999999999998,
                0.16999999999999998,
                0.175,
                0.18
            ],
            "ratio": null
        }
    },
    "distance_array": [
        3,
        5,
        7,
        9,
        11,
        13,
        17,
        21
    ],
    "ler_distances": [
        [
            0.07614522417153996,
            0.08654262224145391,
            0.08951109042410355,
            0.09909231440009512,
            0.11145538440962083,
            0.1198638346837992,
            0.12450819263907566,
            0.13684008867237746,
            0.14869004074107117,
            0.153275497378989,
            0.16363398350569447,
            0.17375590770086183,
            0.18298931342409602,
            0.19438612860586268,
            0.20132876988121604,
            0.21333788454153688,
            0.22356360384529397,
            0.22392404496394822,
            0.24030374393233048,
            0.25012506253126565,
            0.25621316935690497
        ],
        [
            0.06259780907668232,
            0.07593360365696235,
            0.08403078888104601,
            0.09557488292076842,
            0.10833766684000694,
            0.11760001881600302,
            0.12939623715742346,
            0.142138329021804,
            0.1531018433461939,
            0.1667778519012675,
            0.1827151470856934,
            0.1931098408774911,
            0.20233903929424144,
            0.22060445621001545,
            0.23110700254217703,
            0.2420721374969741,
            0.2589868434683518,
            0.2738675576491209,
            0.29051188193597116,
            0.29959853795913477,
            0.31061688513387586
        ],
        [
            0.05341195573217109,
            0.0628227518878237,
            0.07461350205933266,
            0.08672425156970895,
            0.10098561964776216,
            0.11495574203931487,
            0.12494689756853337,
            0.13995017773672572,
            0.1549955051303512,
            0.1688903901368012,
            0.19078872057083984,
            0.2021835826930853,
            0.22087732473384283,
            0.2338196782641227,
            0.24833614780967517,
            0.2712673611111111,
            0.29147720648245307,
            0.3113131187348235,
            0.3246331645240878,
            0.33613445378151263,
            0.34991951851074254
        ]
    ],
    "n_logical_errors": 5000,
    "n_runs": 1000000,
    "per_list": [
        0.08,
        0.085,
        0.09,
        0.095,
        0.1,
        0.105,
        0.11,
        0.11499999999999999,
        0.12,
        0.125,
        0.13,
        0.135,
        0.13999999999999999,
        0.145,
        0.15,
        0.15499999999999997,
        0.15999999999999998,
        0.16499999999999998,
        0.16999999999999998,
        0.175,
        0.18
    ]
}
