{
    "bias": 0.5,
    "code": "ColourCode",
    "data": {
        "5": {
            "ler": [
                0.06259780907668232,
                0.07593360365696235,
                0.08403078888104601,
                0.09557488292076842,
                0.10833766684000694,
                0.11760001881600302,
                0.12939623715742346,
                0.142138329021804,
                0.1531018433461939,
                0.1667778519012675,
                0.1827151470856934,
                0.1931098408774911,
                0.20233903929424144,
                0.22060445621001545,
                0.23110700254217703,
                0.2420721374969741,
                0.2589868434683518,
                0.2738675576491209,
                0.29051188193597116,
                0.29959853795913477,
                0.31061688513387586
            ],
            "ler_eb": [
                0.0008571110874801814,
                0.0010322873316403096,
                0.001137349330858646,
                0.0012854200800119257,
                0.0014467539830702722,
                0.0015622665501675264,
                0.0017074457543462917,
                0.0018618077571973721,
                0.001992558180906855,
                0.0021529491696973277,
                0.002336018483184248,
                0.0024531641717676403,
                0.002555664557299586,
                0.002754280947715732,
                0.002865900151795639,
                0.002980394403191898,
                0.0031528670639627996,
                0.0033003766585691092,
                0.003460600457703778,
                0.003545914091130687,
                0.003647290698654591
            ],
            "ler_x": [
                0.03459154929577465,
                0.042629125093018666,
                0.04779671271553897,
                0.05514670744528338,
                0.06342087016814006,
                0.06691441070630572,
                0.07329002872596464,
                0.07931318759416664,
                0.08708432849531508,
                0.09549699799866578,
                0.10389183263292527,
                0.11126989031361038,
                0.11666869005705961,
                0.12892124420913303,
                0.13191587705107466,
                0.14083756959573954,
                0.15140370869159847,
                0.15911705099413923,
                0.17291267212829003,
                0.17304811552519625,
                0.18469279990060258
            ],
            "ler_z": [
                0.03492957746478873,
                0.042370950840584995,
                0.04598164767570838,
                0.051916276402561405,
                0.058307332293291735,
                0.06693793071006891,
                0.07334178722082761,
                0.08207067117718964,
                0.08745177291934594,
                0.09566377585056704,
                0.10586515622145076,
                0.11038158504557392,
                0.11735664279066003,
                0.12653871608206485,
                0.13561358909174948,
                0.1411280561607359,
                0.15036776131772506,
                0.16300597031275674,
                0.16803207251176572,
                0.1791599256995626,
                0.18233211157358514
            ],
            "per": [
                0.08,
                0.085,
                0.09,
                0.095,
                0.1,
                0.105,
                0.11,
                0.11499999999999999,
                0.12,
                0.125,
                0.13,
                0.135,
                0.13999999999999999,
                0.145,
                0.15,
                0.15499999999999997,
                0.15999999999999998,
                0.16499999999999998,
                0.16999999999999998,
                0.175,
                0.18
            ],
            "ratio": null
        }
    },
    "distance_array": [
        3,
        5,
        7,
        9,
        11,
        13,
        17,
        21
    ],
    "ler_distances": [
        [
            0.07614522417153996,
            0.08654262224145391,
            0.08951109042410355,
            0.09909231440009512,
            0.11145538440962083,
            0.1198638346837992,
            0.12450819263907566,
            0.13684008867237746,
            0.14869004074107117,
            0.153275497378989,
            0.16363398350569447,
            0.17375590770086183,
            0.18298931342409602,
            0.19438612860586268,
            0.20132876988121604,
            0.21333788454153688,
            0.22356360384529397,
            0.22392404496394822,
            0.24030374393233048,
            0.25012506253126565,
            0.25621316935690497
        ],
        [
            0.06259780907668232,
            0.07593360365696235,
            0.08403078888104601,
            0.09557488292076842,
            0.10833766684000694,
            0.11760001881600302,
            0.12939623715742346,
            0.142138329021804,
            0.1531018433461939,
            0.1667778519012675,
            0.1827151470856934,
            0.1931098408774911,
            0.20233903929424144,
            0.22060445621001545,
            0.23110700254217703,
            0.2420721374969741,
            0.2589868434683518,
            0.2738675576491209,
            0.29051188193597116,
            0.29959853795913477,
            0.31061688513387586
        ]
    ],
    "n_logical_errors": 5000,
    "n_runs": 1000000,
    "per_list": [
        0.08,
        0.085,
        0.09,
        0.095,
        0.1,
        0.105,
        0.11,
        0.11499999999999999,
        0.12,
        0.125,
        0.13,
        0.135,
        0.13999999999999999,
        0.145,
        0.15,
        0.15499999999999997,
        0.15999999999999998,
        0.16499999999999998,
        0.16999999999999998,
        0.175,
        0.18
    ]
}
