{
    "bias": 0.5,
    "code": "ColourCode",
    "data": {
        "3": {
            "ler": [
                0.07614522417153996,
                0.08654262224145391,
                0.08951109042410355,
                0.09909231440009512,
                0.11145538440962083,
                0.1198638346837992,
                0.12450819263907566,
                0.13684008867237746,
                0.14869004074107117,
                0.153275497378989,
                0.16363398350569447,
                0.17375590770086183,
                0.18298931342409602,
                0.19438612860586268,
                0.20132876988121604,
                0.21333788454153688,
                0.22356360384529397,
                0.22392404496394822,
                0.24030374393233048,
                0.25012506253126565,
                0.25621316935690497
            ],
            "ler_eb": [
                0.001035045690594687,
                0.0011697395981267894,
                0.0012078949780239027,
                0.0013301331452945536,
                0.0014857839809115155,
                0.0015902964839634185,
                0.0016475513904165814,
                0.001797934953725341,
                0.001940174245601324,
                0.001994613691113164,
                0.002116346088595931,
                0.00223361728098309,
                0.0023391312666435466,
                0.0024674237234293397,
                0.002544514078262654,
                0.0026759444889136856,
                0.0027859225729018867,
                0.0027897664201950935,
                0.0029620714353605247,
                0.003063138454240149,
                0.0031249328454377653
            ],
            "ler_x": [
                0.044940911306042886,
                0.0510774556469061,
                0.05225657458959165,
                0.058821197827896465,
                0.06506765341833665,
                0.06988061562065494,
                0.07420688281288909,
                0.08133774870686117,
                0.08826240818389984,
                0.09034057815517611,
                0.0979513025265087,
                0.10453155407283847,
                0.10693895476504173,
                0.11527097426327658,
                0.11946849204751359,
                0.12714937918675598,
                0.1334674714956405,
                0.13516055354023915,
                0.1423078771567261,
                0.15177588794397198,
                0.15459902638995646
            ],
            "ler_z": [
                0.04437743664717349,
                0.05097360450021635,
                0.052632521169372885,
                0.05802845931269571,
                0.06564722141726667,
                0.07086349906506209,
                0.07358434184969372,
                0.08016092394427872,
                0.08992773664019985,
                0.09067778424940989,
                0.09755858096609504,
                0.10192521545732555,
                0.10968379446640317,
                0.11667055438923879,
                0.12039460438896718,
                0.12906942014762982,
                0.13547954393024816,
                0.13256303461865734,
                0.14735425577930505,
                0.15237618809404702,
                0.15649500384319753
            ],
            "per": [
                0.08,
                0.085,
                0.09,
                0.095,
                0.1,
                0.105,
                0.11,
                0.11499999999999999,
                0.12,
                0.125,
                0.13,
                0.135,
                0.13999999999999999,
                0.145,
                0.15,
                0.15499999999999997,
                0.15999999999999998,
                0.16499999999999998,
                0.16999999999999998,
                0.175,
                0.18
            ],
            "ratio": null
        }
    },
    "distance_array": [
        3,
        5,
        7,
        9,
        11,
        13,
        17,
        21
    ],
    "ler_distances": [
        [
            0.07614522417153996,
            0.08654262224145391,
            0.08951109042410355,
            0.09909231440009512,
            0.11145538440962083,
            0.1198638346837992,
            0.12450819263907566,
            0.13684008867237746,
            0.14869004074107117,
            0.153275497378989,
            0.16363398350569447,
            0.17375590770086183,
            0.18298931342409602,
            0.19438612860586268,
            0.20132876988121604,
            0.21333788454153688,
            0.22356360384529397,
            0.22392404496394822,
            0.24030374393233048,
            0.25012506253126565,
            0.25621316935690497
        ]
    ],
    "n_logical_errors": 5000,
    "n_runs": 1000000,
    "per_list": [
        0.08,
        0.085,
        0.09,
        0.095,
        0.1,
        0.105,
        0.11,
        0.11499999999999999,
        0.12,
        0.125,
        0.13,
        0.135,
        0.13999999999999999,
        0.145,
        0.15,
        0.15499999999999997,
        0.15999999999999998,
        0.16499999999999998,
        0.16999999999999998,
        0.175,
        0.18
    ]
}
