{
    "bias": 0.5,
    "code": "ColourCode",
    "data": {
        "17": {
            "ler": [
                0.016502630519304777,
                0.023872729703405208,
                0.03309066843150232,
                0.04505641062610388,
                0.06060532599604853,
                0.0768923199950789,
                0.09560046653027666,
                0.1179690449226123,
                0.141179128077705,
                0.17098108949150223,
                0.19804333188101556,
                0.2271385090628265,
                0.25889297364469527,
                0.2879189220315559,
                0.3215434083601286,
                0.35001750087504374,
                0.3861003861003861,
                0.40541636260439473,
                0.4383273428596476,
                0.4729474082482028,
                0.49880287310454907
            ],
            "ler_eb": [
                0.00023144871580439038,
                0.00033355718621831736,
                0.00046016482022789607,
                0.0006226735925320053,
                0.0008307107608555022,
                0.001044778301964633,
                0.0012857459775071963,
                0.0015668411710359712,
                0.0018502771625002322,
                0.0022016348773941717,
                0.0025081336422901183,
                0.0028239473979275675,
                0.003151923927012947,
                0.0034359744695724296,
                0.0037455503710418295,
                0.003990759802985709,
                0.004278227882991338,
                0.004421022726403734,
                0.004645743220909341,
                0.004855733290537072,
                0.004993996464463171
            ],
            "ler_x": [
                0.00832722736004119,
                0.012533183094287734,
                0.017227001985440107,
                0.023140972497566952,
                0.030823868801590285,
                0.03996862793344201,
                0.050534406607904245,
                0.06308984522461306,
                0.0746555229274904,
                0.09061997743049618,
                0.10821087653978691,
                0.12524417389724254,
                0.1440998291306374,
                0.16077392606242083,
                0.18218649517684887,
                0.19712985649282463,
                0.22162162162162163,
                0.23611448958079947,
                0.2620320855614973,
                0.28622777147181233,
                0.2957901037509976
            ],
            "ler_z": [
                0.008551663135103735,
                0.011926815759821241,
                0.017074784910655196,
                0.02355549147532711,
                0.03260566538587411,
                0.04099898502137606,
                0.050457926234680026,
                0.06273593808984522,
                0.07651908741811611,
                0.09506548575727525,
                0.10852774587079653,
                0.12669786035524463,
                0.14373737896753483,
                0.16175285039732812,
                0.18038585209003216,
                0.20112005600280014,
                0.2257142857142857,
                0.23806048812130057,
                0.25615849916717803,
                0.2797956867196368,
                0.3007781324820431
            ],
            "per": [
                0.08,
                0.085,
                0.09,
                0.095,
                0.1,
                0.105,
                0.11,
                0.11499999999999999,
                0.12,
                0.125,
                0.13,
                0.135,
                0.13999999999999999,
                0.145,
                0.15,
                0.15499999999999997,
                0.15999999999999998,
                0.16499999999999998,
                0.16999999999999998,
                0.175,
                0.18
            ],
            "ratio": null
        }
    },
    "distance_array": [
        3,
        5,
        7,
        9,
        11,
        13,
        17,
        21
    ],