{
    "bias": 0.5,
    "data": {
        "5": {
            "ler": [
                0.0775560536377667,
                0.09027144623884019,
                0.10497695755781605,
                0.11790228258819091,
                0.13631035140808592,
                0.15307840675994244,
                0.17019248770359277,
                0.18814675446848542,
                0.2075937804903365,
                0.2260500022605,
                0.24819438584299222
            ],
            "ler_eb": [
                0.0007448789387333434,
                0.0008610062687356377,
                0.0009931414088453078,
                0.0011073389143314535,
                0.001266798949890195,
                0.0014087552137398577,
                0.0015503475508230708,
                0.0016952568064238678,
                0.0018479417425607146,
                0.001988661964244348,
                0.0021520122333131856
            ],
            "ler_x": [
                0.04036017031309379,
                0.0455870803506143,
                0.05455652484279701,
                0.060707885304659495,
                0.07055423788882528,
                0.08082539876924962,
                0.08763211191857992,
                0.09904045155221072,
                0.11100039442818294,
                0.12188616121886162,
                0.13318110744334963
            ],
            "ler_z": [
                0.037195883324672906,
                0.04468436588822589,
                0.05042043271501905,
                0.05719439728353141,
                0.06575611351926065,
                0.07225300799069283,
                0.08256037578501285,
                0.0891063029162747,
                0.09659338606215358,
                0.10416384104163841,
                0.1150132783996426
            ],
            "per": [
                0.08,
                0.08600000000000001,
                0.092,
                0.098,
                0.10400000000000001,
                0.11000000000000001,
                0.116,
                0.12200000000000001,
                0.128,
                0.134,
                0.14
            ]
        }
    },
    "distance_array": [
        5,
        7,
        9,
        11,
        13
    ],
    "ler_distances": [
        [
            0.0775560536377667,
            0.09027144623884019,
            0.10497695755781605,
            0.11790228258819091,
            0.13631035140808592,
            0.15307840675994244,
            0.17019248770359277,
            0.18814675446848542,
            0.2075937804903365,
            0.2260500022605,
            0.24819438584299222
        ]
    ],
    "n_logical_errors": 10000,
    "n_runs": 1000000,
    "per_list": [
        0.08,
        0.08600000000000001,
        0.092,
        0.098,
        0.10400000000000001,
        0.11000000000000001,
        0.116,
        0.12200000000000001,
        0.128,
        0.134,
        0.14
    ]
}
