{
    "bias": 0.5,
    "data": {
        "13": {
            "ler": [
                0.03125722823402912,
                0.04524743560158728,
                0.061293664073944674,
                0.07996609437598458,
                0.1048987726843596,
                0.13175230566534915,
                0.1610617188506636,
                0.19193857965451055,
                0.2267727963353516,
                0.26342825531466507,
                0.2932551319648094
            ],
            "ler_eb": [
                0.00030764842879230455,
                0.0004421192120684385,
                0.0005938550561008379,
                0.0007670219659088666,
                0.0009924450804649925,
                0.001227665477481944,
                0.0014752218475896893,
                0.0017253788217645037,
                0.001994088908452815,
                0.0022608402849237747,
                0.0024653407415365742
            ],
            "ler_x": [
                0.015909929171120822,
                0.023021895234087607,
                0.030824583662786776,
                0.040942640320504105,
                0.05370817161439211,
                0.06818181818181818,
                0.08360713825537947,
                0.1017274472168906,
                0.11984942286323333,
                0.14169805853375833,
                0.1621700879765396
            ],
            "ler_z": [
                0.015347299062908298,
                0.02222554036749967,
                0.0304690804111579,
                0.03902345405548047,
                0.05119060106996748,
                0.06357048748353096,
                0.07745458059528411,
                0.09021113243761997,
                0.10692337347211829,
                0.12173019678090671,
                0.13108504398826978
            ],
            "per": [
                0.08,
                0.08600000000000001,
                0.092,
                0.098,
                0.10400000000000001,
                0.11000000000000001,
                0.116,
                0.12200000000000001,
                0.128,
                0.134,
                0.14
            ]
        }
    },
    "distance_array": [
        5,
        7,
        9,
        11,
        13
    ],
    "ler_distances": [
        [
            0.0775560536377667,
            0.09027144623884019,
            0.10497695755781605,
            0.11790228258819091,
            0.13631035140808592,
            0.15307840675994244,
            0.17019248770359277,
            0.18814675446848542,
            0.2075937804903365,
            0.2260500022605,
            0.24819438584299222
        ],
        [
            0.06141638466310042,
            0.07565727255532438,
            0.09302412115461539,
            0.11148769175882982,
            0.1303152325475325,
            0.1477061238958967,
            0.16990909863223175,
            0.19029857846961884,
            0.21500290253918428,
            0.23596035865974516,
            0.2591412060431729
        ],
        [
            0.04938686210694231,
            0.06446206407529169,
            0.08121101871101871,
            0.09971083856815235,
            0.12121799844840962,
            0.1438186734165564,
            0.16664167041610425,
            0.19592476489028213,
            0.21979471173923557,
            0.24566402987274602,
            0.2760372098158832
        ],
        [
            0.04013420879420783,
            0.05380828109446044,
            0.07209025700176622,
            0.08983999496896028,
            0.11297647829721852,
            0.13802050984776337,
            0.163025758069775,
            0.19166634722275463,
            0.22360859551441156,
            0.2527869764149751,
            0.28457598178713717
        ],
        [
            0.03125722823402912,
            0.04524743560158728,
            0.061293664073944674,
            0.07996609437598458,
            0.1048987726843596,
            0.13175230566534915,
            0.1610617188506636,
            0.19193857965451055,
            0.2267727963353516,
            0.26342825531466507,
            0.2932551319648094
        ]
    ],
    "n_logical_errors": 10000,
    "n_runs": 1000000,
    "per_list": [
        0.08,
        0.08600000000000001,
        0.092,
        0.098,
        0.10400000000000001,
        0.11000000000000001,
        0.116,
        0.12200000000000001,
        0.128,
        0.134,
        0.14
    ]
}
