{
    "bias": 0.5,
    "data": {
        "7": {
            "ler": [
                0.06141638466310042,
                0.07565727255532438,
                0.09302412115461539,
                0.11148769175882982,
                0.1303152325475325,
                0.1477061238958967,
                0.16990909863223175,
                0.19029857846961884,
                0.21500290253918428,
                0.23596035865974516,
                0.2591412060431729
            ],
            "ler_eb": [
                0.0005950051598984835,
                0.0007273897806932924,
                0.0008859178338110778,
                0.0010508933602146908,
                0.001215279340626031,
                0.001363619444824612,
                0.001548030320542662,
                0.0017123715156966235,
                0.0019049270480839579,
                0.0020625144202788444,
                0.002230510108612635
            ],
            "ler_x": [
                0.031205665047321324,
                0.03897106109324759,
                0.047460906613084775,
                0.05762798787013914,
                0.06765966873867886,
                0.07788543913030634,
                0.08840370401835018,
                0.10045861957411178,
                0.1136290339919589,
                0.12708824917413875,
                0.13858871699188888
            ],
            "ler_z": [
                0.0302107196157791,
                0.03668621146207679,
                0.04556321454153062,
                0.053859703888690685,
                0.06265556380885362,
                0.06982068476559038,
                0.08150539461388158,
                0.08983995889550705,
                0.10137386854722538,
                0.10887210948560642,
                0.12055248905128405
            ],
            "per": [
                0.08,
                0.08600000000000001,
                0.092,
                0.098,
                0.10400000000000001,
                0.11000000000000001,
                0.116,
                0.12200000000000001,
                0.128,
                0.134,
                0.14
            ]
        }
    },
    "distance_array": [
        5,
        7,
        9,
        11,
        13
    ],
    "ler_distances": [
        [
            0.0775560536377667,
            0.09027144623884019,
            0.10497695755781605,
            0.11790228258819091,
            0.13631035140808592,
            0.15307840675994244,
            0.17019248770359277,
            0.18814675446848542,
            0.2075937804903365,
            0.2260500022605,
            0.24819438584299222
        ],
        [
            0.06141638466310042,
            0.07565727255532438,
            0.09302412115461539,
            0.11148769175882982,
            0.1303152325475325,
            0.1477061238958967,
            0.16990909863223175,
            0.19029857846961884,
            0.21500290253918428,
            0.23596035865974516,
            0.2591412060431729
        ]
    ],
    "n_logical_errors": 10000,
    "n_runs": 1000000,
    "per_list": [
        0.08,
        0.08600000000000001,
        0.092,
        0.098,
        0.10400000000000001,
        0.11000000000000001,
        0.116,
        0.12200000000000001,
        0.128,
        0.134,
        0.14
    ]
}
