{
    "bias": 100,
    "code": "XZZX",
    "data": {
        "9": {
            "ler": [
                0.029248318221702253,
                0.055586436909394105,
                0.10141987829614604,
                0.16260162601626016,
                0.25380710659898476,
                0.4,
                0.4608294930875576,
                0.5780346820809249,
                0.5434782608695652,
                0.6451612903225806
            ],
            "ler_eb": [
                0.0028817411959162972,
                0.0054019423421467335,
                0.00961394179608764,
                0.014879589186627783,
                0.021924481555309985,
                0.030983866769659335,
                0.03383789434871711,
                0.03754847259445406,
                0.03672086547240088,
                0.03843118691492068
            ],
            "ler_x": [
                0.023398654577361802,
                0.03446359088382435,
                0.057809330628803245,
                0.06666666666666667,
                0.12436548223350254,
                0.144,
                0.18433179723502305,
                0.2832369942196532,
                0.22282608695652173,
                0.2903225806451613
            ],
            "ler_z": [
                0.007312079555425563,
                0.0216787103946637,
                0.04665314401622718,
                0.1040650406504065,
                0.15228426395939088,
                0.276,
                0.33640552995391704,
                0.3930635838150289,
                0.41304347826086957,
                0.49032258064516127
            ],
            "per": [
                0.35,
                0.3611111111111111,
                0.37222222222222223,
                0.3833333333333333,
                0.39444444444444443,
                0.40555555555555556,
                0.4166666666666667,
                0.4277777777777778,
                0.4388888888888889,
                0.45
            ],
            "ratio": 23.0
        }
    },
    "distance_array": [
        [
            5,
            115
        ],
        [
            7,
            161
        ],
        [
            9,
            207
        ]
    ],
    "ler_distances": [
        [
            0.08496176720475786,
            0.11210762331838565,
            0.1607717041800643,
            0.176056338028169,
            0.3184713375796178,
            0.2857142857142857,
            0.4149377593360996,
            0.4854368932038835,
            0.5524861878453039,
            0.5847953216374269
        ],
        [
            0.05467468562055768,
            0.0706713780918728,
            0.12121212121212122,
            0.19607843137254902,
            0.26525198938992045,
            0.36363636363636365,
            0.45248868778280543,
            0.5649717514124294,
            0.5780346820809249,
            0.6289308176100629
        ],
        [
            0.029248318221702253,
            0.055586436909394105,
            0.10141987829614604,
            0.16260162601626016,
            0.25380710659898476,
            0.4,
            0.4608294930875576,
            0.5780346820809249,
            0.5434782608695652,
            0.6451612903225806
        ]
    ],
    "n_logical_errors": 100,
    "n_runs": 10000,
    "per_list": [
        0.35,
        0.3611111111111111,
        0.37222222222222223,
        0.3833333333333333,
        0.39444444444444443,
        0.40555555555555556,
        0.4166666666666667,
        0.4277777777777778,
        0.4388888888888889,
        0.45
    ]
}
