{
    "bias": 100,
    "code": "XZZX",
    "data": {
        "3": {
            "ler": [
                0.04676501009208399,
                0.055259550760523524,
                0.06367885479947528,
                0.07443799315170463,
                0.08908685968819599,
                0.11199964160114688,
                0.12948000828672054,
                0.15888147442008263,
                0.19607074232383043,
                0.23465365121081283,
                0.27501237555690006,
                0.3162755392497944,
                0.35640459049112555,
                0.41165815906471265,
                0.4517119884361731,
                0.48496605237633367
            ],
            "ler_eb": [
                0.0006690643674224841,
                0.0007596648583193099,
                0.0008714102377346418,
                0.001012773696429472,
                0.001202450290637309,
                0.0014925820048498394,
                0.0017084689528203217,
                0.002060709904381341,
                0.0024862036980543233,
                0.002903162339027408,
                0.003311559266527581,
                0.003698462004425782,
                0.004043568045448155,
                0.004465464004436589,
                0.004730216184982759,
                0.004922030094789197
            ],
            "ler_x": [
                0.043983410823132466,
                0.04940086664308454,
                0.05425438428915294,
                0.060041685276164956,
                0.06620935412026727,
                0.07156777098313286,
                0.07639320488916511,
                0.08509691769939626,
                0.09525116662091683,
                0.10015017833677492,
                0.10598976953962928,
                0.11563033714972484,
                0.11932425689642882,
                0.12415610077391734,
                0.12801517752281147,
                0.1367604267701261
            ],
            "ler_z": [
                0.0029723948866774447,
                0.00614609126282278,
                0.01007399482927699,
                0.01543843977966354,
                0.024195991091314033,
                0.043299061443003384,
                0.0577739796975347,
                0.08118843342866222,
                0.1108976118583585,
                0.1494274450910456,
                0.18871349210714483,
                0.22727560250490228,
                0.2709387696913536,
                0.3283385476700148,
                0.3690486945523534,
                0.4042677012609117
            ],
            "per": [
                0.3,
                0.31,
                0.32,
                0.33,
                0.33999999999999997,
                0.35,
                0.36,
                0.37,
                0.38,
                0.39,
                0.4,
                0.41000000000000003,
                0.42000000000000004,
                0.43000000000000005,
                0.44,
                0.45
            ],
            "ratio": 23.0
        }
    },
    "distance_array": [
        [
            3,
            69
        ],
        [
            5,
            115
        ],
        [
            7,
            161
        ]
    ],
    "ler_distances": [
        [
            0.04676501009208399,
            0.055259550760523524,
            0.06367885479947528,
            0.07443799315170463,
            0.08908685968819599,
            0.11199964160114688,
            0.12948000828672054,
            0.15888147442008263,
            0.19607074232383043,
            0.23465365121081283,
            0.27501237555690006,
            0.3162755392497944,
            0.35640459049112555,
            0.41165815906471265,
            0.4517119884361731,
            0.48496605237633367
        ]
    ],
    "n_logical_errors": 5000,
    "n_runs": 100000,
    "per_list": [
        0.3,
        0.31,
        0.32,
        0.33,
        0.33999999999999997,
        0.35,
        0.36,
        0.37,
        0.38,
        0.39,
        0.4,
        0.41000000000000003,
        0.42000000000000004,
        0.43000000000000005,
        0.44,
        0.45
    ]
}
