{
    "bias": 100,
    "code": "XZZX",
    "data": {
        "7": {
            "ler": [
                0.00791,
                0.01197,
                0.01654,
                0.02278,
                0.03419,
                0.05194914363770096,
                0.07459680427290495,
                0.11164452383610583,
                0.16313745962347875,
                0.22324418448899405,
                0.2977785718539694,
                0.38031490073781093,
                0.4614248800295312,
                0.5194805194805194,
                0.5637614161686774,
                0.6023370678231539
            ],
            "ler_eb": [
                0.00028013268106381303,
                0.00034389997237568946,
                0.0004033166051627431,
                0.00047181640073231876,
                0.0005746393991017323,
                0.0007193744006769909,
                0.0010148473406027458,
                0.0014881469395486302,
                0.0021105505440935928,
                0.002782514325296437,
                0.00352894979132001,
                0.0042339318758606356,
                0.004788937280523415,
                0.005092602318573957,
                0.005265897297685947,
                0.0053717048665237075
            ],
            "ler_x": [
                0.00785,
                0.01154,
                0.01556,
                0.02012,
                0.02808,
                0.03772197120941473,
                0.04729437390902174,
                0.061851066205202636,
                0.07873013801429084,
                0.09697727374201902,
                0.11541897445059854,
                0.14269415075682665,
                0.16583610188261352,
                0.18514285714285714,
                0.2043071372195287,
                0.23382724972894833
            ],
            "ler_z": [
                6e-05,
                0.00043,
                0.001,
                0.0027,
                0.00628,
                0.014805085636229905,
                0.028630253479940918,
                0.05276320196494362,
                0.09181376227609384,
                0.14050988971737285,
                0.20767077601095826,
                0.27770594051874953,
                0.35603543743078625,
                0.4107012987012987,
                0.45360243544931783,
                0.4824719913263462
            ],
            "per": [
                0.3,
                0.31,
                0.32,
                0.33,
                0.33999999999999997,
                0.35,
                0.36,
                0.37,
                0.38,
                0.39,
                0.4,
                0.41000000000000003,
                0.42000000000000004,
                0.43000000000000005,
                0.44,
                0.45
            ],
            "ratio": 23.0
        }
    },
    "distance_array": [
        [
            3,
            69
        ],
        [
            5,
            115
        ],
        [
            7,
            161
        ]
    ],
    "ler_distances": [
        [
            0.04676501009208399,
            0.055259550760523524,
            0.06367885479947528,
            0.07443799315170463,
            0.08908685968819599,
            0.11199964160114688,
            0.12948000828672054,
            0.15888147442008263,
            0.19607074232383043,
            0.23465365121081283,
            0.27501237555690006,
            0.3162755392497944,
            0.35640459049112555,
            0.41165815906471265,
            0.4517119884361731,
            0.48496605237633367
        ],
        [
            0.01987,
            0.02782,
            0.03242,
            0.04195,
            0.05550804633444764,
            0.07712478790683326,
            0.10026268824319717,
            0.13561160835367508,
            0.185508106704263,
            0.2304784733105928,
            0.2992041170486506,
            0.3526093088857546,
            0.419639110365086,
            0.4762358319839985,
            0.5274818018778352,
            0.5616715344866322
        ],
        [
            0.00791,
            0.01197,
            0.01654,
            0.02278,
            0.03419,
            0.05194914363770096,
            0.07459680427290495,
            0.11164452383610583,
            0.16313745962347875,
            0.22324418448899405,
            0.2977785718539694,
            0.38031490073781093,
            0.4614248800295312,
            0.5194805194805194,
            0.5637614161686774,
            0.6023370678231539
        ]
    ],
    "n_logical_errors": 5000,
    "n_runs": 100000,
    "per_list": [
        0.3,
        0.31,
        0.32,
        0.33,
        0.33999999999999997,
        0.35,
        0.36,
        0.37,
        0.38,
        0.39,
        0.4,
        0.41000000000000003,
        0.42000000000000004,
        0.43000000000000005,
        0.44,
        0.45
    ]
}
