{
    "bias": 100,
    "code": "XZZX",
    "data": {
        "5": {
            "ler": [
                0.08496176720475786,
                0.11210762331838565,
                0.1607717041800643,
                0.176056338028169,
                0.3184713375796178,
                0.2857142857142857,
                0.4149377593360996,
                0.4854368932038835,
                0.5524861878453039,
                0.5847953216374269
            ],
            "ler_eb": [
                0.00812724135835945,
                0.010563681759840814,
                0.014728200049985164,
                0.015980870158902625,
                0.02629132141811066,
                0.02414726442081476,
                0.03173832423035579,
                0.03482187098136653,
                0.0369593774377044,
                0.0376820922790745
            ],
            "ler_x": [
                0.06287170773152082,
                0.07174887892376682,
                0.08520900321543408,
                0.08098591549295775,
                0.18152866242038215,
                0.11714285714285715,
                0.13278008298755187,
                0.16990291262135923,
                0.18232044198895028,
                0.1871345029239766
            ],
            "ler_z": [
                0.027187765505522515,
                0.04596412556053812,
                0.0819935691318328,
                0.1056338028169014,
                0.1751592356687898,
                0.19714285714285715,
                0.31950207468879666,
                0.3640776699029126,
                0.4530386740331492,
                0.4619883040935672
            ],
            "per": [
                0.35,
                0.3611111111111111,
                0.37222222222222223,
                0.3833333333333333,
                0.39444444444444443,
                0.40555555555555556,
                0.4166666666666667,
                0.4277777777777778,
                0.4388888888888889,
                0.45
            ],
            "ratio": 23.0
        }
    },
    "distance_array": [
        [
            5,
            115
        ],
        [
            7,
            161
        ],
        [
            9,
            207
        ]
    ],
    "ler_distances": [
        [
            0.08496176720475786,
            0.11210762331838565,
            0.1607717041800643,
            0.176056338028169,
            0.3184713375796178,
            0.2857142857142857,
            0.4149377593360996,
            0.4854368932038835,
            0.5524861878453039,
            0.5847953216374269
        ]
    ],
    "n_logical_errors": 100,
    "n_runs": 10000,
    "per_list": [
        0.35,
        0.3611111111111111,
        0.37222222222222223,
        0.3833333333333333,
        0.39444444444444443,
        0.40555555555555556,
        0.4166666666666667,
        0.4277777777777778,
        0.4388888888888889,
        0.45
    ]
}
