{
    "bias": 100,
    "code": "XZZX",
    "data": {
        "5": {
            "ler": [
                0.01987,
                0.02782,
                0.03242,
                0.04195,
                0.05550804633444764,
                0.07712478790683326,
                0.10026268824319717,
                0.13561160835367508,
                0.185508106704263,
                0.2304784733105928,
                0.2992041170486506,
                0.3526093088857546,
                0.419639110365086,
                0.4762358319839985,
                0.5274818018778352,
                0.5616715344866322
            ],
            "ler_eb": [
                0.0004413069577969511,
                0.0005200581467489958,
                0.0005600798478788537,
                0.0006339573921013936,
                0.0007630569414812647,
                0.0010478050112587704,
                0.0013449687941953054,
                0.001783061519326634,
                0.002367670559020666,
                0.002859273854296621,
                0.003542242862175257,
                0.004012287053898547,
                0.00452105743572731,
                0.004874218104042388,
                0.005127807916388962,
                0.005258928300917667
            ],
            "ler_x": [
                0.01939,
                0.02613,
                0.02897,
                0.03554,
                0.04378005575237947,
                0.05423415085608515,
                0.062323287011971366,
                0.07672904800650936,
                0.08915519608206879,
                0.10025813589010786,
                0.1160313565914667,
                0.1306064880112835,
                0.14091481326059588,
                0.1581102962186875,
                0.1741744909800612,
                0.18748595821163783
            ],
            "ler_z": [
                0.00051,
                0.00174,
                0.00355,
                0.00655,
                0.012227762908008574,
                0.024217183402745642,
                0.04074675650203533,
                0.06419853539462977,
                0.10596223054947501,
                0.14690697888817184,
                0.20513434264855485,
                0.2564174894217207,
                0.32370960973562735,
                0.378512239260882,
                0.4275767486021732,
                0.4629296787238823
            ],
            "per": [
                0.3,
                0.31,
                0.32,
                0.33,
                0.33999999999999997,
                0.35,
                0.36,
                0.37,
                0.38,
                0.39,
                0.4,
                0.41000000000000003,
                0.42000000000000004,
                0.43000000000000005,
                0.44,
                0.45
            ],
            "ratio": 23.0
        }
    },
    "distance_array": [
        [
            3,
            69
        ],
        [
            5,
            115
        ],
        [
            7,
            161
        ]
    ],
    "ler_distances": [
        [
            0.04676501009208399,
            0.055259550760523524,
            0.06367885479947528,
            0.07443799315170463,
            0.08908685968819599,
            0.11199964160114688,
            0.12948000828672054,
            0.15888147442008263,
            0.19607074232383043,
            0.23465365121081283,
            0.27501237555690006,
            0.3162755392497944,
            0.35640459049112555,
            0.41165815906471265,
            0.4517119884361731,
            0.48496605237633367
        ],
        [
            0.01987,
            0.02782,
            0.03242,
            0.04195,
            0.05550804633444764,
            0.07712478790683326,
            0.10026268824319717,
            0.13561160835367508,
            0.185508106704263,
            0.2304784733105928,
            0.2992041170486506,
            0.3526093088857546,
            0.419639110365086,
            0.4762358319839985,
            0.5274818018778352,
            0.5616715344866322
        ]
    ],
    "n_logical_errors": 5000,
    "n_runs": 100000,
    "per_list": [
        0.3,
        0.31,
        0.32,
        0.33,
        0.33999999999999997,
        0.35,
        0.36,
        0.37,
        0.38,
        0.39,
        0.4,
        0.41000000000000003,
        0.42000000000000004,
        0.43000000000000005,
        0.44,
        0.45
    ]
}
