{
    "bias": 100,
    "code": "XZZX",
    "data": {
        "7": {
            "ler": [
                0.05467468562055768,
                0.0706713780918728,
                0.12121212121212122,
                0.19607843137254902,
                0.26525198938992045,
                0.36363636363636365,
                0.45248868778280543,
                0.5649717514124294,
                0.5780346820809249,
                0.6289308176100629
            ],
            "ler_eb": [
                0.00531590166224846,
                0.006812840423521851,
                0.011362871109831418,
                0.01758072028477305,
                0.02273672239201577,
                0.029008146735180568,
                0.033481451284884334,
                0.03726365608841562,
                0.03754847259445406,
                0.03831160261307786
            ],
            "ler_x": [
                0.03827227993439038,
                0.04098939929328622,
                0.06545454545454546,
                0.09607843137254903,
                0.10079575596816977,
                0.10909090909090909,
                0.1493212669683258,
                0.2033898305084746,
                0.26011560693641617,
                0.22012578616352202
            ],
            "ler_z": [
                0.01694915254237288,
                0.03180212014134275,
                0.05696969696969697,
                0.11372549019607843,
                0.18037135278514588,
                0.28,
                0.3574660633484163,
                0.423728813559322,
                0.42196531791907516,
                0.5031446540880503
            ],
            "per": [
                0.35,
                0.3611111111111111,
                0.37222222222222223,
                0.3833333333333333,
                0.39444444444444443,
                0.40555555555555556,
                0.4166666666666667,
                0.4277777777777778,
                0.4388888888888889,
                0.45
            ],
            "ratio": 23.0
        }
    },
    "distance_array": [
        [
            5,
            115
        ],
        [
            7,
            161
        ],
        [
            9,
            207
        ]
    ],
    "ler_distances": [
        [
            0.08496176720475786,
            0.11210762331838565,
            0.1607717041800643,
            0.176056338028169,
            0.3184713375796178,
            0.2857142857142857,
            0.4149377593360996,
            0.4854368932038835,
            0.5524861878453039,
            0.5847953216374269
        ],
        [
            0.05467468562055768,
            0.0706713780918728,
            0.12121212121212122,
            0.19607843137254902,
            0.26525198938992045,
            0.36363636363636365,
            0.45248868778280543,
            0.5649717514124294,
            0.5780346820809249,
            0.6289308176100629
        ]
    ],
    "n_logical_errors": 100,
    "n_runs": 10000,
    "per_list": [
        0.35,
        0.3611111111111111,
        0.37222222222222223,
        0.3833333333333333,
        0.39444444444444443,
        0.40555555555555556,
        0.4166666666666667,
        0.4277777777777778,
        0.4388888888888889,
        0.45
    ]
}
