{
    "bias": 5,
    "code": "XZZX",
    "data": {
        "5": {
            "ler": [
                0.04725897920604915,
                0.06093845216331505,
                0.09099181073703366,
                0.10515247108307045,
                0.12091898428053205,
                0.18083182640144665,
                0.20408163265306123,
                0.20408163265306123,
                0.2557544757033248,
                0.2808988764044944
            ],
            "ler_eb": [
                0.004612875877505475,
                0.005905252168676439,
                0.00867533402743439,
                0.009947043212592389,
                0.01133728178658624,
                0.016366710632532377,
                0.018206991248974923,
                0.018206991248974923,
                0.02206385315426333,
                0.023820177078794608
            ],
            "ler_x": [
                0.034026465028355386,
                0.04631322364411944,
                0.06824385805277525,
                0.07360672975814932,
                0.07980652962515115,
                0.11573236889692586,
                0.1306122448979592,
                0.12040816326530612,
                0.1585677749360614,
                0.1544943820224719
            ],
            "ler_z": [
                0.014177693761814745,
                0.015843997562461912,
                0.02456778889899909,
                0.03890641430073607,
                0.04836759371221282,
                0.06690777576853527,
                0.08571428571428572,
                0.08775510204081632,
                0.11508951406649616,
                0.15730337078651685
            ],
            "per": [
                0.15,
                0.1611111111111111,
                0.17222222222222222,
                0.18333333333333332,
                0.19444444444444445,
                0.20555555555555555,
                0.21666666666666667,
                0.22777777777777777,
                0.23888888888888887,
                0.25
            ],
            "ratio": 3.0
        }
    },
    "distance_array": [
        [
            5,
            15
        ],
        [
            7,
            21
        ],
        [
            9,
            27
        ]
    ],
    "ler_distances": [
        [
            0.04725897920604915,
            0.06093845216331505,
            0.09099181073703366,
            0.10515247108307045,
            0.12091898428053205,
            0.18083182640144665,
            0.20408163265306123,
            0.20408163265306123,
            0.2557544757033248,
            0.2808988764044944
        ]
    ],
    "n_logical_errors": 100,
    "n_runs": 10000,
    "per_list": [
        0.15,
        0.1611111111111111,
        0.17222222222222222,
        0.18333333333333332,
        0.19444444444444445,
        0.20555555555555555,
        0.21666666666666667,
        0.22777777777777777,
        0.23888888888888887,
        0.25
    ]
}
