{
    "bias": 5,
    "code": "XZZX",
    "data": {
        "7": {
            "ler": [
                0.03245699448231094,
                0.043936731107205626,
                0.06891798759476224,
                0.08748906386701662,
                0.11918951132300358,
                0.1388888888888889,
                0.1724137931034483,
                0.228310502283105,
                0.2777777777777778,
                0.29850746268656714
            ],
            "ler_eb": [
                0.003192592143250855,
                0.004296067129340199,
                0.006650075191723975,
                0.008357431171860134,
                0.011186114951842616,
                0.012888343432476903,
                0.015684787108529035,
                0.020056132235601182,
                0.023606571822188817,
                0.025001537708350546
            ],
            "ler_x": [
                0.028237585199610515,
                0.03383128295254833,
                0.05099931082012405,
                0.0594925634295713,
                0.07866507747318235,
                0.07777777777777778,
                0.10172413793103448,
                0.1324200913242009,
                0.1388888888888889,
                0.16417910447761194
            ],
            "ler_z": [
                0.004219409282700422,
                0.01054481546572935,
                0.019297036526533425,
                0.02799650043744532,
                0.041716328963051254,
                0.06666666666666667,
                0.08275862068965517,
                0.1095890410958904,
                0.17222222222222222,
                0.16417910447761194
            ],
            "per": [
                0.15,
                0.1611111111111111,
                0.17222222222222222,
                0.18333333333333332,
                0.19444444444444445,
                0.20555555555555555,
                0.21666666666666667,
                0.22777777777777777,
                0.23888888888888887,
                0.25
            ],
            "ratio": 3.0
        }
    },
    "distance_array": [
        [
            5,
            15
        ],
        [
            7,
            21
        ],
        [
            9,
            27
        ]
    ],
    "ler_distances": [
        [
            0.04725897920604915,
            0.06093845216331505,
            0.09099181073703366,
            0.10515247108307045,
            0.12091898428053205,
            0.18083182640144665,
            0.20408163265306123,
            0.20408163265306123,
            0.2557544757033248,
            0.2808988764044944
        ],
        [
            0.03245699448231094,
            0.043936731107205626,
            0.06891798759476224,
            0.08748906386701662,
            0.11918951132300358,
            0.1388888888888889,
            0.1724137931034483,
            0.228310502283105,
            0.2777777777777778,
            0.29850746268656714
        ]
    ],
    "n_logical_errors": 100,
    "n_runs": 10000,
    "per_list": [
        0.15,
        0.1611111111111111,
        0.17222222222222222,
        0.18333333333333332,
        0.19444444444444445,
        0.20555555555555555,
        0.21666666666666667,
        0.22777777777777777,
        0.23888888888888887,
        0.25
    ]
}
