{
    "bias": 5,
    "code": "XZZX",
    "data": {
        "9": {
            "ler": [
                0.01709986320109439,
                0.034013605442176874,
                0.05497526113249038,
                0.06591957811470006,
                0.07541478129713423,
                0.1297016861219196,
                0.15432098765432098,
                0.2375296912114014,
                0.23255813953488372,
                0.3184713375796178
            ],
            "ler_eb": [
                0.0016953030127363252,
                0.0033430138387674593,
                0.005344276135120068,
                0.006370984580060384,
                0.0072515350254632365,
                0.01209984182395732,
                0.014191482645101894,
                0.020740984763062957,
                0.020372967227514725,
                0.02629132141811066
            ],
            "ler_x": [
                0.014192886456908345,
                0.026530612244897958,
                0.04068169323804288,
                0.051417270929466054,
                0.048265460030165915,
                0.07522697795071336,
                0.09259259259259259,
                0.12589073634204276,
                0.12558139534883722,
                0.18789808917197454
            ],
            "ler_z": [
                0.0029069767441860465,
                0.007823129251700681,
                0.014843320505772403,
                0.017139090309822018,
                0.02790346907993967,
                0.057068741893644616,
                0.06481481481481481,
                0.12826603325415678,
                0.12558139534883722,
                0.17197452229299362
            ],
            "per": [
                0.15,
                0.1611111111111111,
                0.17222222222222222,
                0.18333333333333332,
                0.19444444444444445,
                0.20555555555555555,
                0.21666666666666667,
                0.22777777777777777,
                0.23888888888888887,
                0.25
            ],
            "ratio": 3.0
        }
    },
    "distance_array": [
        [
            5,
            15
        ],
        [
            7,
            21
        ],
        [
            9,
            27
        ]
    ],
    "ler_distances": [
        [
            0.04725897920604915,
            0.06093845216331505,
            0.09099181073703366,
            0.10515247108307045,
            0.12091898428053205,
            0.18083182640144665,
            0.20408163265306123,
            0.20408163265306123,
            0.2557544757033248,
            0.2808988764044944
        ],
        [
            0.03245699448231094,
            0.043936731107205626,
            0.06891798759476224,
            0.08748906386701662,
            0.11918951132300358,
            0.1388888888888889,
            0.1724137931034483,
            0.228310502283105,
            0.2777777777777778,
            0.29850746268656714
        ],
        [
            0.01709986320109439,
            0.034013605442176874,
            0.05497526113249038,
            0.06591957811470006,
            0.07541478129713423,
            0.1297016861219196,
            0.15432098765432098,
            0.2375296912114014,
            0.23255813953488372,
            0.3184713375796178
        ]
    ],
    "n_logical_errors": 100,
    "n_runs": 10000,
    "per_list": [
        0.15,
        0.1611111111111111,
        0.17222222222222222,
        0.18333333333333332,
        0.19444444444444445,
        0.20555555555555555,
        0.21666666666666667,
        0.22777777777777777,
        0.23888888888888887,
        0.25
    ]
}
