{
    "bias": 100,
    "code": "ColourCode",
    "data": {
        "3": {
            "ler": [
                0.20644948181180064,
                0.21256695859195646,
                0.22483025315886507,
                0.22579479768786126,
                0.23513920240782543,
                0.23792529145848204,
                0.24512207079125403,
                0.24837315582931796,
                0.2603353118817036,
                0.26831231553528306,
                0.26962899050905953,
                0.2730151796439882,
                0.2808357672433161,
                0.28992230082337933,
                0.2902420618796076,
                0.304228780042592,
                0.3085277057879798,
                0.31484163465776716,
                0.32586027111574556,
                0.3284072249589491,
                0.3364511136531862
            ],
            "ler_eb": [
                0.002600854665762932,
                0.002667580743099594,
                0.002799420604068796,
                0.002809680724289177,
                0.002908246670637505,
                0.0029373411004785395,
                0.003011866920599218,
                0.00304523487297096,
                0.0031663981312105615,
                0.003245775499367274,
                0.0032587672778140392,
                0.0032920351503670183,
                0.0033680726945225364,
                0.0034550119758148903,
                0.0034580437036271826,
                0.003588793949243118,
                0.003628244615149565,
                0.003685552811207328,
                0.0037837407596302054,
                0.00380610450431681,
                0.003875907735592769
            ],
            "ler_x": [
                0.20128824476650564,
                0.2069126774934104,
                0.2184450739691533,
                0.22051119942196531,
                0.22921369450714824,
                0.23345229597906259,
                0.23987645847632122,
                0.2430082956634047,
                0.2542434655836718,
                0.26305339415079154,
                0.26412855910267474,
                0.2662990062247461,
                0.2751628847450011,
                0.2834860257451003,
                0.2848435595286469,
                0.29838758746577426,
                0.30149327409601384,
                0.3086707386184749,
                0.32019030239833157,
                0.3218390804597701,
                0.3297220913801225
            ],
            "ler_z": [
                0.007143152070688302,
                0.008077544426494346,
                0.00867844777193219,
                0.0077221820809248555,
                0.00841798344620015,
                0.007090173685462765,
                0.007745857437003628,
                0.008096964880035766,
                0.00853899822971988,
                0.008317681781593774,
                0.008520276100086282,
                0.009664737359397182,
                0.008705908784542799,
                0.009161544706018787,
                0.008126777732629013,
                0.009370246425311835,
                0.010860175243736888,
                0.009948995655185441,
                0.008863399374348279,
                0.009852216748768473,
                0.01096830630509387
            ],
            "per": [
                0.25,
                0.255,
                0.26,
                0.265,
                0.27,
                0.275,
                0.27999999999999997,
                0.285,
                0.29,
                0.295,
                0.3,
                0.305,
                0.31,
                0.315,
                0.32,
                0.32499999999999996,
                0.32999999999999996,
                0.33499999999999996,
                0.33999999999999997,
                0.345,
                0.35
            ],
            "ratio": null
        }
    },
    "distance_array": [
        3,
        5,
        7,
        9,
        11,
        13,
        17,
        21
    ],
    "ler_distances": [
        [
            0.20644948181180064,
            0.21256695859195646,
            0.22483025315886507,
            0.22579479768786126,
            0.23513920240782543,
            0.23792529145848204,
            0.24512207079125403,
            0.24837315582931796,
            0.2603353118817036,
            0.26831231553528306,
            0.26962899050905953,
            0.2730151796439882,
            0.2808357672433161,
            0.28992230082337933,
            0.2902420618796076,
            0.304228780042592,
            0.3085277057879798,
            0.31484163465776716,
            0.32586027111574556,
            0.3284072249589491,
            0.3364511136531862
        ]
    ],
    "n_logical_errors": 5000,
    "n_runs": 1000000,
    "per_list": [
        0.25,
        0.255,
        0.26,
        0.265,
        0.27,
        0.275,
        0.27999999999999997,
        0.285,
        0.29,
        0.295,
        0.3,
        0.305,
        0.31,
        0.315,
        0.32,
        0.32499999999999996,
        0.32999999999999996,
        0.33499999999999996,
        0.33999999999999997,
        0.345,
        0.35
    ]
}
