{
    "bias": 100,
    "data": {
        "21": {
            "ler": [
                0.08426019548365352,
                0.095428953144384,
                0.10563008344776592,
                0.11399908800729594,
                0.14394702749388225,
                0.14419610670511895,
                0.16297262059973924,
                0.17749378771742988,
                0.20048115477145148,
                0.2050440844781628,
                0.22893772893772893,
                0.24783147459727387,
                0.2559508574353724,
                0.27107617240444565,
                0.29420417769932333,
                0.30864197530864196,
                0.33875338753387535,
                0.3590664272890485,
                0.3718854592785422,
                0.4004805766920304,
                0.4177109440267335
            ],
            "ler_eb": [
                0.002549814041553628,
                0.0028701295567784215,
                0.0031589751838813403,
                0.003393270343338753,
                0.004211657254087087,
                0.0042183310872516136,
                0.004715030225614023,
                0.005090409851859966,
                0.005668757873518673,
                0.00578121029141836,
                0.0063571447000808825,
                0.006796949435941804,
                0.006981639162020171,
                0.0073186742648597815,
                0.007816068864018599,
                0.008115335779286168,
                0.008710947111693618,
                0.009090364778552898,
                0.009320272742385914,
                0.009805801254342618,
                0.010079643399226358
            ],
            "ler_x": [
                0.030417930569598923,
                0.033400133600534405,
                0.03961128129291222,
                0.0393296853625171,
                0.05066935367784655,
                0.06027397260273973,
                0.06111473272490222,
                0.06904508342208023,
                0.07818765036086608,
                0.08283781012917778,
                0.09157509157509157,
                0.10582403965303594,
                0.10570770412080881,
                0.11439414475467606,
                0.12503677552221243,
                0.1330246913580247,
                0.14939024390243902,
                0.15547576301615798,
                0.16809222759390108,
                0.17861433720464556,
                0.19005847953216373
            ],
            "ler_z": [
                0.05603302999662959,
                0.06470083023189235,
                0.06950459490862998,
                0.07751937984496124,
                0.09874766086080322,
                0.08940158615717375,
                0.11065840938722295,
                0.11767838125665601,
                0.13311948676824378,
                0.13553413984006563,
                0.15132783882783882,
                0.16084262701363072,
                0.16892756590734578,
                0.17511520737327188,
                0.19476316563695203,
                0.2006172839506173,
                0.22560975609756098,
                0.23518850987432674,
                0.24246931944960953,
                0.2687224669603524,
                0.2807017543859649
            ],
            "per": [
                0.25,
                0.255,
                0.26,
                0.265,
                0.27,
                0.275,
                0.27999999999999997,
                0.285,
                0.29,
                0.295,
                0.3,
                0.305,
                0.31,
                0.315,
                0.32,
                0.32499999999999996,
                0.32999999999999996,
                0.33499999999999996,
                0.33999999999999997,
                0.345,
                0.35
            ]
        }
    },
    "distance_array": [
        5,
        9,
        13,
        17,
        21
    ],
    "ler_distances": [
        [
            0.18716077110237694,
            0.2074688796680498,
            0.21244954323348206,
            0.21436227224008575,
            0.22686025408348456,
            0.23052097740894423,
            0.23629489603024575,
            0.2518891687657431,
            0.24746349913387775,
            0.2525890376357666,
            0.26702269692923897,
            0.273000273000273,
            0.2881844380403458,
            0.29770765108663294,
            0.2976190476190476,
            0.3202049311559398,
            0.32310177705977383,
            0.3197953309881676,
            0.34965034965034963,
            0.350385423966363,
            0.3363605785401951
        ],
        [
            0.16463615409944024,
            0.16270745200130166,
            0.1762114537444934,
            0.18298261665141813,
            0.20601565718994644,
            0.20833333333333334,
            0.22799817601459188,
            0.23557126030624265,
            0.23299161230195714,
            0.2518257365902795,
            0.2545824847250509,
            0.27862914460852606,
            0.29036004645760743,
            0.2946375957572186,
            0.31201248049922,
            0.32615786040443573,
            0.3161555485298767,
            0.33288948069241014,
            0.3557452863749555,
            0.380517503805175,
            0.37735849056603776
        ],
        [
            0.13392259274139548,
            0.13976240391334732,
            0.14182385477237272,
            0.16318537859007834,
            0.17286084701815038,
            0.18158707100054475,
            0.19301293186643506,
            0.21123785382340515,
            0.21973192704900021,
            0.2360717658168083,
            0.25510204081632654,
            0.26171159382360637,
            0.2744990392533626,
            0.28360748723766305,
            0.29806259314456035,
            0.317359568390987,
            0.31525851197982346,
            0.3395585738539898,
            0.37425149700598803,
            0.37537537537537535,
            0.40338846308995563
        ],
        [
            0.10759629868732516,
            0.11492931846914148,
            0.13029315960912052,
            0.1358695652173913,
            0.15135462388375964,
            0.1571338780641106,
            0.18328445747800587,
            0.18768768768768768,
            0.2077274615704196,
            0.22416498542927596,
            0.23245002324500233,
            0.24044241404183697,
            0.26504108136761195,
            0.28604118993135014,
            0.293513354857646,
            0.32819166393173616,
            0.3454231433506045,
            0.3544842254519674,
            0.3762227238525207,
            0.3827018752391887,
            0.3992015968063872
        ],
        [
            0.08426019548365352,
            0.095428953144384,
            0.10563008344776592,
            0.11399908800729594,
            0.14394702749388225,
            0.14419610670511895,
            0.16297262059973924,
            0.17749378771742988,
            0.20048115477145148,
            0.2050440844781628,
            0.22893772893772893,
            0.24783147459727387,
            0.2559508574353724,
            0.27107617240444565,
            0.29420417769932333,
            0.30864197530864196,
            0.33875338753387535,
            0.3590664272890485,
            0.3718854592785422,
            0.4004805766920304,
            0.4177109440267335
        ]
    ],
    "n_logical_errors": 1000,
    "n_runs": 1000000,