{
    "bias": 100,
    "data": {
        "17": {
            "ler": [
                0.24993751562109473,
                0.27495188342040144,
                0.30676728633658507,
                0.33197224712014073,
                0.36774169823116243,
                0.39108330074305825,
                0.4150410890678177,
                0.4312761461163583,
                0.45148765181272293,
                0.4709206498704968,
                0.49024414158250806,
                0.5006759124818505,
                0.5158627805003869
            ],
            "ler_eb": [
                0.0021646125428794517,
                0.0023412086138464793,
                0.0025541627628589345,
                0.0027133075975857316,
                0.002924086041017586,
                0.0030517448071119197,
                0.003174342432984638,
                0.0032524165331622857,
                0.0033437906674179964,
                0.0034253751314901847,
                0.003500205358832857,
                0.003537919577701354,
                0.0035893716679365104
            ],
            "ler_x": [
                0.01139715071232192,
                0.014654935386307397,
                0.017117614577581448,
                0.02111343491684095,
                0.025484499687419556,
                0.029018380915134923,
                0.03336930356105255,
                0.04183378617328676,
                0.04451668246873448,
                0.0520367318106899,
                0.05887832140405922,
                0.06403644920642867,
                0.07098271859685323
            ],
            "ler_z": [
                0.2385403649087728,
                0.26029694803409403,
                0.28964967175900364,
                0.3108588122032998,
                0.34225719854374287,
                0.3620649198279233,
                0.38167178550676517,
                0.3894423599430715,
                0.40697096934398846,
                0.4188839180598069,
                0.4313658201784489,
                0.4366394632754218,
                0.4448800619035337
            ],
            "per": [
                0.28,
                0.29000000000000004,
                0.30000000000000004,
                0.31000000000000005,
                0.32,
                0.33,
                0.34,
                0.35000000000000003,
                0.36000000000000004,
                0.37,
                0.38,
                0.39,
                0.4
            ]
        }
    },
    "distance_array": [
        5,
        7,
        9,
        11,
        13,
        15,
        17,
        19,
        21,
        23,
        25,
        27,
        29
    ],
    "ler_distances": [
        [
            0.2338907730090048,
            0.25463434508046445,
            0.27247213972371326,
            0.2810567734682406,
            0.30320487553439857,
            0.3229661208539224,
            0.33641715727502103,
            0.34963812454109994,
            0.36863641390496554,
            0.37970838396111783,
            0.40246307401295933,
            0.42154961638984906,
            0.4355211009973433
        ],
        [
            0.22092124157737766,
            0.2421893921046258,
            0.25941683096399293,
            0.28025334902752086,
            0.3012411133871551,
            0.3206772703950744,
            0.34034442856170444,
            0.36689169357205753,
            0.38153376573826786,
            0.40022412551028574,
            0.4281005180016268,
            0.4429090264859598,
            0.45728918968355586
        ],
        [
            0.2189046013747209,
            0.2430251774083795,
            0.2637965600928564,
            0.2881180131381814,
            0.3127932436659368,
            0.33190613694447213,
            0.35450935904707886,
            0.3847189627976763,
            0.39971220721080825,
            0.42162071000927565,
            0.449842555105713,
            0.47021206564160434,
            0.4920049200492005
        ],
        [
            0.22842001873044154,
            0.2501626056937009,
            0.27269504513103,
            0.29515938606847697,
            0.31952965235173825,
            0.3413784863277916,
            0.3619778469557663,
            0.3928346951602766,
            0.4071827028787817,
            0.43185351528761445,
            0.44756747079622256,
            0.4596644449551827,
            0.4801459643731694
        ],
        [
            0.19251501617126135,
            0.22291076881924166,
            0.25333772452055836,
            0.27586206896551724,
            0.29912356794591843,
            0.32964135021097046,
            0.3548993860240622,
            0.37940585043821373,
            0.40898122776164575,
            0.43782837127845886,
            0.4600027600165601,
            0.4924895345973898,
            0.5108817819556555
        ],
        [
            0.23623907394283014,
            0.26633995632024715,
            0.2913243605430286,
            0.31604563698998134,
            0.3487844860660598,
            0.3772588372882635,
            0.4012358062833527,
            0.42000924020328445,
            0.44700728621876534,
            0.46968202526889297,
            0.49096622152395913,
            0.4995004995004995,
            0.5218661935079846
        ],
        [
            0.24993751562109473,
            0.27495188342040144,
            0.30676728633658507,
            0.33197224712014073,
            0.36774169823116243,
            0.39108330074305825,
            0.4150410890678177,
            0.4312761461163583,
            0.45148765181272293,
            0.4709206498704968,
            0.49024414158250806,
            0.5006759124818505,
            0.5158627805003869
        ]
    ],
    "n_logical_errors": 10000,
    "n_runs": 1000000,
    "per_list": [
        0.28,
        0.29000000000000004,
        0.30000000000000004,
        0.31000000000000005,
        0.32,
        0.33,
        0.34,
        0.35000000000000003,
        0.36000000000000004,
        0.37,
        0.38,
        0.39,
        0.4
    ]
}
