{
    "bias": 100,
    "data": {
        "5": {
            "ler": [
                0.1160265097369447,
                0.1301663004654747,
                0.143327256257668,
                0.15805528773965133,
                0.17258280522994934,
                0.1873732888134399,
                0.2016275374825592,
                0.21821292344217794,
                0.23720965538181266,
                0.25229080046825175,
                0.26917320757561075
            ],
            "ler_eb": [
                0.0004878562200504384,
                0.0005429147917102648,
                0.0005932684589154839,
                0.0006485833782021402,
                0.0007020609100036037,
                0.0007553847698611816,
                0.0008056893413130248,
                0.0008628587529431444,
                0.0009265096647682115,
                0.0009756246723657454,
                0.0010290916581190686
            ],
            "ler_x": [
                0.01671942005309373,
                0.019311472337057826,
                0.021444624081272286,
                0.02373042090123125,
                0.02711275870162504,
                0.03008840271766218,
                0.03283302820365994,
                0.035616713364232284,
                0.03965671018673144,
                0.043050902191902475,
                0.04730988296348935
            ],
            "ler_z": [
                0.09930708968385096,
                0.11085482812841686,
                0.12188263217639572,
                0.13432486683842007,
                0.1454700465283243,
                0.15728488609577773,
                0.16879450927889927,
                0.18259621007794566,
                0.1975529451950812,
                0.20923989827634926,
                0.2218633246121214
            ],
            "per": [
                0.2,
                0.21000000000000002,
                0.22,
                0.23,
                0.24,
                0.25,
                0.26,
                0.27,
                0.28,
                0.29,
                0.3
            ]
        }
    },
    "distance_array": [
        5,
        7,
        9,
        11,
        13,
        15,
        17,
        19,
        21,
        23,
        25,
        27,
        29
    ],
    "ler_distances": [
        [
            0.1160265097369447,
            0.1301663004654747,
            0.143327256257668,
            0.15805528773965133,
            0.17258280522994934,
            0.1873732888134399,
            0.2016275374825592,
            0.21821292344217794,
            0.23720965538181266,
            0.25229080046825175,
            0.26917320757561075
        ]
    ],
    "n_logical_errors": 50000,
    "n_runs": 1000000,
    "per_list": [
        0.2,
        0.21000000000000002,
        0.22,
        0.23,
        0.24,
        0.25,
        0.26,
        0.27,
        0.28,
        0.29,
        0.3
    ]
}
