{
    "bias": 100,
    "code": "ColourCode",
    "data": {
        "13": {
            "ler": [
                0.1286008230452675,
                0.1374154894739735,
                0.1463743083813929,
                0.1545212930341801,
                0.1697216564833673,
                0.18165964249382358,
                0.19415213761503514,
                0.2069365118781558,
                0.21936559470012723,
                0.23031922244230504,
                0.24253007372914243,
                0.25585917511001943,
                0.27436347673397715,
                0.28488405219075835,
                0.3047108294228777,
                0.30923371884470285,
                0.3288391976323578,
                0.3449703325514006,
                0.35755148741418763,
                0.36808009422850413,
                0.38179596823457546
            ],
            "ler_eb": [
                0.0016977249009889513,
                0.0018048932244477177,
                0.0019125535005615848,
                0.002009345732105358,
                0.0021870772081299334,
                0.002324023085346227,
                0.002464811453731941,
                0.0026061901562649714,
                0.0027409893984747698,
                0.0028575938577501446,
                0.0029851303090605835,
                0.0031213578314584424,
                0.0033052237316371874,
                0.0034069939912501376,
                0.0035932349869891352,
                0.003634690250731546,
                0.0038098850273892374,
                0.003948455341874734,
                0.004052964043606233,
                0.004137979619140083,
                0.004245337797063841
            ],
            "ler_x": [
                0.04058641975308642,
                0.043533227065354806,
                0.04713252729880851,
                0.050219420236108536,
                0.055431093007467756,
                0.06154628687690743,
                0.062245175319380265,
                0.06878569654829898,
                0.07699732373974466,
                0.07978257865401446,
                0.085128055878929,
                0.08914133660833078,
                0.10041703248463564,
                0.10164662982166259,
                0.11048814674873544,
                0.11596264456676356,
                0.12587964485366657,
                0.13481440596108735,
                0.1389445080091533,
                0.14480270906949352,
                0.15157299938912644
            ],
            "ler_z": [
                0.09179526748971194,
                0.09833452426757544,
                0.10451125618431453,
                0.11045182026083195,
                0.12135098438560761,
                0.1275614009591629,
                0.14153690832136062,
                0.14899428855227217,
                0.15403852059842935,
                0.1657377124694827,
                0.17253589445091191,
                0.184065090574148,
                0.19446883230904302,
                0.20414791179989744,
                0.21878237552562618,
                0.22023625456119736,
                0.2328181519237093,
                0.24299710224920656,
                0.2543621281464531,
                0.26148409893992935,
                0.27206780696395844
            ],
            "per": [
                0.25,
                0.255,
                0.26,
                0.265,
                0.27,
                0.275,
                0.27999999999999997,
                0.285,
                0.29,
                0.295,
                0.3,
                0.305,
                0.31,
                0.315,
                0.32,
                0.32499999999999996,
                0.32999999999999996,
                0.33499999999999996,
                0.33999999999999997,
                0.345,
                0.35
            ],
            "ratio": null
        }
    },
    "distance_array": [
        3,
        5,
        7,
        9,
        11,
        13,
        17,
        21
    ],