{
    "bias": 100,
    "data": {
        "7": {
            "ler": [
                0.0909552300166812,
                0.10505415541711752,
                0.1195360090273594,
                0.13507964295748773,
                0.15040353267817555,
                0.16862610197157638,
                0.18593719785205348,
                0.20360876169223313,
                0.22122327622823162,
                0.2416007499287278,
                0.2630499058281337
            ],
            "ler_eb": [
                0.0003878245619087263,
                0.00044445378738377275,
                0.0005016138845876252,
                0.0005618145226567443,
                0.0006199824327060792,
                0.0006876033616075879,
                0.0007502573085793859,
                0.0008125960317491276,
                0.0008730765004187748,
                0.000940940633073486,
                0.0010098856190907002
            ],
            "ler_x": [
                0.07132163406528039,
                0.08210192354158569,
                0.0934747683392145,
                0.10544046769975578,
                0.117341828124859,
                0.1315620847582239,
                0.14455129635414343,
                0.15844426617366197,
                0.17170465807730426,
                0.18727923731475263,
                0.20443712581150897
            ],
            "ler_z": [
                0.019633595951400802,
                0.022952231875531838,
                0.026061240688144898,
                0.029639175257731958,
                0.03306170455331655,
                0.037064017213352486,
                0.04138590149791006,
                0.04516449551857116,
                0.04951861815092737,
                0.05432151261397515,
                0.05861278001662475
            ],
            "per": [
                0.2,
                0.21000000000000002,
                0.22,
                0.23,
                0.24,
                0.25,
                0.26,
                0.27,
                0.28,
                0.29,
                0.3
            ]
        }
    },
    "distance_array": [
        5,
        7,
        9,
        11,
        13,
        15,
        17,
        19,
        21,
        23,
        25,
        27,
        29
    ],
    "ler_distances": [
        [
            0.1160265097369447,
            0.1301663004654747,
            0.143327256257668,
            0.15805528773965133,
            0.17258280522994934,
            0.1873732888134399,
            0.2016275374825592,
            0.21821292344217794,
            0.23720965538181266,
            0.25229080046825175,
            0.26917320757561075
        ],
        [
            0.0909552300166812,
            0.10505415541711752,
            0.1195360090273594,
            0.13507964295748773,
            0.15040353267817555,
            0.16862610197157638,
            0.18593719785205348,
            0.20360876169223313,
            0.22122327622823162,
            0.2416007499287278,
            0.2630499058281337
        ]
    ],
    "n_logical_errors": 50000,
    "n_runs": 1000000,
    "per_list": [
        0.2,
        0.21000000000000002,
        0.22,
        0.23,
        0.24,
        0.25,
        0.26,
        0.27,
        0.28,
        0.29,
        0.3
    ]
}
