{
    "bias": 100,
    "data": {
        "11": {
            "ler": [
                0.07357247330054945,
                0.08868959351785499,
                0.1044519510579938,
                0.1233794114308557,
                0.14142111247503916,
                0.16103474485655025,
                0.18176266158700616,
                0.20421082725806122,
                0.2260448925156536,
                0.248974226188105,
                0.2728364072901888
            ],
            "ler_eb": [
                0.00031669126092666625,
                0.00037863506154271374,
                0.0004420546878052892,
                0.0005166108524823147,
                0.0005860293261372249,
                0.0006596393803224961,
                0.0007352911151022912,
                0.000814690731459235,
                0.000889339499578594,
                0.0009649322236933797,
                0.001040479153390935
            ],
            "ler_x": [
                0.0071026865724350425,
                0.008604664363102291,
                0.010453551261884022,
                0.012068974026166305,
                0.014354242916216476,
                0.017256483258827924,
                0.019895740937313694,
                0.02295738120035124,
                0.026126268676959243,
                0.029717563637812215,
                0.033809887591400196
            ],
            "ler_z": [
                0.06646978672811439,
                0.0800849291547527,
                0.09399839979610979,
                0.1113104374046894,
                0.1270668695588227,
                0.14377826159772233,
                0.16186692064969246,
                0.18125344605771,
                0.19991862383869435,
                0.2192566625502928,
                0.2390265196987886
            ],
            "per": [
                0.2,
                0.21000000000000002,
                0.22,
                0.23,
                0.24,
                0.25,
                0.26,
                0.27,
                0.28,
                0.29,
                0.3
            ]
        }
    },
    "distance_array": [
        5,
        7,
        9,
        11,
        13,
        15,
        17,
        19,
        21,
        23,
        25,
        27,
        29
    ],
    "ler_distances": [
        [
            0.1160265097369447,
            0.1301663004654747,
            0.143327256257668,
            0.15805528773965133,
            0.17258280522994934,
            0.1873732888134399,
            0.2016275374825592,
            0.21821292344217794,
            0.23720965538181266,
            0.25229080046825175,
            0.26917320757561075
        ],
        [
            0.0909552300166812,
            0.10505415541711752,
            0.1195360090273594,
            0.13507964295748773,
            0.15040353267817555,
            0.16862610197157638,
            0.18593719785205348,
            0.20360876169223313,
            0.22122327622823162,
            0.2416007499287278,
            0.2630499058281337
        ],
        [
            0.07654810895551636,
            0.0898199827904913,
            0.10472542042020028,
            0.12115602230240058,
            0.1395093178273377,
            0.15722281617508332,
            0.17860459799677084,
            0.19848594917965756,
            0.22037596139013158,
            0.24406912037489017,
            0.26313573593802625
        ],
        [
            0.07357247330054945,
            0.08868959351785499,
            0.1044519510579938,
            0.1233794114308557,
            0.14142111247503916,
            0.16103474485655025,
            0.18176266158700616,
            0.20421082725806122,
            0.2260448925156536,
            0.248974226188105,
            0.2728364072901888
        ]
    ],
    "n_logical_errors": 50000,
    "n_runs": 1000000,
    "per_list": [
        0.2,
        0.21000000000000002,
        0.22,
        0.23,
        0.24,
        0.25,
        0.26,
        0.27,
        0.28,
        0.29,
        0.3
    ]
}
