{
    "bias": 100,
    "data": {
        "11": {
            "ler": [
                0.24728725877127908,
                0.2702074652918511,
                0.30468669067597787,
                0.3289149097128573,
                0.3474248867394869,
                0.38383000936545225,
                0.40321605122456716,
                0.4199845445687599,
                0.45816075944727486,
                0.47323837016705317,
                0.4826487764853516,
                0.5055611729019212,
                0.5179200331468822,
                0.5328615732205088,
                0.5461317488230861,
                0.558484496470378,
                0.5965305781574364,
                0.6170706422471245,
                0.6412722842118763,
                0.6756391546402897,
                0.7405761682589054
            ],
            "ler_eb": [
                0.0009594699377284927,
                0.0010323145525206264,
                0.0011362103809289506,
                0.0012050008502827927,
                0.0012551371268238114,
                0.00134742374346222,
                0.0013930329108186538,
                0.0014304348736651241,
                0.0015082318744141985,
                0.0015360381922299529,
                0.0015525262348055797,
                0.001589809157823938,
                0.0016081896024766904,
                0.0016287416317744786,
                0.0016454220938218115,
                0.0016595834625446294,
                0.0016945446682197368,
                0.001707690704469542,
                0.0017176708047914539,
                0.001720853975633714,
                0.001686901269268284
            ],
            "ler_x": [
                0.02067321483327893,
                0.023070313386618246,
                0.024630872074246052,
                0.026313192777028583,
                0.02867645015147725,
                0.030138332335375308,
                0.03182987508366733,
                0.03532909988912408,
                0.03731261224938606,
                0.04133263925039042,
                0.04684589024566823,
                0.060333670374115266,
                0.0713279469649886,
                0.0912259013353511,
                0.11954823981737354,
                0.13872754892324188,
                0.20087570688873513,
                0.23837438910006417,
                0.2801718609721688,
                0.3521971785308902,
                0.4810634673776198
            ],
            "ler_z": [
                0.22661404393800014,
                0.24713715190523283,
                0.28005581860173184,
                0.3026017169358287,
                0.31874843658800966,
                0.3536916770300769,
                0.3713861761408998,
                0.3846554446796358,
                0.4208481471978888,
                0.43190573091666273,
                0.4358028862396834,
                0.44522750252780585,
                0.4465920861818935,
                0.4416356718851577,
                0.4265835090057125,
                0.4197569475471361,
                0.39565487126870125,
                0.3786962531470603,
                0.3611004232397076,
                0.3234419761093995,
                0.25951270088128564
            ],
            "per": [
                0.3,
                0.31,
                0.32,
                0.32999999999999996,
                0.33999999999999997,
                0.35,
                0.36,
                0.37,
                0.38,
                0.39,
                0.4,
                0.41,
                0.42,
                0.43,
                0.44,
                0.44999999999999996,
                0.45999999999999996,
                0.47,
                0.48,
                0.49,
                0.5
            ]
        }
    },
    "distance_array": [
        11,
        17,
        23
    ],
    "ler_distances": [
        [
            0.24728725877127908,
            0.2702074652918511,
            0.30468669067597787,
            0.3289149097128573,
            0.3474248867394869,
            0.38383000936545225,
            0.40321605122456716,
            0.4199845445687599,
            0.45816075944727486,
            0.47323837016705317,
            0.4826487764853516,
            0.5055611729019212,
            0.5179200331468822,
            0.5328615732205088,
            0.5461317488230861,
            0.558484496470378,
            0.5965305781574364,
            0.6170706422471245,
            0.6412722842118763,
            0.6756391546402897,
            0.7405761682589054
        ]
    ],
    "n_logical_errors": 50000,
    "n_runs": 1000000,
    "per_list": [
        0.3,
        0.31,
        0.32,
        0.32999999999999996,
        0.33999999999999997,
        0.35,
        0.36,
        0.37,
        0.38,
        0.39,
        0.4,
        0.41,
        0.42,
        0.43,
        0.44,
        0.44999999999999996,
        0.45999999999999996,
        0.47,
        0.48,
        0.49,
        0.5
    ]
}
