{
    "bias": 100,
    "data": {
        "7": {
            "ler": [
                0.2604234485273054,
                0.28096043515152197,
                0.3019888988880769,
                0.3232877066616665,
                0.34316854379860123,
                0.36210367752494893,
                0.38255839753938436,
                0.4019034145714102,
                0.425105000935231,
                0.44238391845979613,
                0.46294153048469977
            ],
            "ler_eb": [
                0.001001582320579167,
                0.0010654585495549183,
                0.0011283326135268746,
                0.0011893405366061934,
                0.0012437968177251811,
                0.0012933705938345272,
                0.0013443448308705995,
                0.001390024180864483,
                0.0014414695652706746,
                0.0014773451612517014,
                0.0015172317624788899
            ],
            "ler_x": [
                0.2026771530508607,
                0.2195312456099932,
                0.23398703863645973,
                0.2517764659481059,
                0.26679295269078457,
                0.2842369027099839,
                0.2991912715476017,
                0.31325959745354,
                0.33348637113367,
                0.3469794026047565,
                0.3630943011897597
            ],
            "ler_z": [
                0.0577462954764447,
                0.06142918954152876,
                0.06800186025161715,
                0.07151124071356063,
                0.07637559110781669,
                0.07786677481496503,
                0.08336712599178264,
                0.08864381711787023,
                0.09161862980156099,
                0.09540451585503963,
                0.09984722929494005
            ],
            "per": [
                0.3,
                0.31,
                0.32,
                0.33,
                0.34,
                0.35,
                0.36,
                0.37,
                0.38,
                0.39,
                0.4
            ]
        }
    },
    "distance_array": [
        5,
        7,
        9,
        11,
        13,
        15,
        17,
        19,
        21,
        23,
        25,
        27,
        29
    ],
    "ler_distances": [
        [
            0.269461884616421,
            0.28554132925199593,
            0.301626369383717,
            0.31805604147450783,
            0.33789263123749796,
            0.35267646166759536,
            0.36904454367642175,
            0.3851279009759141,
            0.4022623233062745,
            0.4164549687242318,
            0.43227914858298894
        ],
        [
            0.2604234485273054,
            0.28096043515152197,
            0.3019888988880769,
            0.3232877066616665,
            0.34316854379860123,
            0.36210367752494893,
            0.38255839753938436,
            0.4019034145714102,
            0.425105000935231,
            0.44238391845979613,
            0.46294153048469977
        ]
    ],
    "n_logical_errors": 50000,
    "n_runs": 1000000,
    "per_list": [
        0.3,
        0.31,
        0.32,
        0.33,
        0.34,
        0.35,
        0.36,
        0.37,
        0.38,
        0.39,
        0.4
    ]
}
