{
    "bias": 100,
    "data": {
        "11": {
            "ler": [
                0.22842001873044154,
                0.2501626056937009,
                0.27269504513103,
                0.29515938606847697,
                0.31952965235173825,
                0.3413784863277916,
                0.3619778469557663,
                0.3928346951602766,
                0.4071827028787817,
                0.43185351528761445,
                0.44756747079622256,
                0.4596644449551827,
                0.4801459643731694
            ],
            "ler_eb": [
                0.0020064328908115897,
                0.0021662368495881297,
                0.0023256026841817425,
                0.0024780043175905773,
                0.0026358201239042936,
                0.0027704741655625574,
                0.0028913447083384267,
                0.003060999869499626,
                0.0031350881345294287,
                0.0032551171338222936,
                0.0033265812568196544,
                0.0033788793549351416,
                0.0034618958078765872
            ],
            "ler_x": [
                0.024897782041618126,
                0.03031970781007655,
                0.03324152600147255,
                0.03692443919716647,
                0.041794478527607364,
                0.046529887686478,
                0.04908419604720191,
                0.057275298554368324,
                0.06388696608168085,
                0.07138538607704267,
                0.07680257798863178,
                0.07961388186623765,
                0.08517789407980025
            ],
            "ler_z": [
                0.2035222366888234,
                0.21984289788362435,
                0.23945351912955742,
                0.2582349468713105,
                0.2777351738241309,
                0.29484859864131363,
                0.3128936509085644,
                0.3355593966059082,
                0.34329573679710085,
                0.36046812921057175,
                0.37076489280759073,
                0.3800505630889451,
                0.39496807029336917
            ],
            "per": [
                0.28,
                0.29000000000000004,
                0.30000000000000004,
                0.31000000000000005,
                0.32,
                0.33,
                0.34,
                0.35000000000000003,
                0.36000000000000004,
                0.37,
                0.38,
                0.39,
                0.4
            ]
        }
    },
    "distance_array": [
        5,
        7,
        9,
        11,
        13,
        15,
        17,
        19,
        21,
        23,
        25,
        27,
        29
    ],
    "ler_distances": [
        [
            0.2338907730090048,
            0.25463434508046445,
            0.27247213972371326,
            0.2810567734682406,
            0.30320487553439857,
            0.3229661208539224,
            0.33641715727502103,
            0.34963812454109994,
            0.36863641390496554,
            0.37970838396111783,
            0.40246307401295933,
            0.42154961638984906,
            0.4355211009973433
        ],
        [
            0.22092124157737766,
            0.2421893921046258,
            0.25941683096399293,
            0.28025334902752086,
            0.3012411133871551,
            0.3206772703950744,
            0.34034442856170444,
            0.36689169357205753,
            0.38153376573826786,
            0.40022412551028574,
            0.4281005180016268,
            0.4429090264859598,
            0.45728918968355586
        ],
        [
            0.2189046013747209,
            0.2430251774083795,
            0.2637965600928564,
            0.2881180131381814,
            0.3127932436659368,
            0.33190613694447213,
            0.35450935904707886,
            0.3847189627976763,
            0.39971220721080825,
            0.42162071000927565,
            0.449842555105713,
            0.47021206564160434,
            0.4920049200492005
        ],
        [
            0.22842001873044154,
            0.2501626056937009,
            0.27269504513103,
            0.29515938606847697,
            0.31952965235173825,
            0.3413784863277916,
            0.3619778469557663,
            0.3928346951602766,
            0.4071827028787817,
            0.43185351528761445,
            0.44756747079622256,
            0.4596644449551827,
            0.4801459643731694
        ]
    ],
    "n_logical_errors": 10000,
    "n_runs": 1000000,
    "per_list": [
        0.28,
        0.29000000000000004,
        0.30000000000000004,
        0.31000000000000005,
        0.32,
        0.33,
        0.34,
        0.35000000000000003,
        0.36000000000000004,
        0.37,
        0.38,
        0.39,
        0.4
    ]
}
