{
    "bias": 100,
    "data": {
        "5": {
            "ler": [
                0.18716077110237694,
                0.2074688796680498,
                0.21244954323348206,
                0.21436227224008575,
                0.22686025408348456,
                0.23052097740894423,
                0.23629489603024575,
                0.2518891687657431,
                0.24746349913387775,
                0.2525890376357666,
                0.26702269692923897,
                0.273000273000273,
                0.2881844380403458,
                0.29770765108663294,
                0.2976190476190476,
                0.3202049311559398,
                0.32310177705977383,
                0.3197953309881676,
                0.34965034965034963,
                0.350385423966363,
                0.3363605785401951
            ],
            "ler_eb": [
                0.005336016371890354,
                0.005840649221383504,
                0.005962041511708131,
                0.0060084094065760655,
                0.006307937974358444,
                0.0063945331722749955,
                0.006530060237556794,
                0.006889575512075175,
                0.006788517382899596,
                0.006905485695121497,
                0.007229253290523948,
                0.007360887923263777,
                0.0076887238762277646,
                0.00788949062937042,
                0.007887640084662346,
                0.008348664729162469,
                0.008406225455224708,
                0.008340496857922304,
                0.008916767081668083,
                0.008930461689295724,
                0.008665052109905234
            ],
            "ler_x": [
                0.032004491858506456,
                0.03423236514522822,
                0.03186743148502231,
                0.03515541264737406,
                0.0367513611615245,
                0.03550023052097741,
                0.03804347826086957,
                0.046095717884130985,
                0.0400890868596882,
                0.04117201313462996,
                0.04966622162883845,
                0.048867048867048866,
                0.04899135446685879,
                0.05715986900863352,
                0.04702380952380952,
                0.06179955171309638,
                0.05718901453957997,
                0.06363927086664535,
                0.06573426573426573,
                0.05991590749824807,
                0.05953582240161453
            ],
            "ler_z": [
                0.15964813775032752,
                0.17946058091286307,
                0.18674314850223073,
                0.1864951768488746,
                0.19759528130671505,
                0.2033195020746888,
                0.20534026465028354,
                0.21763224181360202,
                0.21504578074733977,
                0.21848951755493812,
                0.23070761014686247,
                0.23996723996723995,
                0.24812680115273775,
                0.25543316463233107,
                0.26279761904761906,
                0.271213576689081,
                0.28077544426494344,
                0.27470418931883595,
                0.2993006993006993,
                0.306937631394534,
                0.29196098217288935
            ],
            "per": [
                0.25,
                0.255,
                0.26,
                0.265,
                0.27,
                0.275,
                0.27999999999999997,
                0.285,
                0.29,
                0.295,
                0.3,
                0.305,
                0.31,
                0.315,
                0.32,
                0.32499999999999996,
                0.32999999999999996,
                0.33499999999999996,
                0.33999999999999997,
                0.345,
                0.35
            ]
        }
    },
    "distance_array": [
        5,
        9,
        13,
        17,
        21
    ],
    "ler_distances": [
        [
            0.18716077110237694,
            0.2074688796680498,
            0.21244954323348206,
            0.21436227224008575,
            0.22686025408348456,
            0.23052097740894423,
            0.23629489603024575,
            0.2518891687657431,
            0.24746349913387775,
            0.2525890376357666,
            0.26702269692923897,
            0.273000273000273,
            0.2881844380403458,
            0.29770765108663294,
            0.2976190476190476,
            0.3202049311559398,
            0.32310177705977383,
            0.3197953309881676,
            0.34965034965034963,
            0.350385423966363,
            0.3363605785401951
        ]
    ],
    "n_logical_errors": 1000,
    "n_runs": 1000000,
    "per_list": [
        0.25,
        0.255,
        0.26,
        0.265,
        0.27,
        0.275,
        0.27999999999999997,
        0.285,
        0.29,
        0.295,
        0.3,
        0.305,
        0.31,
        0.315,
        0.32,
        0.32499999999999996,
        0.32999999999999996,
        0.33499999999999996,
        0.33999999999999997,
        0.345,
        0.35
    ]
}
