{
    "bias": 100,
    "data": {
        "13": {
            "ler": [
                0.13392259274139548,
                0.13976240391334732,
                0.14182385477237272,
                0.16318537859007834,
                0.17286084701815038,
                0.18158707100054475,
                0.19301293186643506,
                0.21123785382340515,
                0.21973192704900021,
                0.2360717658168083,
                0.25510204081632654,
                0.26171159382360637,
                0.2744990392533626,
                0.28360748723766305,
                0.29806259314456035,
                0.317359568390987,
                0.31525851197982346,
                0.3395585738539898,
                0.37425149700598803,
                0.37537537537537535,
                0.40338846308995563
            ],
            "ler_eb": [
                0.003941233843926386,
                0.004099204374161821,
                0.004154679283351222,
                0.004720585557252814,
                0.004971482627307928,
                0.0051948278996366785,
                0.00548301829958358,
                0.005932596024728553,
                0.006137833212687211,
                0.006524846953167723,
                0.0069624537808100585,
                0.007111086910479589,
                0.007393665944763594,
                0.00759089896793196,
                0.007896900554292279,
                0.00829177674834855,
                0.008249547784696037,
                0.008726334453653697,
                0.009361888316058473,
                0.009381565827665342,
                0.009853018468830115
            ],
            "ler_x": [
                0.04111423597160841,
                0.04556254367575122,
                0.04339809956034605,
                0.05662532637075718,
                0.059982713915298184,
                0.05828944979117487,
                0.06832657788071801,
                0.0741444866920152,
                0.07822456602944408,
                0.0826251180358829,
                0.08775510204081632,
                0.0942161737764983,
                0.10540763107329125,
                0.10436755530346001,
                0.11147540983606558,
                0.11742304030466519,
                0.11759142496847415,
                0.13412563667232597,
                0.13922155688622753,
                0.15127627627627627,
                0.15328761597418314
            ],
            "ler_z": [
                0.09682603455202893,
                0.09937106918238994,
                0.1029641185647426,
                0.11112924281984334,
                0.12065687121866897,
                0.1331033230433993,
                0.13317892298784018,
                0.14976763836079426,
                0.15337288508020216,
                0.1676109537299339,
                0.1816326530612245,
                0.18660036639623134,
                0.1872083447707933,
                0.20079410096426545,
                0.20864381520119224,
                0.22659473183116471,
                0.2216267339218159,
                0.2397283531409168,
                0.2754491017964072,
                0.2635135135135135,
                0.29407018959257764
            ],
            "per": [
                0.25,
                0.255,
                0.26,
                0.265,
                0.27,
                0.275,
                0.27999999999999997,
                0.285,
                0.29,
                0.295,
                0.3,
                0.305,
                0.31,
                0.315,
                0.32,
                0.32499999999999996,
                0.32999999999999996,
                0.33499999999999996,
                0.33999999999999997,
                0.345,
                0.35
            ]
        }
    },
    "distance_array": [
        5,
        9,
        13,
        17,
        21
    ],
    "ler_distances": [
        [
            0.18716077110237694,
            0.2074688796680498,
            0.21244954323348206,
            0.21436227224008575,
            0.22686025408348456,
            0.23052097740894423,
            0.23629489603024575,
            0.2518891687657431,
            0.24746349913387775,
            0.2525890376357666,
            0.26702269692923897,
            0.273000273000273,
            0.2881844380403458,
            0.29770765108663294,
            0.2976190476190476,
            0.3202049311559398,
            0.32310177705977383,
            0.3197953309881676,
            0.34965034965034963,
            0.350385423966363,
            0.3363605785401951
        ],
        [
            0.16463615409944024,
            0.16270745200130166,
            0.1762114537444934,
            0.18298261665141813,
            0.20601565718994644,
            0.20833333333333334,
            0.22799817601459188,
            0.23557126030624265,
            0.23299161230195714,
            0.2518257365902795,
            0.2545824847250509,
            0.27862914460852606,
            0.29036004645760743,
            0.2946375957572186,
            0.31201248049922,
            0.32615786040443573,
            0.3161555485298767,
            0.33288948069241014,
            0.3557452863749555,
            0.380517503805175,
            0.37735849056603776
        ],
        [
            0.13392259274139548,
            0.13976240391334732,
            0.14182385477237272,
            0.16318537859007834,
            0.17286084701815038,
            0.18158707100054475,
            0.19301293186643506,
            0.21123785382340515,
            0.21973192704900021,
            0.2360717658168083,
            0.25510204081632654,
            0.26171159382360637,
            0.2744990392533626,
            0.28360748723766305,
            0.29806259314456035,
            0.317359568390987,
            0.31525851197982346,
            0.3395585738539898,
            0.37425149700598803,
            0.37537537537537535,
            0.40338846308995563
        ]
    ],
    "n_logical_errors": 1000,
    "n_runs": 1000000,
    "per_list": [
        0.25,
        0.255,
        0.26,
        0.265,
        0.27,
        0.275,
        0.27999999999999997,
        0.285,
        0.29,
        0.295,
        0.3,
        0.305,
        0.31,
        0.315,
        0.32,
        0.32499999999999996,
        0.32999999999999996,
        0.33499999999999996,
        0.33999999999999997,
        0.345,
        0.35
    ]
}
