{
    "bias": 100,
    "code": "ColourCode",
    "data": {
        "7": {
            "ler": [
                0.16733601070950468,
                0.17325017325017325,
                0.18825301204819278,
                0.19174720049087282,
                0.20267531414673692,
                0.2056597564988483,
                0.2188662727073758,
                0.22680880018144703,
                0.2384244909637118,
                0.25148375414948193,
                0.25863852679495136,
                0.27577077932822236,
                0.2857796067672611,
                0.2897374978269688,
                0.30058915474329684,
                0.3117206982543641,
                0.319959045242209,
                0.3264986287057594,
                0.3470294280955025,
                0.3427944604415193,
                0.3571683691692264
            ],
            "ler_eb": [
                0.0021594308449080285,
                0.0022277975997594683,
                0.0023986521653216837,
                0.0024379098303581,
                0.00255937225644721,
                0.0025921945783074674,
                0.0027356248158741303,
                0.0028204496434972416,
                0.0029425398063193165,
                0.0030769861971345677,
                0.0031493666352789516,
                0.003318954250367019,
                0.0034155634332731994,
                0.003453258953914311,
                0.003555121814259578,
                0.003657320269609942,
                0.0037314439651096876,
                0.0037893576888188805,
                0.0039657753299977205,
                0.003930061989764636,
                0.004049828270990954
            ],
            "ler_x": [
                0.12978580990629182,
                0.1357934857934858,
                0.146875,
                0.14994631078386256,
                0.15719497365220916,
                0.162142152023692,
                0.17019041365725543,
                0.1756407348605126,
                0.18291926946735967,
                0.19545317372497736,
                0.20556590109662734,
                0.21510120787601344,
                0.22467992684042068,
                0.22443066581677001,
                0.2357220151496934,
                0.24270573566084788,
                0.24918410443463238,
                0.2531017369727047,
                0.2694336479733481,
                0.2654600301659125,
                0.2805200371455104
            ],
            "ler_z": [
                0.043775100401606426,
                0.04511434511434512,
                0.04969879518072289,
                0.050007669888019635,
                0.053222537494933116,
                0.05322474498190194,
                0.05813088203107901,
                0.0633703787706963,
                0.0695722664632111,
                0.07001307715521578,
                0.06745292778812331,
                0.07655396834151454,
                0.0788180155464106,
                0.08408182186938634,
                0.08542743777804497,
                0.0924563591022444,
                0.09432392653740321,
                0.10010447956118584,
                0.10549694614103276,
                0.10715754833401893,
                0.1090077862704479
            ],
            "per": [
                0.25,
                0.255,
                0.26,
                0.265,
                0.27,
                0.275,
                0.27999999999999997,
                0.285,
                0.29,
                0.295,
                0.3,
                0.305,
                0.31,
                0.315,
                0.32,
                0.32499999999999996,
                0.32999999999999996,
                0.33499999999999996,
                0.33999999999999997,
                0.345,
                0.35
            ],
            "ratio": null
        }
    },
    "distance_array": [
        3,
        5,
        7,
        9,
        11,
        13,
        17,
        21
    ],
    "ler_distances": [
        [
            0.20644948181180064,
            0.21256695859195646,
            0.22483025315886507,
            0.22579479768786126,
            0.23513920240782543,
            0.23792529145848204,
            0.24512207079125403,
            0.24837315582931796,
            0.2603353118817036,
            0.26831231553528306,
            0.26962899050905953,
            0.2730151796439882,
            0.2808357672433161,
            0.28992230082337933,
            0.2902420618796076,
            0.304228780042592,
            0.3085277057879798,
            0.31484163465776716,
            0.32586027111574556,
            0.3284072249589491,
            0.3364511136531862
        ],
        [
            0.18727994606337553,
            0.19230029614245606,
            0.2018896874747638,
            0.2109882690522407,
            0.21908684602576461,
            0.23044660552150067,
            0.2337868798803011,
            0.24017677010279564,
            0.2519018590357197,
            0.25516713447307987,
            0.265097290705689,
            0.27373261797875836,
            0.28560004569600733,
            0.2919026212855391,
            0.29911462072266093,
            0.3105204322444417,
            0.3126367785906334,
            0.3231644260599793,
            0.3304255881575469,
            0.33460483169376964,
            0.35082795397137245
        ],
        [
            0.16733601070950468,
            0.17325017325017325,
            0.18825301204819278,
            0.19174720049087282,
            0.20267531414673692,
            0.2056597564988483,
            0.2188662727073758,
            0.22680880018144703,
            0.2384244909637118,
            0.25148375414948193,
            0.25863852679495136,
            0.27577077932822236,
            0.2857796067672611,
            0.2897374978269688,
            0.30058915474329684,
            0.3117206982543641,
            0.319959045242209,
            0.3264986287057594,
            0.3470294280955025,
            0.3427944604415193,
            0.3571683691692264
        ]
    ],
    "n_logical_errors": 5000,
    "n_runs": 1000000,
    "per_list": [
        0.25,
        0.255,
        0.26,
        0.265,
        0.27,
        0.275,
        0.27999999999999997,
        0.285,
        0.29,
        0.295,
        0.3,
        0.305,
        0.31,
        0.315,
        0.32,
        0.32499999999999996,
        0.32999999999999996,
        0.33499999999999996,
        0.33999999999999997,
        0.345,
        0.35
    ]
}
