{
    "bias": 100,
    "code": "ColourCode",
    "data": {
        "21": {
            "ler": [
                0.0840519777430363,
                0.09514747859181731,
                0.10514804845222073,
                0.11714540087156178,
                0.13101352059532545,
                0.14806040864672787,
                0.15747039556563366,
                0.1713619850572349,
                0.18542555164101612,
                0.20528822466743307,
                0.2258253918070548,
                0.23952095808383234,
                0.2575593674341936,
                0.27253897307314945,
                0.29843619434164975,
                0.3091190108191654,
                0.325055259394097,
                0.35453449620648086,
                0.3625290023201856,
                0.38278977185729596,
                0.4035512510088781
            ],
            "ler_eb": [
                0.0011376229618538854,
                0.0012799741011104674,
                0.0014066686520449623,
                0.0015566279802224023,
                0.001727180096349376,
                0.0019326728339362034,
                0.0020441205353654386,
                0.00220603251291208,
                0.002366736829573087,
                0.0025881167341539604,
                0.002810005899760483,
                0.002953943218411907,
                0.003138507809753608,
                0.003287369175928296,
                0.0035350867742058698,
                0.0036336436507292615,
                0.00377664622017551,
                0.0040281906277908975,
                0.004093435665186403,
                0.004252965697836519,
                0.0044075805893915585
            ],
            "ler_x": [
                0.028039739775076906,
                0.03377735490009515,
                0.03789535666218035,
                0.041727191790450306,
                0.049470705376794884,
                0.05732899022801303,
                0.06065759637188209,
                0.06316402769209678,
                0.0713146671611348,
                0.07854327475775989,
                0.09042048687954474,
                0.097437125748503,
                0.1036418894555195,
                0.11359424397688869,
                0.12349289721857466,
                0.13193199381761977,
                0.1457547783123131,
                0.15436431964830177,
                0.15929524361948955,
                0.1690399632521819,
                0.18369652945924134
            ],
            "ler_z": [
                0.05777732950056315,
                0.06350142721217887,
                0.06981830417227457,
                0.07860456398481795,
                0.08581385598993817,
                0.0963577139472905,
                0.10323759133282943,
                0.11556652272259922,
                0.12278880029668088,
                0.13778945639678108,
                0.14940607921954743,
                0.158562874251497,
                0.1725647761809097,
                0.17894908971982992,
                0.19941506505909037,
                0.20494590417310665,
                0.21291119490313354,
                0.23654541586896405,
                0.2412267981438515,
                0.2553207778288164,
                0.2711864406779661
            ],
            "per": [
                0.25,
                0.255,
                0.26,
                0.265,
                0.27,
                0.275,
                0.27999999999999997,
                0.285,
                0.29,
                0.295,
                0.3,
                0.305,
                0.31,
                0.315,
                0.32,
                0.32499999999999996,
                0.32999999999999996,
                0.33499999999999996,
                0.33999999999999997,
                0.345,
                0.35
            ],
            "ratio": null
        }
    },
    "distance_array": [
        3,
        5,
        7,
        9,
        11,
        13,
        17,
        21
    ],