{
    "bias": 100,
    "data": {
        "13": {
            "ler": [
                0.04963938954159415,
                0.06176614103680644,
                0.07593994669015743,
                0.09159656476243515,
                0.10976056829631842,
                0.12808919106552275,
                0.14981138746318384,
                0.1732537751997616,
                0.19754959482578102,
                0.22286903769606903,
                0.2466419695841123
            ],
            "ler_eb": [
                0.00021759453331789158,
                0.0002675598953725777,
                0.0003264640649448044,
                0.00039042135822049613,
                0.0004631426307135203,
                0.0005348888088775118,
                0.000617756702237686,
                0.0007045045701229161,
                0.00079140764538698,
                0.0008786417627788003,
                0.0009573763361760227
            ],
            "ler_x": [
                0.01056238370237443,
                0.013647846523492753,
                0.01718369113704882,
                0.021266890406542192,
                0.026430344845753472,
                0.032083780578092136,
                0.03851650771678457,
                0.04511874813752192,
                0.0529156344700337,
                0.06113743442078566,
                0.07030282701025538
            ],
            "ler_z": [
                0.039077005839219726,
                0.04811829451331369,
                0.0587562555531086,
                0.07032967435589296,
                0.08333022345056494,
                0.09600541048743061,
                0.11129487974639929,
                0.1281350270622397,
                0.1446339603557473,
                0.16173160327528338,
                0.17633914257385694
            ],
            "per": [
                0.2,
                0.21000000000000002,
                0.22,
                0.23,
                0.24,
                0.25,
                0.26,
                0.27,
                0.28,
                0.29,
                0.3
            ]
        }
    },
    "distance_array": [
        5,
        7,
        9,
        11,
        13,
        15,
        17,
        19,
        21,
        23,
        25,
        27,
        29
    ],
    "ler_distances": [
        [
            0.1160265097369447,
            0.1301663004654747,
            0.143327256257668,
            0.15805528773965133,
            0.17258280522994934,
            0.1873732888134399,
            0.2016275374825592,
            0.21821292344217794,
            0.23720965538181266,
            0.25229080046825175,
            0.26917320757561075
        ],
        [
            0.0909552300166812,
            0.10505415541711752,
            0.1195360090273594,
            0.13507964295748773,
            0.15040353267817555,
            0.16862610197157638,
            0.18593719785205348,
            0.20360876169223313,
            0.22122327622823162,
            0.2416007499287278,
            0.2630499058281337
        ],
        [
            0.07654810895551636,
            0.0898199827904913,
            0.10472542042020028,
            0.12115602230240058,
            0.1395093178273377,
            0.15722281617508332,
            0.17860459799677084,
            0.19848594917965756,
            0.22037596139013158,
            0.24406912037489017,
            0.26313573593802625
        ],
        [
            0.07357247330054945,
            0.08868959351785499,
            0.1044519510579938,
            0.1233794114308557,
            0.14142111247503916,
            0.16103474485655025,
            0.18176266158700616,
            0.20421082725806122,
            0.2260448925156536,
            0.248974226188105,
            0.2728364072901888
        ],
        [
            0.04963938954159415,
            0.06176614103680644,
            0.07593994669015743,
            0.09159656476243515,
            0.10976056829631842,
            0.12808919106552275,
            0.14981138746318384,
            0.1732537751997616,
            0.19754959482578102,
            0.22286903769606903,
            0.2466419695841123
        ]
    ],
    "n_logical_errors": 50000,
    "n_runs": 1000000,
    "per_list": [
        0.2,
        0.21000000000000002,
        0.22,
        0.23,
        0.24,
        0.25,
        0.26,
        0.27,
        0.28,
        0.29,
        0.3
    ]
}
