{
    "bias": 100,
    "data": {
        "7": {
            "ler": [
                0.22092124157737766,
                0.2421893921046258,
                0.25941683096399293,
                0.28025334902752086,
                0.3012411133871551,
                0.3206772703950744,
                0.34034442856170444,
                0.36689169357205753,
                0.38153376573826786,
                0.40022412551028574,
                0.4281005180016268,
                0.4429090264859598,
                0.45728918968355586
            ],
            "ler_eb": [
                0.001949971020000579,
                0.0021083147991323966,
                0.002232467106119453,
                0.0023776101029730286,
                0.0025181286611736247,
                0.002643055308248914,
                0.002764249648336404,
                0.00291928761775577,
                0.0030004816562337216,
                0.0030995436777949146,
                0.0032374688982297296,
                0.003305807739840909,
                0.003368799554603128
            ],
            "ler_x": [
                0.1723185684303546,
                0.1895858561395011,
                0.20148905260973332,
                0.21907404293481308,
                0.2332811182070129,
                0.2509620318111852,
                0.26410727656388266,
                0.2824699148811271,
                0.2997329263639832,
                0.3140158488753702,
                0.3370007277708806,
                0.34932234918947647,
                0.3598865922809585
            ],
            "ler_z": [
                0.04860267314702309,
                0.05260353596512473,
                0.05792777835425963,
                0.06117930609270781,
                0.06795999518014219,
                0.06971523858388917,
                0.0762371519978218,
                0.08442177869093044,
                0.08180083937428462,
                0.08620827663491555,
                0.09109979023074619,
                0.0935866772964833,
                0.09740259740259741
            ],
            "per": [
                0.28,
                0.29000000000000004,
                0.30000000000000004,
                0.31000000000000005,
                0.32,
                0.33,
                0.34,
                0.35000000000000003,
                0.36000000000000004,
                0.37,
                0.38,
                0.39,
                0.4
            ]
        }
    },
    "distance_array": [
        5,
        7,
        9,
        11,
        13,
        15,
        17,
        19,
        21,
        23,
        25,
        27,
        29
    ],
    "ler_distances": [
        [
            0.2338907730090048,
            0.25463434508046445,
            0.27247213972371326,
            0.2810567734682406,
            0.30320487553439857,
            0.3229661208539224,
            0.33641715727502103,
            0.34963812454109994,
            0.36863641390496554,
            0.37970838396111783,
            0.40246307401295933,
            0.42154961638984906,
            0.4355211009973433
        ],
        [
            0.22092124157737766,
            0.2421893921046258,
            0.25941683096399293,
            0.28025334902752086,
            0.3012411133871551,
            0.3206772703950744,
            0.34034442856170444,
            0.36689169357205753,
            0.38153376573826786,
            0.40022412551028574,
            0.4281005180016268,
            0.4429090264859598,
            0.45728918968355586
        ]
    ],
    "n_logical_errors": 10000,
    "n_runs": 1000000,
    "per_list": [
        0.28,
        0.29000000000000004,
        0.30000000000000004,
        0.31000000000000005,
        0.32,
        0.33,
        0.34,
        0.35000000000000003,
        0.36000000000000004,
        0.37,
        0.38,
        0.39,
        0.4
    ]
}
