{
    "bias": 100,
    "data": {
        "17": {
            "ler": [
                0.27245729231942895,
                0.30357489799883425,
                0.3466709191632751,
                0.3770056701652793,
                0.39815574260027553,
                0.43347088809515555,
                0.4577245596689736,
                0.47421233331436485,
                0.49345676331839805,
                0.5031193399074261,
                0.5101260011222772,
                0.5225752508361204,
                0.5333617792948957,
                0.5472495238929143,
                0.5656044614879923,
                0.5807673097696677,
                0.6180087757246153,
                0.6388878240758488,
                0.6638078674508451,
                0.6997606818468084,
                0.7436160561578845
            ],
            "ler_eb": [
                0.0010393041947250384,
                0.0011329690961571896,
                0.001253136571793322,
                0.001330775898606867,
                0.0013813700709647838,
                0.001459103332001064,
                0.0015074023265211605,
                0.0015377758636886969,
                0.001570624487254974,
                0.0015860324049909713,
                0.0015967416450545751,
                0.0016147909241694932,
                0.0016293974881962602,
                0.0016467582508057118,
                0.001667133975842068,
                0.0016816853104902366,
                0.0017081906202195967,
                0.001716961968058173,
                0.001721278587442453,
                0.0017147401510662402,
                0.0016838723599052127
            ],
            "ler_x": [
                0.0048224940740538924,
                0.005093986788420439,
                0.0056992699110442425,
                0.007374230908432863,
                0.007867557473781444,
                0.009137566321045879,
                0.01127833315024351,
                0.015667975492706616,
                0.018613189112369973,
                0.028194807808412155,
                0.03497423863694332,
                0.05322951505016722,
                0.07105445623766601,
                0.09795766477683164,
                0.13194420877591884,
                0.16215023288769123,
                0.23746369198442618,
                0.27982008918874024,
                0.3307621841934071,
                0.3963584454116692,
                0.4907865970642038
            ],
            "ler_z": [
                0.26763479824537506,
                0.2984809112104138,
                0.34097164925223084,
                0.36963143925684644,
                0.3902881851264941,
                0.42433332177410965,
                0.4464462265187301,
                0.4585443578216582,
                0.4748435742060281,
                0.47492453209901386,
                0.47515176248533386,
                0.4693457357859532,
                0.4623073230572297,
                0.44929185911608255,
                0.43366025271207337,
                0.41861707688197647,
                0.38054508374018914,
                0.3590677348871085,
                0.33304568325743794,
                0.3034022364351392,
                0.25282945909368076
            ],
            "per": [
                0.3,
                0.31,
                0.32,
                0.32999999999999996,
                0.33999999999999997,
                0.35,
                0.36,
                0.37,
                0.38,
                0.39,
                0.4,
                0.41,
                0.42,
                0.43,
                0.44,
                0.44999999999999996,
                0.45999999999999996,
                0.47,
                0.48,
                0.49,
                0.5
            ]
        }
    },
    "distance_array": [
        11,
        17,
        23
    ],
    "ler_distances": [
        [
            0.24728725877127908,
            0.2702074652918511,
            0.30468669067597787,
            0.3289149097128573,
            0.3474248867394869,
            0.38383000936545225,
            0.40321605122456716,
            0.4199845445687599,
            0.45816075944727486,
            0.47323837016705317,
            0.4826487764853516,
            0.5055611729019212,
            0.5179200331468822,
            0.5328615732205088,
            0.5461317488230861,
            0.558484496470378,
            0.5965305781574364,
            0.6170706422471245,
            0.6412722842118763,
            0.6756391546402897,
            0.7405761682589054
        ],
        [
            0.27245729231942895,
            0.30357489799883425,
            0.3466709191632751,
            0.3770056701652793,
            0.39815574260027553,
            0.43347088809515555,
            0.4577245596689736,
            0.47421233331436485,
            0.49345676331839805,
            0.5031193399074261,
            0.5101260011222772,
            0.5225752508361204,
            0.5333617792948957,
            0.5472495238929143,
            0.5656044614879923,
            0.5807673097696677,
            0.6180087757246153,
            0.6388878240758488,
            0.6638078674508451,
            0.6997606818468084,
            0.7436160561578845
        ]
    ],
    "n_logical_errors": 50000,
    "n_runs": 1000000,
    "per_list": [
        0.3,
        0.31,
        0.32,
        0.32999999999999996,
        0.33999999999999997,
        0.35,
        0.36,
        0.37,
        0.38,
        0.39,
        0.4,
        0.41,
        0.42,
        0.43,
        0.44,
        0.44999999999999996,
        0.45999999999999996,
        0.47,
        0.48,
        0.49,
        0.5
    ]
}
