{
    "bias": 100,
    "code": "ColourCode",
    "data": {
        "5": {
            "ler": [
                0.18727994606337553,
                0.19230029614245606,
                0.2018896874747638,
                0.2109882690522407,
                0.21908684602576461,
                0.23044660552150067,
                0.2337868798803011,
                0.24017677010279564,
                0.2519018590357197,
                0.25516713447307987,
                0.265097290705689,
                0.27373261797875836,
                0.28560004569600733,
                0.2919026212855391,
                0.29911462072266093,
                0.3105204322444417,
                0.3126367785906334,
                0.3231644260599793,
                0.3304255881575469,
                0.33460483169376964,
                0.35082795397137245
            ],
            "ler_eb": [
                0.0023876835179074338,
                0.0024441052995324247,
                0.0025507071220551504,
                0.0026504220573760518,
                0.0027379951234029047,
                0.002858937704325236,
                0.0028940759542451138,
                0.002960753705373095,
                0.0030812409297702533,
                0.0031143624189788827,
                0.0032139211033905897,
                0.0032990569960258532,
                0.0034138464202026326,
                0.0034737574095970425,
                0.003541409434735562,
                0.0036464132018739414,
                0.0036656264896504733,
                0.0037599332400770173,
                0.003823737707193798,
                0.003859997533813837,
                0.003997505718633146
            ],
            "ler_x": [
                0.02932803955352461,
                0.03172954886350525,
                0.03234272793345716,
                0.03523504093172419,
                0.03575497327140478,
                0.03687145688344011,
                0.040678917099172394,
                0.04140647516572197,
                0.043175978638722357,
                0.0431232457259505,
                0.04575579237580192,
                0.04461841673053761,
                0.05215056834409094,
                0.05271761340416837,
                0.05599425699928212,
                0.05521053285306173,
                0.05708747577064966,
                0.05829886246122027,
                0.06093047845625165,
                0.063641838988155,
                0.068762278978389
            ],
            "ler_z": [
                0.16282118510749868,
                0.16603207568939657,
                0.1762496971654688,
                0.18406616592117478,
                0.19104372973446673,
                0.2015025118680002,
                0.2019451068406041,
                0.20784897684695935,
                0.21925537810469042,
                0.22255677468742027,
                0.22994538995811462,
                0.24088470382130733,
                0.2459016393442623,
                0.2526709089847627,
                0.2585546781526681,
                0.27040119239845983,
                0.27174388795097854,
                0.28044208893485006,
                0.2876685170499603,
                0.28943317941511076,
                0.3039573393207971
            ],
            "per": [
                0.25,
                0.255,
                0.26,
                0.265,
                0.27,
                0.275,
                0.27999999999999997,
                0.285,
                0.29,
                0.295,
                0.3,
                0.305,
                0.31,
                0.315,
                0.32,
                0.32499999999999996,
                0.32999999999999996,
                0.33499999999999996,
                0.33999999999999997,
                0.345,
                0.35
            ],
            "ratio": null
        }
    },
    "distance_array": [
        3,
        5,
        7,
        9,
        11,
        13,
        17,
        21
    ],
    "ler_distances": [
        [
            0.20644948181180064,
            0.21256695859195646,
            0.22483025315886507,
            0.22579479768786126,
            0.23513920240782543,
            0.23792529145848204,
            0.24512207079125403,
            0.24837315582931796,
            0.2603353118817036,
            0.26831231553528306,
            0.26962899050905953,
            0.2730151796439882,
            0.2808357672433161,
            0.28992230082337933,
            0.2902420618796076,
            0.304228780042592,
            0.3085277057879798,
            0.31484163465776716,
            0.32586027111574556,
            0.3284072249589491,
            0.3364511136531862
        ],
        [
            0.18727994606337553,
            0.19230029614245606,
            0.2018896874747638,
            0.2109882690522407,
            0.21908684602576461,
            0.23044660552150067,
            0.2337868798803011,
            0.24017677010279564,
            0.2519018590357197,
            0.25516713447307987,
            0.265097290705689,
            0.27373261797875836,
            0.28560004569600733,
            0.2919026212855391,
            0.29911462072266093,
            0.3105204322444417,
            0.3126367785906334,
            0.3231644260599793,
            0.3304255881575469,
            0.33460483169376964,
            0.35082795397137245
        ]
    ],
    "n_logical_errors": 5000,
    "n_runs": 1000000,
    "per_list": [
        0.25,
        0.255,
        0.26,
        0.265,
        0.27,
        0.275,
        0.27999999999999997,
        0.285,
        0.29,
        0.295,
        0.3,
        0.305,
        0.31,
        0.315,
        0.32,
        0.32499999999999996,
        0.32999999999999996,
        0.33499999999999996,
        0.33999999999999997,
        0.345,
        0.35
    ]
}
