{
    "bias": 100,
    "data": {
        "5": {
            "ler": [
                0.2338907730090048,
                0.25463434508046445,
                0.27247213972371326,
                0.2810567734682406,
                0.30320487553439857,
                0.3229661208539224,
                0.33641715727502103,
                0.34963812454109994,
                0.36863641390496554,
                0.37970838396111783,
                0.40246307401295933,
                0.42154961638984906,
                0.4355211009973433
            ],
            "ler_eb": [
                0.0020471913399624808,
                0.0021983744584051614,
                0.0023240577567053703,
                0.002383094994446037,
                0.0025309801091882547,
                0.002657432046911978,
                0.002740474157165079,
                0.002819657247071217,
                0.0029291256221599293,
                0.0029905298526800286,
                0.003111060195409508,
                0.003206134630860123,
                0.003272148894777142
            ],
            "ler_x": [
                0.03831130861887499,
                0.042600325931961704,
                0.04800959101931827,
                0.049634626194491285,
                0.05600194051120342,
                0.05874753738332849,
                0.06546677880571909,
                0.0685640362225097,
                0.07247391897371622,
                0.07738456865127583,
                0.08548315692035256,
                0.09366832476182446,
                0.0918514002003397
            ],
            "ler_z": [
                0.1955794643901298,
                0.21203401914850276,
                0.22446254870439497,
                0.2314221472737493,
                0.24720293502319518,
                0.26421858347059396,
                0.2709503784693019,
                0.28107408831859026,
                0.2961624949312493,
                0.30232381530984204,
                0.31697991709260676,
                0.3278812916280246,
                0.3436697007970036
            ],
            "per": [
                0.28,
                0.29000000000000004,
                0.30000000000000004,
                0.31000000000000005,
                0.32,
                0.33,
                0.34,
                0.35000000000000003,
                0.36000000000000004,
                0.37,
                0.38,
                0.39,
                0.4
            ]
        }
    },
    "distance_array": [
        5,
        7,
        9,
        11,
        13,
        15,
        17,
        19,
        21,
        23,
        25,
        27,
        29
    ],
    "ler_distances": [
        [
            0.2338907730090048,
            0.25463434508046445,
            0.27247213972371326,
            0.2810567734682406,
            0.30320487553439857,
            0.3229661208539224,
            0.33641715727502103,
            0.34963812454109994,
            0.36863641390496554,
            0.37970838396111783,
            0.40246307401295933,
            0.42154961638984906,
            0.4355211009973433
        ]
    ],
    "n_logical_errors": 10000,
    "n_runs": 1000000,
    "per_list": [
        0.28,
        0.29000000000000004,
        0.30000000000000004,
        0.31000000000000005,
        0.32,
        0.33,
        0.34,
        0.35000000000000003,
        0.36000000000000004,
        0.37,
        0.38,
        0.39,
        0.4
    ]
}
