{
    "bias": 100,
    "code": "ColourCode",
    "data": {
        "17": {
            "ler": [
                0.10131506960345282,
                0.11486067400243505,
                0.12510634038933094,
                0.13842746400885936,
                0.15375153751537515,
                0.16121751467079384,
                0.1756358016017985,
                0.19164430816404754,
                0.20465801645450452,
                0.21974158389733672,
                0.23916578972543767,
                0.2544140843637104,
                0.25846471956577927,
                0.27951699463327373,
                0.2905287623474724,
                0.31889788889597553,
                0.3287959492339054,
                0.34904013961605584,
                0.3560239248077471,
                0.38583224014198625,
                0.38684719535783363
            ],
            "ler_eb": [
                0.0013582908483780896,
                0.0015282421599277726,
                0.0016549007497765127,
                0.0018171182235459024,
                0.002000246004450967,
                0.002088102898852939,
                0.0022552132070911596,
                0.002436756725427883,
                0.0025811943897602165,
                0.0027450261075265396,
                0.0029502517193651817,
                0.003106740619820421,
                0.003147619139094684,
                0.0033553288153812624,
                0.0034607603678983856,
                0.0037219690312847607,
                0.0038095066904417323,
                0.00398260721739141,
                0.004040443590025119,
                0.004276190257486121,
                0.004283894925103983
            ],
            "ler_x": [
                0.03317055378817045,
                0.03916748983483035,
                0.04288645348546264,
                0.04784053156146179,
                0.053813038130381304,
                0.05803830528148578,
                0.06129689475902768,
                0.07159831353008815,
                0.07588719250133028,
                0.0799419882218511,
                0.09116999904333684,
                0.0966264692413372,
                0.10100801240630654,
                0.10839669051878355,
                0.1147588611272516,
                0.12781427386950697,
                0.13638455974222397,
                0.1456195462478185,
                0.14995727712902307,
                0.16359286982020219,
                0.16247582205029013
            ],
            "ler_z": [
                0.07094081173633766,
                0.07900117157887482,
                0.08607316218785968,
                0.0950719822812846,
                0.10547355473554736,
                0.11004707551428387,
                0.12210200927357033,
                0.1291299348409352,
                0.13982235684171748,
                0.15206117605695701,
                0.16253707069740744,
                0.1753421869434692,
                0.17632463168777462,
                0.19202817531305905,
                0.2002905287623475,
                0.22099623700491103,
                0.22173998816334584,
                0.23657940663176266,
                0.24401879806322985,
                0.26491241608148774,
                0.2702514506769826
            ],
            "per": [
                0.25,
                0.255,
                0.26,
                0.265,
                0.27,
                0.275,
                0.27999999999999997,
                0.285,
                0.29,
                0.295,
                0.3,
                0.305,
                0.31,
                0.315,
                0.32,
                0.32499999999999996,
                0.32999999999999996,
                0.33499999999999996,
                0.33999999999999997,
                0.345,
                0.35
            ],
            "ratio": null
        }
    },
    "distance_array": [
        3,
        5,
        7,
        9,
        11,
        13,
        17,
        21
    ],