{
    "bias": 100,
    "data": {
        "9": {
            "ler": [
                0.16463615409944024,
                0.16270745200130166,
                0.1762114537444934,
                0.18298261665141813,
                0.20601565718994644,
                0.20833333333333334,
                0.22799817601459188,
                0.23557126030624265,
                0.23299161230195714,
                0.2518257365902795,
                0.2545824847250509,
                0.27862914460852606,
                0.29036004645760743,
                0.2946375957572186,
                0.31201248049922,
                0.32615786040443573,
                0.3161555485298767,
                0.33288948069241014,
                0.3557452863749555,
                0.380517503805175,
                0.37735849056603776
            ],
            "ler_eb": [
                0.00475842304432358,
                0.004708104101906365,
                0.005057571239184531,
                0.005230286539338912,
                0.005805053106592805,
                0.005861785769491018,
                0.006334911263615108,
                0.006513145927743574,
                0.006452683196400251,
                0.006888132542803827,
                0.00695069637085261,
                0.007483518518995087,
                0.007734921074570354,
                0.007825179636006844,
                0.00818393640837537,
                0.008466558876602156,
                0.008267600290488066,
                0.008598030197737597,
                0.009029588454723212,
                0.009470854376006001,
                0.009416145511206328
            ],
            "ler_x": [
                0.0429700362199539,
                0.05011389521640091,
                0.049691629955947135,
                0.05416285452881976,
                0.05603625875566543,
                0.05416666666666667,
                0.07204742362061103,
                0.07302709069493522,
                0.06477166821994408,
                0.08083606144547972,
                0.07892057026476579,
                0.08386737252716635,
                0.09291521486643438,
                0.09340011785503831,
                0.10702028081123245,
                0.10795825179386823,
                0.09421435346190325,
                0.10685752330226365,
                0.11846318036286019,
                0.1187214611872146,
                0.12830188679245283
            ],
            "ler_z": [
                0.126769838656569,
                0.11975268467295802,
                0.13251101321585904,
                0.13632204940530648,
                0.15822002472187885,
                0.16125,
                0.16552667578659372,
                0.17267373380447584,
                0.17800559179869524,
                0.18509191639385544,
                0.19271894093686354,
                0.2128726664809139,
                0.2183507549361208,
                0.22569239835002947,
                0.23088923556942278,
                0.24331376386170905,
                0.2415428390768258,
                0.2583222370173103,
                0.26929918178584134,
                0.2918569254185693,
                0.28415094339622643
            ],
            "per": [
                0.25,
                0.255,
                0.26,
                0.265,
                0.27,
                0.275,
                0.27999999999999997,
                0.285,
                0.29,
                0.295,
                0.3,
                0.305,
                0.31,
                0.315,
                0.32,
                0.32499999999999996,
                0.32999999999999996,
                0.33499999999999996,
                0.33999999999999997,
                0.345,
                0.35
            ]
        }
    },
    "distance_array": [
        5,
        9,
        13,
        17,
        21
    ],
    "ler_distances": [
        [
            0.18716077110237694,
            0.2074688796680498,
            0.21244954323348206,
            0.21436227224008575,
            0.22686025408348456,
            0.23052097740894423,
            0.23629489603024575,
            0.2518891687657431,
            0.24746349913387775,
            0.2525890376357666,
            0.26702269692923897,
            0.273000273000273,
            0.2881844380403458,
            0.29770765108663294,
            0.2976190476190476,
            0.3202049311559398,
            0.32310177705977383,
            0.3197953309881676,
            0.34965034965034963,
            0.350385423966363,
            0.3363605785401951
        ],
        [
            0.16463615409944024,
            0.16270745200130166,
            0.1762114537444934,
            0.18298261665141813,
            0.20601565718994644,
            0.20833333333333334,
            0.22799817601459188,
            0.23557126030624265,
            0.23299161230195714,
            0.2518257365902795,
            0.2545824847250509,
            0.27862914460852606,
            0.29036004645760743,
            0.2946375957572186,
            0.31201248049922,
            0.32615786040443573,
            0.3161555485298767,
            0.33288948069241014,
            0.3557452863749555,
            0.380517503805175,
            0.37735849056603776
        ]
    ],
    "n_logical_errors": 1000,
    "n_runs": 1000000,
    "per_list": [
        0.25,
        0.255,
        0.26,
        0.265,
        0.27,
        0.275,
        0.27999999999999997,
        0.285,
        0.29,
        0.295,
        0.3,
        0.305,
        0.31,
        0.315,
        0.32,
        0.32499999999999996,
        0.32999999999999996,
        0.33499999999999996,
        0.33999999999999997,
        0.345,
        0.35
    ]
}
