{
    "bias": 100,
    "data": {
        "9": {
            "ler": [
                0.07654810895551636,
                0.0898199827904913,
                0.10472542042020028,
                0.12115602230240058,
                0.1395093178273377,
                0.15722281617508332,
                0.17860459799677084,
                0.19848594917965756,
                0.22037596139013158,
                0.24406912037489017,
                0.26313573593802625
            ],
            "ler_eb": [
                0.0003289702324368654,
                0.000383223041656841,
                0.0004431443709085863,
                0.0005079440703908126,
                0.000578750392959953,
                0.0006454861879777667,
                0.0007239086511171024,
                0.000794694736121902,
                0.0008702055093210858,
                0.0009490058226491724,
                0.0010101563030652696
            ],
            "ler_x": [
                0.01937279541446208,
                0.02302445438851454,
                0.02703800904408731,
                0.03271697226254026,
                0.03776517233586031,
                0.04276460599962267,
                0.05085230114164059,
                0.05646131310364539,
                0.0643277431297794,
                0.07364053499951186,
                0.08009325530481644
            ],
            "ler_z": [
                0.05717531354105428,
                0.06679552840197676,
                0.07768741137611297,
                0.08843905003986033,
                0.10174414549147738,
                0.11445821017546066,
                0.12775229685513023,
                0.14202463607601218,
                0.15604821826035217,
                0.1704285853753783,
                0.18304248063320983
            ],
            "per": [
                0.2,
                0.21000000000000002,
                0.22,
                0.23,
                0.24,
                0.25,
                0.26,
                0.27,
                0.28,
                0.29,
                0.3
            ]
        }
    },
    "distance_array": [
        5,
        7,
        9,
        11,
        13,
        15,
        17,
        19,
        21,
        23,
        25,
        27,
        29
    ],
    "ler_distances": [
        [
            0.1160265097369447,
            0.1301663004654747,
            0.143327256257668,
            0.15805528773965133,
            0.17258280522994934,
            0.1873732888134399,
            0.2016275374825592,
            0.21821292344217794,
            0.23720965538181266,
            0.25229080046825175,
            0.26917320757561075
        ],
        [
            0.0909552300166812,
            0.10505415541711752,
            0.1195360090273594,
            0.13507964295748773,
            0.15040353267817555,
            0.16862610197157638,
            0.18593719785205348,
            0.20360876169223313,
            0.22122327622823162,
            0.2416007499287278,
            0.2630499058281337
        ],
        [
            0.07654810895551636,
            0.0898199827904913,
            0.10472542042020028,
            0.12115602230240058,
            0.1395093178273377,
            0.15722281617508332,
            0.17860459799677084,
            0.19848594917965756,
            0.22037596139013158,
            0.24406912037489017,
            0.26313573593802625
        ]
    ],
    "n_logical_errors": 50000,
    "n_runs": 1000000,
    "per_list": [
        0.2,
        0.21000000000000002,
        0.22,
        0.23,
        0.24,
        0.25,
        0.26,
        0.27,
        0.28,
        0.29,
        0.3
    ]
}
