{
    "bias": 100,
    "data": {
        "13": {
            "ler": [
                0.19251501617126135,
                0.22291076881924166,
                0.25333772452055836,
                0.27586206896551724,
                0.29912356794591843,
                0.32964135021097046,
                0.3548993860240622,
                0.37940585043821373,
                0.40898122776164575,
                0.43782837127845886,
                0.4600027600165601,
                0.4924895345973898,
                0.5108817819556555
            ],
            "ler_eb": [
                0.001729943174419637,
                0.0019650178284622622,
                0.00218908169857398,
                0.0023474839817841744,
                0.0025042135473773825,
                0.002698952822072779,
                0.0028504864154920858,
                0.0029888757537079548,
                0.0031441554660266266,
                0.0032827541762525604,
                0.003380307488289019,
                0.0035084840565059957,
                0.00357295326520316
            ],
            "ler_x": [
                0.05167103034036655,
                0.06063172911883373,
                0.07420261951207155,
                0.08107586206896551,
                0.09078400287158625,
                0.10007911392405064,
                0.11441956205415765,
                0.12436923777364647,
                0.13950349678949736,
                0.15402802101576182,
                0.1707530245181471,
                0.1833046047771485,
                0.1957188106672116
            ],
            "ler_z": [
                0.1408439858308948,
                0.16227903970040794,
                0.1791351050084868,
                0.1947862068965517,
                0.2083395650743322,
                0.22956223628691982,
                0.24047982396990453,
                0.2550366126645673,
                0.2694777309721484,
                0.283800350262697,
                0.289249735498413,
                0.3091849298202413,
                0.31516297128844384
            ],
            "per": [
                0.28,
                0.29000000000000004,
                0.30000000000000004,
                0.31000000000000005,
                0.32,
                0.33,
                0.34,
                0.35000000000000003,
                0.36000000000000004,
                0.37,
                0.38,
                0.39,
                0.4
            ]
        }
    },
    "distance_array": [
        5,
        7,
        9,
        11,
        13,
        15,
        17,
        19,
        21,
        23,
        25,
        27,
        29
    ],
    "ler_distances": [
        [
            0.2338907730090048,
            0.25463434508046445,
            0.27247213972371326,
            0.2810567734682406,
            0.30320487553439857,
            0.3229661208539224,
            0.33641715727502103,
            0.34963812454109994,
            0.36863641390496554,
            0.37970838396111783,
            0.40246307401295933,
            0.42154961638984906,
            0.4355211009973433
        ],
        [
            0.22092124157737766,
            0.2421893921046258,
            0.25941683096399293,
            0.28025334902752086,
            0.3012411133871551,
            0.3206772703950744,
            0.34034442856170444,
            0.36689169357205753,
            0.38153376573826786,
            0.40022412551028574,
            0.4281005180016268,
            0.4429090264859598,
            0.45728918968355586
        ],
        [
            0.2189046013747209,
            0.2430251774083795,
            0.2637965600928564,
            0.2881180131381814,
            0.3127932436659368,
            0.33190613694447213,
            0.35450935904707886,
            0.3847189627976763,
            0.39971220721080825,
            0.42162071000927565,
            0.449842555105713,
            0.47021206564160434,
            0.4920049200492005
        ],
        [
            0.22842001873044154,
            0.2501626056937009,
            0.27269504513103,
            0.29515938606847697,
            0.31952965235173825,
            0.3413784863277916,
            0.3619778469557663,
            0.3928346951602766,
            0.4071827028787817,
            0.43185351528761445,
            0.44756747079622256,
            0.4596644449551827,
            0.4801459643731694
        ],
        [
            0.19251501617126135,
            0.22291076881924166,
            0.25333772452055836,
            0.27586206896551724,
            0.29912356794591843,
            0.32964135021097046,
            0.3548993860240622,
            0.37940585043821373,
            0.40898122776164575,
            0.43782837127845886,
            0.4600027600165601,
            0.4924895345973898,
            0.5108817819556555
        ]
    ],
    "n_logical_errors": 10000,
    "n_runs": 1000000,
    "per_list": [
        0.28,
        0.29000000000000004,
        0.30000000000000004,
        0.31000000000000005,
        0.32,
        0.33,
        0.34,
        0.35000000000000003,
        0.36000000000000004,
        0.37,
        0.38,
        0.39,
        0.4
    ]
}
