{
    "bias": 100,
    "data": {
        "17": {
            "ler": [
                0.10759629868732516,
                0.11492931846914148,
                0.13029315960912052,
                0.1358695652173913,
                0.15135462388375964,
                0.1571338780641106,
                0.18328445747800587,
                0.18768768768768768,
                0.2077274615704196,
                0.22416498542927596,
                0.23245002324500233,
                0.24044241404183697,
                0.26504108136761195,
                0.28604118993135014,
                0.293513354857646,
                0.32819166393173616,
                0.3454231433506045,
                0.3544842254519674,
                0.3762227238525207,
                0.3827018752391887,
                0.3992015968063872
            ],
            "ler_eb": [
                0.0032142378676008683,
                0.0034191630277442295,
                0.00384244853003309,
                0.003994034724235706,
                0.0044091900413180075,
                0.004561935368894344,
                0.005237946383615602,
                0.005349304275055567,
                0.005846974710875324,
                0.006243850051798935,
                0.00643995637465697,
                0.006626610318368673,
                0.007185297046999346,
                0.007643022789885355,
                0.007801531112242696,
                0.008506486948361435,
                0.008837547377948009,
                0.009006381591895403,
                0.009396363262154577,
                0.009508413699768944,
                0.009784905926857561
            ],
            "ler_x": [
                0.036152356358941255,
                0.0390759682795081,
                0.045993485342019545,
                0.04361413043478261,
                0.0525200544876646,
                0.058925204274041486,
                0.07074780058651027,
                0.07338588588588589,
                0.07685916078105526,
                0.08406186953597848,
                0.08693630869363086,
                0.09521519596056745,
                0.10045056983832494,
                0.10783752860411899,
                0.11623128852362782,
                0.1299638989169675,
                0.13436960276338514,
                0.14427507975895074,
                0.1561324303987961,
                0.16111748947569843,
                0.18043912175648702
            ],
            "ler_z": [
                0.07477942758769099,
                0.07895644178830019,
                0.08807817589576547,
                0.09741847826086956,
                0.10322385348872408,
                0.10370835952231301,
                0.11986803519061584,
                0.12256006006006007,
                0.1418778562525966,
                0.15713965478592243,
                0.1585309158530916,
                0.16301995672036548,
                0.17890272992313808,
                0.20051487414187644,
                0.199002054593484,
                0.23006235641614703,
                0.2459412780656304,
                0.24423963133640553,
                0.2580887885628292,
                0.25908916953693073,
                0.2686626746506986
            ],
            "per": [
                0.25,
                0.255,
                0.26,
                0.265,
                0.27,
                0.275,
                0.27999999999999997,
                0.285,
                0.29,
                0.295,
                0.3,
                0.305,
                0.31,
                0.315,
                0.32,
                0.32499999999999996,
                0.32999999999999996,
                0.33499999999999996,
                0.33999999999999997,
                0.345,
                0.35
            ]
        }
    },
    "distance_array": [
        5,
        9,
        13,
        17,
        21
    ],
    "ler_distances": [
        [
            0.18716077110237694,
            0.2074688796680498,
            0.21244954323348206,
            0.21436227224008575,
            0.22686025408348456,
            0.23052097740894423,
            0.23629489603024575,
            0.2518891687657431,
            0.24746349913387775,
            0.2525890376357666,
            0.26702269692923897,
            0.273000273000273,
            0.2881844380403458,
            0.29770765108663294,
            0.2976190476190476,
            0.3202049311559398,
            0.32310177705977383,
            0.3197953309881676,
            0.34965034965034963,
            0.350385423966363,
            0.3363605785401951
        ],
        [
            0.16463615409944024,
            0.16270745200130166,
            0.1762114537444934,
            0.18298261665141813,
            0.20601565718994644,
            0.20833333333333334,
            0.22799817601459188,
            0.23557126030624265,
            0.23299161230195714,
            0.2518257365902795,
            0.2545824847250509,
            0.27862914460852606,
            0.29036004645760743,
            0.2946375957572186,
            0.31201248049922,
            0.32615786040443573,
            0.3161555485298767,
            0.33288948069241014,
            0.3557452863749555,
            0.380517503805175,
            0.37735849056603776
        ],
        [
            0.13392259274139548,
            0.13976240391334732,
            0.14182385477237272,
            0.16318537859007834,
            0.17286084701815038,
            0.18158707100054475,
            0.19301293186643506,
            0.21123785382340515,
            0.21973192704900021,
            0.2360717658168083,
            0.25510204081632654,
            0.26171159382360637,
            0.2744990392533626,
            0.28360748723766305,
            0.29806259314456035,
            0.317359568390987,
            0.31525851197982346,
            0.3395585738539898,
            0.37425149700598803,
            0.37537537537537535,
            0.40338846308995563
        ],
        [
            0.10759629868732516,
            0.11492931846914148,
            0.13029315960912052,
            0.1358695652173913,
            0.15135462388375964,
            0.1571338780641106,
            0.18328445747800587,
            0.18768768768768768,
            0.2077274615704196,
            0.22416498542927596,
            0.23245002324500233,
            0.24044241404183697,
            0.26504108136761195,
            0.28604118993135014,
            0.293513354857646,
            0.32819166393173616,
            0.3454231433506045,
            0.3544842254519674,
            0.3762227238525207,
            0.3827018752391887,
            0.3992015968063872
        ]
    ],
    "n_logical_errors": 1000,
    "n_runs": 1000000,
    "per_list": [
        0.25,
        0.255,
        0.26,
        0.265,
        0.27,
        0.275,
        0.27999999999999997,
        0.285,
        0.29,
        0.295,
        0.3,
        0.305,
        0.31,
        0.315,
        0.32,
        0.32499999999999996,
        0.32999999999999996,
        0.33499999999999996,
        0.33999999999999997,
        0.345,
        0.35
    ]
}
