{
    "bias": 100,
    "data": {
        "23": {
            "ler": [
                0.29249344814676154,
                0.3249897628224711,
                0.36947268857886023,
                0.405242213270872,
                0.427481960261277,
                0.4642611747664766,
                0.4783727671951091,
                0.48831939995312135,
                0.5010120443295457,
                0.510073960724305,
                0.5169027189083014,
                0.5288486963879634,
                0.5380046483601618,
                0.5573452530904794,
                0.577393875005774,
                0.6011493976483036,
                0.6356228468276064,
                0.6585532901322375,
                0.686747153433049,
                0.7149393731411576,
                0.7489514679448772
            ],
            "ler_eb": [
                0.0011002626568424032,
                0.0011940976906673654,
                0.0013120466905513282,
                0.0013976542349699317,
                0.001446529776267762,
                0.001519686216155819,
                0.0015451177240629187,
                0.0015621346000827,
                0.0015827349615709764,
                0.0015966635555808952,
                0.001606723371553497,
                0.0016234040852859354,
                0.0016353843175375697,
                0.0016583334745487062,
                0.0016786303229397422,
                0.0016978625934235482,
                0.0017158924611362148,
                0.0017209465729511328,
                0.0017189347004819297,
                0.0017070758991985858,
                0.0016782146861398502
            ],
            "ler_x": [
                0.002696789591913141,
                0.003418892304892396,
                0.004234157011113738,
                0.005049317977355065,
                0.005916350330016073,
                0.006871065386543854,
                0.00925172931755341,
                0.011338776466911478,
                0.016823984448586144,
                0.02349400663096149,
                0.03479789103690686,
                0.05532815061610873,
                0.0794417663768615,
                0.1124165375483497,
                0.15587325049655873,
                0.20208238151345373,
                0.27219912792545414,
                0.3178441599494231,
                0.3737827406705399,
                0.43252402196293754,
                0.49171659676452967
            ],
            "ler_z": [
                0.2897966585548484,
                0.3215708705175787,
                0.3652385315677465,
                0.4001928952935169,
                0.4215656099312609,
                0.4573901093799328,
                0.4691210378775557,
                0.47698062348620984,
                0.48418805988095953,
                0.48657995409334354,
                0.4821048278713946,
                0.47352054577185465,
                0.45856288198330036,
                0.4449287155421297,
                0.4215206245092152,
                0.39906701613484985,
                0.3634237189021522,
                0.3407091301828144,
                0.3129644127625091,
                0.2824153511782201,
                0.2572348711803475
            ],
            "per": [
                0.3,
                0.31,
                0.32,
                0.32999999999999996,
                0.33999999999999997,
                0.35,
                0.36,
                0.37,
                0.38,
                0.39,
                0.4,
                0.41,
                0.42,
                0.43,
                0.44,
                0.44999999999999996,
                0.45999999999999996,
                0.47,
                0.48,
                0.49,
                0.5
            ]
        }
    },
    "distance_array": [
        11,
        17,
        23
    ],
    "ler_distances": [
        [
            0.24728725877127908,
            0.2702074652918511,
            0.30468669067597787,
            0.3289149097128573,
            0.3474248867394869,
            0.38383000936545225,
            0.40321605122456716,
            0.4199845445687599,
            0.45816075944727486,
            0.47323837016705317,
            0.4826487764853516,
            0.5055611729019212,
            0.5179200331468822,
            0.5328615732205088,
            0.5461317488230861,
            0.558484496470378,
            0.5965305781574364,
            0.6170706422471245,
            0.6412722842118763,
            0.6756391546402897,
            0.7405761682589054
        ],
        [
            0.27245729231942895,
            0.30357489799883425,
            0.3466709191632751,
            0.3770056701652793,
            0.39815574260027553,
            0.43347088809515555,
            0.4577245596689736,
            0.47421233331436485,
            0.49345676331839805,
            0.5031193399074261,
            0.5101260011222772,
            0.5225752508361204,
            0.5333617792948957,
            0.5472495238929143,
            0.5656044614879923,
            0.5807673097696677,
            0.6180087757246153,
            0.6388878240758488,
            0.6638078674508451,
            0.6997606818468084,
            0.7436160561578845
        ],
        [
            0.29249344814676154,
            0.3249897628224711,
            0.36947268857886023,
            0.405242213270872,
            0.427481960261277,
            0.4642611747664766,
            0.4783727671951091,
            0.48831939995312135,
            0.5010120443295457,
            0.510073960724305,
            0.5169027189083014,
            0.5288486963879634,
            0.5380046483601618,
            0.5573452530904794,
            0.577393875005774,
            0.6011493976483036,
            0.6356228468276064,
            0.6585532901322375,
            0.686747153433049,
            0.7149393731411576,
            0.7489514679448772
        ]
    ],
    "n_logical_errors": 50000,
    "n_runs": 1000000,
    "per_list": [
        0.3,
        0.31,
        0.32,
        0.32999999999999996,
        0.33999999999999997,
        0.35,
        0.36,
        0.37,
        0.38,
        0.39,
        0.4,
        0.41,
        0.42,
        0.43,
        0.44,
        0.44999999999999996,
        0.45999999999999996,
        0.47,
        0.48,
        0.49,
        0.5
    ]
}
