{
    "bias": 100,
    "code": "ColourCode",
    "data": {
        "11": {
            "ler": [
                0.13446643717728055,
                0.14515473494745398,
                0.15738613113412447,
                0.16660002665600426,
                0.18008932430485522,
                0.18736416098328712,
                0.1967187315576189,
                0.2130923968632799,
                0.22139567835635848,
                0.23432374168150716,
                0.2544529262086514,
                0.25677896466721445,
                0.2707385748321421,
                0.2829174446896396,
                0.2982937596945472,
                0.3104433130510369,
                0.3263281555932646,
                0.3414834039065701,
                0.34258307639602603,
                0.3619516432604604,
                0.3672420124862284
            ],
            "ler_eb": [
                0.0017691752387608525,
                0.00189797269485032,
                0.0020431288628970806,
                0.0021508830914870295,
                0.002306143017978968,
                0.0023886334310809377,
                0.0024934148011783656,
                0.002673282300282561,
                0.0027627560714957333,
                0.0028997054301243136,
                0.00310713399399126,
                0.003130642219289784,
                0.0032696913412219425,
                0.0033881240544223075,
                0.003533758248440345,
                0.0036457114698988037,
                0.003787858460636443,
                0.003918934112937213,
                0.003928270112262242,
                0.004088766858144762,
                0.004131294687525201
            ],
            "ler_x": [
                0.09490641135972461,
                0.10433722348022993,
                0.11256256098712582,
                0.11858589897374383,
                0.12995245641838352,
                0.13344075545229708,
                0.1395916119132864,
                0.15146607569041937,
                0.15794367693942615,
                0.1667916393288968,
                0.18183206106870228,
                0.18334018077239111,
                0.19655620532813514,
                0.20245572341990606,
                0.21107266435986158,
                0.22246367813237303,
                0.23417308445372667,
                0.24504849064335474,
                0.24515244946899623,
                0.25742000868683945,
                0.2631656261476313
            ],
            "ler_z": [
                0.043674698795180725,
                0.045723741508448004,
                0.0509616292612295,
                0.05491136878581901,
                0.05917735196657542,
                0.06332908641235105,
                0.06708108746114805,
                0.07309069212410502,
                0.07580588026921714,
                0.08088855562845627,
                0.08900763358778625,
                0.09120788824979457,
                0.09486679662118258,
                0.1019634470661461,
                0.10911585729626536,
                0.1154228237923755,
                0.11930557368489754,
                0.12675863953011884,
                0.12942788626241863,
                0.13819313739684377,
                0.14153507161219245
            ],
            "per": [
                0.25,
                0.255,
                0.26,
                0.265,
                0.27,
                0.275,
                0.27999999999999997,
                0.285,
                0.29,
                0.295,
                0.3,
                0.305,
                0.31,
                0.315,
                0.32,
                0.32499999999999996,
                0.32999999999999996,
                0.33499999999999996,
                0.33999999999999997,
                0.345,
                0.35
            ],
            "ratio": null
        }
    },
    "distance_array": [
        3,
        5,
        7,
        9,
        11,
        13,
        17,
        21
    ],
    "ler_distances": [
        [
            0.20644948181180064,
            0.21256695859195646,
            0.22483025315886507,
            0.22579479768786126,
            0.23513920240782543,
            0.23792529145848204,
            0.24512207079125403,
            0.24837315582931796,
            0.2603353118817036,
            0.26831231553528306,
            0.26962899050905953,
            0.2730151796439882,
            0.2808357672433161,
            0.28992230082337933,
            0.2902420618796076,
            0.304228780042592,
            0.3085277057879798,
            0.31484163465776716,
            0.32586027111574556,
            0.3284072249589491,
            0.3364511136531862
        ],
        [
            0.18727994606337553,
            0.19230029614245606,
            0.2018896874747638,
            0.2109882690522407,
            0.21908684602576461,
            0.23044660552150067,
            0.2337868798803011,
            0.24017677010279564,
            0.2519018590357197,
            0.25516713447307987,
            0.265097290705689,
            0.27373261797875836,
            0.28560004569600733,
            0.2919026212855391,
            0.29911462072266093,
            0.3105204322444417,
            0.3126367785906334,
            0.3231644260599793,
            0.3304255881575469,
            0.33460483169376964,
            0.35082795397137245
        ],
        [
            0.16733601070950468,
            0.17325017325017325,
            0.18825301204819278,
            0.19174720049087282,
            0.20267531414673692,
            0.2056597564988483,
            0.2188662727073758,
            0.22680880018144703,
            0.2384244909637118,
            0.25148375414948193,
            0.25863852679495136,
            0.27577077932822236,
            0.2857796067672611,
            0.2897374978269688,
            0.30058915474329684,
            0.3117206982543641,
            0.319959045242209,
            0.3264986287057594,
            0.3470294280955025,
            0.3427944604415193,
            0.3571683691692264
        ],
        [
            0.15649942095214248,
            0.16511458952513045,
            0.1782086466835371,
            0.18242848803269118,
            0.19447685725398678,
            0.20703076477164506,
            0.21522965003658903,
            0.22860277980980248,
            0.23897146680686326,
            0.2602404621870608,
            0.26404731727925645,
            0.2700221418156289,
            0.2800492886748068,
            0.29467232437529467,
            0.3169371196754564,
            0.31713814537612584,
            0.33158697526361164,
            0.34371348044270295,
            0.35729598399313994,
            0.3703978072449811,
            0.38393611303079167
        ],
        [
            0.13446643717728055,
            0.14515473494745398,
            0.15738613113412447,
            0.16660002665600426,
            0.18008932430485522,
            0.18736416098328712,
            0.1967187315576189,
            0.2130923968632799,
            0.22139567835635848,
            0.23432374168150716,
            0.2544529262086514,
            0.25677896466721445,
            0.2707385748321421,
            0.2829174446896396,
            0.2982937596945472,
            0.3104433130510369,
            0.3263281555932646,
            0.3414834039065701,
            0.34258307639602603,
            0.3619516432604604,
            0.3672420124862284
        ]
    ],
    "n_logical_errors": 5000,
    "n_runs": 1000000,