{
    "bias": 100,
    "code": "ColourCode",
    "data": {
        "9": {
            "ler": [
                0.15649942095214248,
                0.16511458952513045,
                0.1782086466835371,
                0.18242848803269118,
                0.19447685725398678,
                0.20703076477164506,
                0.21522965003658903,
                0.22860277980980248,
                0.23897146680686326,
                0.2602404621870608,
                0.26404731727925645,
                0.2700221418156289,
                0.2800492886748068,
                0.29467232437529467,
                0.3169371196754564,
                0.31713814537612584,
                0.33158697526361164,
                0.34371348044270295,
                0.35729598399313994,
                0.3703978072449811,
                0.38393611303079167
            ],
            "ler_eb": [
                0.0020326866054437972,
                0.0021336043247686203,
                0.002284675653666178,
                0.002332762534324876,
                0.0024684363697485587,
                0.0026072222481040566,
                0.0026964252820055002,
                0.0028394585918411,
                0.00294823105938737,
                0.003165447434808723,
                0.0032034776888173475,
                0.003262640472332191,
                0.003360476434976364,
                0.0034998530448585407,
                0.003704404875577992,
                0.0037062090019006205,
                0.003833848198441992,
                0.003937842167383232,
                0.004050873109177415,
                0.004156392196490908,
                0.00426173888778533
            ],
            "ler_x": [
                0.04269304203574447,
                0.04487814543293046,
                0.05057561392878782,
                0.050824576765907764,
                0.05530921820303384,
                0.0590865802658275,
                0.0625887822306401,
                0.06784930504754938,
                0.07035319982794054,
                0.08025815853848957,
                0.08111533586818757,
                0.08262677539558244,
                0.09067995967290243,
                0.09217350306459217,
                0.10015212981744422,
                0.10294304198909045,
                0.11128058889846806,
                0.11370041933044614,
                0.12005145062169502,
                0.1213423216534558,
                0.13169008676956154
            ],
            "ler_z": [
                0.11947165795486557,
                0.1260484776434846,
                0.13526036283280465,
                0.13963076474022185,
                0.1486970050563983,
                0.1587097842739431,
                0.16374671774783695,
                0.17213789319678127,
                0.18109257754624097,
                0.19471191380835892,
                0.19998943810730882,
                0.20478479235297295,
                0.20891676935140585,
                0.2235973597359736,
                0.24087221095334685,
                0.23550678675631104,
                0.24749651833675973,
                0.25874750807726676,
                0.2714020294411891,
                0.2823912882435736,
                0.2927128925746756
            ],
            "per": [
                0.25,
                0.255,
                0.26,
                0.265,
                0.27,
                0.275,
                0.27999999999999997,
                0.285,
                0.29,
                0.295,
                0.3,
                0.305,
                0.31,
                0.315,
                0.32,
                0.32499999999999996,
                0.32999999999999996,
                0.33499999999999996,
                0.33999999999999997,
                0.345,
                0.35
            ],
            "ratio": null
        }
    },
    "distance_array": [
        3,
        5,
        7,
        9,
        11,
        13,
        17,
        21
    ],
    "ler_distances": [
        [
            0.20644948181180064,
            0.21256695859195646,
            0.22483025315886507,
            0.22579479768786126,
            0.23513920240782543,
            0.23792529145848204,
            0.24512207079125403,
            0.24837315582931796,
            0.2603353118817036,
            0.26831231553528306,
            0.26962899050905953,
            0.2730151796439882,
            0.2808357672433161,
            0.28992230082337933,
            0.2902420618796076,
            0.304228780042592,
            0.3085277057879798,
            0.31484163465776716,
            0.32586027111574556,
            0.3284072249589491,
            0.3364511136531862
        ],
        [
            0.18727994606337553,
            0.19230029614245606,
            0.2018896874747638,
            0.2109882690522407,
            0.21908684602576461,
            0.23044660552150067,
            0.2337868798803011,
            0.24017677010279564,
            0.2519018590357197,
            0.25516713447307987,
            0.265097290705689,
            0.27373261797875836,
            0.28560004569600733,
            0.2919026212855391,
            0.29911462072266093,
            0.3105204322444417,
            0.3126367785906334,
            0.3231644260599793,
            0.3304255881575469,
            0.33460483169376964,
            0.35082795397137245
        ],
        [
            0.16733601070950468,
            0.17325017325017325,
            0.18825301204819278,
            0.19174720049087282,
            0.20267531414673692,
            0.2056597564988483,
            0.2188662727073758,
            0.22680880018144703,
            0.2384244909637118,
            0.25148375414948193,
            0.25863852679495136,
            0.27577077932822236,
            0.2857796067672611,
            0.2897374978269688,
            0.30058915474329684,
            0.3117206982543641,
            0.319959045242209,
            0.3264986287057594,
            0.3470294280955025,
            0.3427944604415193,
            0.3571683691692264
        ],
        [
            0.15649942095214248,
            0.16511458952513045,
            0.1782086466835371,
            0.18242848803269118,
            0.19447685725398678,
            0.20703076477164506,
            0.21522965003658903,
            0.22860277980980248,
            0.23897146680686326,
            0.2602404621870608,
            0.26404731727925645,
            0.2700221418156289,
            0.2800492886748068,
            0.29467232437529467,
            0.3169371196754564,
            0.31713814537612584,
            0.33158697526361164,
            0.34371348044270295,
            0.35729598399313994,
            0.3703978072449811,
            0.38393611303079167
        ]
    ],
    "n_logical_errors": 5000,
    "n_runs": 1000000,
    "per_list": [
        0.25,
        0.255,
        0.26,
        0.265,
        0.27,
        0.275,
        0.27999999999999997,
        0.285,
        0.29,
        0.295,
        0.3,
        0.305,
        0.31,
        0.315,
        0.32,
        0.32499999999999996,
        0.32999999999999996,
        0.33499999999999996,
        0.33999999999999997,
        0.345,
        0.35
    ]
}
