{
    "bias": 100,
    "data": {
        "15": {
            "ler": [
                0.23623907394283014,
                0.26633995632024715,
                0.2913243605430286,
                0.31604563698998134,
                0.3487844860660598,
                0.3772588372882635,
                0.4012358062833527,
                0.42000924020328445,
                0.44700728621876534,
                0.46968202526889297,
                0.49096622152395913,
                0.4995004995004995,
                0.5218661935079846
            ],
            "ler_eb": [
                0.0020645739800270145,
                0.002281307130136075,
                0.0024524522143789854,
                0.002613745880992654,
                0.0028146184384237427,
                0.002977098531567362,
                0.0031047568452278883,
                0.003198669595831693,
                0.003324101732877871,
                0.003420362322692768,
                0.0035028772179913404,
                0.0035337657003453996,
                0.0036085596610764
            ],
            "ler_x": [
                0.027852586817859674,
                0.03337239652692697,
                0.0366194721202587,
                0.04288739293954047,
                0.0484461651145757,
                0.05960689629154563,
                0.06491995345664647,
                0.07245159393506657,
                0.08314335523669036,
                0.08980320323141233,
                0.10197368421052631,
                0.1056943056943057,
                0.1186201857843649
            ],
            "ler_z": [
                0.20838648712497046,
                0.2329675597933202,
                0.2547048884227699,
                0.27315824405044087,
                0.3003383209514841,
                0.31765194099671784,
                0.33631585282670623,
                0.3475576462682179,
                0.36386393098207503,
                0.37987882203748063,
                0.38899253731343286,
                0.3938061938061938,
                0.4032460077236197
            ],
            "per": [
                0.28,
                0.29000000000000004,
                0.30000000000000004,
                0.31000000000000005,
                0.32,
                0.33,
                0.34,
                0.35000000000000003,
                0.36000000000000004,
                0.37,
                0.38,
                0.39,
                0.4
            ]
        }
    },
    "distance_array": [
        5,
        7,
        9,
        11,
        13,
        15,
        17,
        19,
        21,
        23,
        25,
        27,
        29
    ],
    "ler_distances": [
        [
            0.2338907730090048,
            0.25463434508046445,
            0.27247213972371326,
            0.2810567734682406,
            0.30320487553439857,
            0.3229661208539224,
            0.33641715727502103,
            0.34963812454109994,
            0.36863641390496554,
            0.37970838396111783,
            0.40246307401295933,
            0.42154961638984906,
            0.4355211009973433
        ],
        [
            0.22092124157737766,
            0.2421893921046258,
            0.25941683096399293,
            0.28025334902752086,
            0.3012411133871551,
            0.3206772703950744,
            0.34034442856170444,
            0.36689169357205753,
            0.38153376573826786,
            0.40022412551028574,
            0.4281005180016268,
            0.4429090264859598,
            0.45728918968355586
        ],
        [
            0.2189046013747209,
            0.2430251774083795,
            0.2637965600928564,
            0.2881180131381814,
            0.3127932436659368,
            0.33190613694447213,
            0.35450935904707886,
            0.3847189627976763,
            0.39971220721080825,
            0.42162071000927565,
            0.449842555105713,
            0.47021206564160434,
            0.4920049200492005
        ],
        [
            0.22842001873044154,
            0.2501626056937009,
            0.27269504513103,
            0.29515938606847697,
            0.31952965235173825,
            0.3413784863277916,
            0.3619778469557663,
            0.3928346951602766,
            0.4071827028787817,
            0.43185351528761445,
            0.44756747079622256,
            0.4596644449551827,
            0.4801459643731694
        ],
        [
            0.19251501617126135,
            0.22291076881924166,
            0.25333772452055836,
            0.27586206896551724,
            0.29912356794591843,
            0.32964135021097046,
            0.3548993860240622,
            0.37940585043821373,
            0.40898122776164575,
            0.43782837127845886,
            0.4600027600165601,
            0.4924895345973898,
            0.5108817819556555
        ],
        [
            0.23623907394283014,
            0.26633995632024715,
            0.2913243605430286,
            0.31604563698998134,
            0.3487844860660598,
            0.3772588372882635,
            0.4012358062833527,
            0.42000924020328445,
            0.44700728621876534,
            0.46968202526889297,
            0.49096622152395913,
            0.4995004995004995,
            0.5218661935079846
        ]
    ],
    "n_logical_errors": 10000,
    "n_runs": 1000000,
    "per_list": [
        0.28,
        0.29000000000000004,
        0.30000000000000004,
        0.31000000000000005,
        0.32,
        0.33,
        0.34,
        0.35000000000000003,
        0.36000000000000004,
        0.37,
        0.38,
        0.39,
        0.4
    ]
}
