{
    "bias": 100,
    "data": {
        "5": {
            "ler": [
                0.269461884616421,
                0.28554132925199593,
                0.301626369383717,
                0.31805604147450783,
                0.33789263123749796,
                0.35267646166759536,
                0.36904454367642175,
                0.3851279009759141,
                0.4022623233062745,
                0.4164549687242318,
                0.43227914858298894
            ],
            "ler_eb": [
                0.001029991832016436,
                0.0010793754360735187,
                0.0011272707048663243,
                0.0011746080972637328,
                0.0012295832242439184,
                0.0012689723886628195,
                0.0013109711567096524,
                0.0013505553068816154,
                0.0013908480021759908,
                0.0014227226106772889,
                0.001456621473225019
            ],
            "ler_x": [
                0.048136671067877446,
                0.05131177686658367,
                0.056096472177983685,
                0.05942559078909704,
                0.06605800940693085,
                0.07018966940108483,
                0.07239177768756688,
                0.07896662481610142,
                0.08445095215491927,
                0.08947118548071398,
                0.09345875192364221
            ],
            "ler_z": [
                0.22132521354854356,
                0.23422955238541227,
                0.24552989720573332,
                0.2586304506854108,
                0.2718346218305671,
                0.2824867922665105,
                0.29665276598885487,
                0.3061612761598127,
                0.3178113711513552,
                0.3269837832435179,
                0.3388203966593467
            ],
            "per": [
                0.3,
                0.31,
                0.32,
                0.33,
                0.34,
                0.35,
                0.36,
                0.37,
                0.38,
                0.39,
                0.4
            ]
        }
    },
    "distance_array": [
        5,
        7,
        9,
        11,
        13,
        15,
        17,
        19,
        21,
        23,
        25,
        27,
        29
    ],
    "ler_distances": [
        [
            0.269461884616421,
            0.28554132925199593,
            0.301626369383717,
            0.31805604147450783,
            0.33789263123749796,
            0.35267646166759536,
            0.36904454367642175,
            0.3851279009759141,
            0.4022623233062745,
            0.4164549687242318,
            0.43227914858298894
        ]
    ],
    "n_logical_errors": 50000,
    "n_runs": 1000000,
    "per_list": [
        0.3,
        0.31,
        0.32,
        0.33,
        0.34,
        0.35,
        0.36,
        0.37,
        0.38,
        0.39,
        0.4
    ]
}
