{
    "bias": 1.5,
    "data": {
        "11": {
            "ler": [
                0.03,
                0.07,
                0.106,
                0.168,
                0.229,
                0.283,
                0.336,
                0.39,
                0.443,
                0.437
            ],
            "ler_eb": [
                NaN,
                NaN,
                NaN,
                NaN,
                NaN,
                NaN,
                NaN,
                NaN,
                NaN,
                NaN
            ],
            "per": [
                0.1,
                0.12222222222222223,
                0.14444444444444443,
                0.16666666666666666,
                0.18888888888888888,
                0.2111111111111111,
                0.2333333333333333,
                0.25555555555555554,
                0.2777777777777778,
                0.3
            ]
        },
        "13": {
            "ler": [
                0.028,
                0.069,
                0.097,
                0.18,
                0.236,
                0.315,
                0.396,
                0.395,
                0.435,
                0.472
            ],
            "ler_eb": [
                NaN,
                NaN,
                NaN,
                NaN,
                NaN,
                NaN,
                NaN,
                NaN,
                NaN,
                NaN
            ],
            "per": [
                0.1,
                0.12222222222222223,
                0.14444444444444443,
                0.16666666666666666,
                0.18888888888888888,
                0.2111111111111111,
                0.2333333333333333,
                0.25555555555555554,
                0.2777777777777778,
                0.3
            ]
        },
        "15": {
            "ler": [
                0.021,
                0.045,
                0.107,
                0.169,
                0.259,
                0.323,
                0.399,
                0.427,
                0.452,
                0.48
            ],
            "ler_eb": [
                NaN,
                NaN,
                NaN,
                NaN,
                NaN,
                NaN,
                NaN,
                NaN,
                NaN,
                NaN
            ],
            "per": [
                0.1,
                0.12222222222222223,
                0.14444444444444443,
                0.16666666666666666,
                0.18888888888888888,
                0.2111111111111111,
                0.2333333333333333,
                0.25555555555555554,
                0.2777777777777778,
                0.3
            ]
        },
        "7": {
            "ler": [
                0.044,
                0.07,
                0.125,
                0.173,
                0.229,
                0.259,
                0.3,
                0.333,
                0.341,
                0.39
            ],
            "ler_eb": [
                NaN,
                NaN,
                NaN,
                NaN,
                NaN,
                NaN,
                NaN,
                NaN,
                NaN,
                NaN
            ],
            "per": [
                0.1,
                0.12222222222222223,
                0.14444444444444443,
                0.16666666666666666,
                0.18888888888888888,
                0.2111111111111111,
                0.2333333333333333,
                0.25555555555555554,
                0.2777777777777778,
                0.3
            ]
        },
        "9": {
            "ler": [
                0.044,
                0.067,
                0.109,
                0.188,
                0.218,
                0.271,
                0.326,
                0.393,
                0.348,
                0.429
            ],
            "ler_eb": [
                NaN,
                NaN,
                NaN,
                NaN,
                NaN,
                NaN,
                NaN,
                NaN,
                NaN,
                NaN
            ],
            "per": [
                0.1,
                0.12222222222222223,
                0.14444444444444443,
                0.16666666666666666,
                0.18888888888888888,
                0.2111111111111111,
                0.2333333333333333,
                0.25555555555555554,
                0.2777777777777778,
                0.3
            ]
        }
    },
    "distance_array": [
        7,
        9,
        11,
        13,
        15
    ],
    "ler_distances": [
        [
            0.044,
            0.07,
            0.125,
            0.173,
            0.229,
            0.259,
            0.3,
            0.333,
            0.341,
            0.39
        ],
        [
            0.044,
            0.067,
            0.109,
            0.188,
            0.218,
            0.271,
            0.326,
            0.393,
            0.348,
            0.429
        ],
        [
            0.03,
            0.07,
            0.106,
            0.168,
            0.229,
            0.283,
            0.336,
            0.39,
            0.443,
            0.437
        ],
        [
            0.028,
            0.069,
            0.097,
            0.18,
            0.236,
            0.315,
            0.396,
            0.395,
            0.435,
            0.472
        ],
        [
            0.021,
            0.045,
            0.107,
            0.169,
            0.259,
            0.323,
            0.399,
            0.427,
            0.452,
            0.48
        ]
    ],
    "n_runs": 1000,
    "per_list": [
        0.1,
        0.12222222222222223,
        0.14444444444444443,
        0.16666666666666666,
        0.18888888888888888,
        0.2111111111111111,
        0.2333333333333333,
        0.25555555555555554,
        0.2777777777777778,
        0.3
    ]
}
