{
    "bias": 30,
    "code": "ColourCode",
    "data": {
        "7": {
            "ler": [
                0.2202020202020202,
                0.20303030303030303,
                0.23535353535353534,
                0.2505050505050505,
                0.25555555555555554,
                0.3181818181818182,
                0.2898989898989899,
                0.30606060606060603,
                0.33131313131313134,
                0.3393939393939394,
                0.35858585858585856,
                0.38181818181818183,
                0.3787878787878788,
                0.3838383838383838,
                0.44036697247706424,
                0.42206477732793524,
                0.45010183299389,
                0.47638603696098564,
                0.46060606060606063,
                0.4927536231884058,
                0.5182012847965739
            ],
            "ler_eb": [
                0.01316994936066936,
                0.012784499732718727,
                0.013482583181369698,
                0.013771301962924679,
                0.013862488938715405,
                0.014803157892702947,
                0.014420018547268619,
                0.014646939607890532,
                0.014959363823122445,
                0.015048933426302855,
                0.015242220754979786,
                0.015440765206192579,
                0.015417018723949325,
                0.015456242533790509,
                0.015849827302314674,
                0.01571269443037069,
                0.015875988765314923,
                0.01600315615526406,
                0.015841644311240716,
                0.016085546732657673,
                0.016349656147356176
            ],
            "ler_x": [
                0.14242424242424243,
                0.15757575757575756,
                0.1717171717171717,
                0.18585858585858586,
                0.19393939393939394,
                0.21818181818181817,
                0.2101010101010101,
                0.22323232323232323,
                0.24444444444444444,
                0.25555555555555554,
                0.2606060606060606,
                0.2717171717171717,
                0.26565656565656565,
                0.2686868686868687,
                0.3251783893985729,
                0.3157894736842105,
                0.329938900203666,
                0.3316221765913758,
                0.32525252525252524,
                0.3612836438923395,
                0.367237687366167
            ],
            "ler_z": [
                0.08787878787878788,
                0.05656565656565657,
                0.07878787878787878,
                0.07777777777777778,
                0.07878787878787878,
                0.11515151515151516,
                0.10606060606060606,
                0.10404040404040404,
                0.12222222222222222,
                0.11515151515151516,
                0.1383838383838384,
                0.15252525252525254,
                0.1595959595959596,
                0.15858585858585858,
                0.17023445463812437,
                0.16396761133603238,
                0.18126272912423624,
                0.20636550308008214,
                0.20303030303030303,
                0.20910973084886128,
                0.21948608137044967
            ],
            "per": [
                0.25,
                0.2575,
                0.265,
                0.2725,
                0.28,
                0.2875,
                0.29500000000000004,
                0.3025,
                0.31,
                0.3175,
                0.325,
                0.3325,
                0.34,
                0.34750000000000003,
                0.35500000000000004,
                0.36250000000000004,
                0.37,
                0.37750000000000006,
                0.385,
                0.3925,
                0.4
            ],
            "ratio": null
        }
    },
    "distance_array": [
        3,
        5,
        7
    ],
    "ler_distances": [
        [
            0.25757575757575757,
            0.2191919191919192,
            0.22323232323232323,
            0.2595959595959596,
            0.25757575757575757,
            0.2828282828282828,
            0.26565656565656565,
            0.28585858585858587,
            0.32525252525252524,
            0.3090909090909091,
            0.28585858585858587,
            0.3181818181818182,
            0.32727272727272727,
            0.3414141414141414,
            0.32626262626262625,
            0.35858585858585856,
            0.3747474747474748,
            0.3967446592065107,
            0.3939393939393939,
            0.4155712841253792,
            0.413265306122449
        ],
        [
            0.20505050505050504,
            0.2191919191919192,
            0.2191919191919192,
            0.24343434343434345,
            0.23737373737373738,
            0.2787878787878788,
            0.30404040404040406,
            0.3090909090909091,
            0.31414141414141417,
            0.32323232323232326,
            0.3747474747474748,
            0.3323232323232323,
            0.3565656565656566,
            0.38686868686868686,
            0.37575757575757573,
            0.3929292929292929,
            0.43914807302231235,
            0.4262626262626263,
            0.44263959390862945,
            0.4494949494949495,
            0.43934760448521915
        ],
        [
            0.2202020202020202,
            0.20303030303030303,
            0.23535353535353534,
            0.2505050505050505,
            0.25555555555555554,
            0.3181818181818182,
            0.2898989898989899,
            0.30606060606060603,
            0.33131313131313134,
            0.3393939393939394,
            0.35858585858585856,
            0.38181818181818183,
            0.3787878787878788,
            0.3838383838383838,
            0.44036697247706424,
            0.42206477732793524,
            0.45010183299389,
            0.47638603696098564,
            0.46060606060606063,
            0.4927536231884058,
            0.5182012847965739
        ]
    ],
    "n_logical_errors": 500,
    "n_runs": 1000,
    "per_list": [
        0.25,
        0.2575,
        0.265,
        0.2725,
        0.28,
        0.2875,
        0.29500000000000004,
        0.3025,
        0.31,
        0.3175,
        0.325,
        0.3325,
        0.34,
        0.34750000000000003,
        0.35500000000000004,
        0.36250000000000004,
        0.37,
        0.37750000000000006,
        0.385,
        0.3925,
        0.4
    ]
}
