{
    "bias": 30,
    "code": "ColourCode",
    "data": {
        "3": {
            "ler": [
                0.21616161616161617,
                0.2222222222222222,
                0.26262626262626265,
                0.23333333333333334,
                0.2292929292929293,
                0.2878787878787879,
                0.29393939393939394,
                0.2909090909090909,
                0.2898989898989899,
                0.296969696969697,
                0.3202020202020202,
                0.3191919191919192,
                0.3505050505050505,
                0.34545454545454546,
                0.34444444444444444,
                0.3787878787878788,
                0.3656565656565657,
                0.3808080808080808,
                0.37575757575757573,
                0.4121212121212121,
                0.4
            ],
            "ler_eb": [
                0.01308232564581102,
                0.01321307533356807,
                0.013986057588683223,
                0.013442315550622743,
                0.0133604905957373,
                0.014390112745089653,
                0.014478790710355563,
                0.014434841118512674,
                0.014420018547268619,
                0.014521968591383003,
                0.014828061251061024,
                0.014815649585519616,
                0.015164127662118677,
                0.015112898447156973,
                0.015102427028705559,
                0.015417018723949325,
                0.015306691005709036,
                0.015432920552086607,
                0.015392633027968363,
                0.015643674897024448,
                0.01556997888323046
            ],
            "ler_x": [
                0.2,
                0.20202020202020202,
                0.2474747474747475,
                0.2222222222222222,
                0.20909090909090908,
                0.27070707070707073,
                0.2767676767676768,
                0.2737373737373737,
                0.2717171717171717,
                0.2737373737373737,
                0.29393939393939394,
                0.296969696969697,
                0.32727272727272727,
                0.31616161616161614,
                0.3151515151515151,
                0.35858585858585856,
                0.3484848484848485,
                0.3616161616161616,
                0.3616161616161616,
                0.3898989898989899,
                0.37777777777777777
            ],
            "ler_z": [
                0.028282828282828285,
                0.026262626262626262,
                0.024242424242424242,
                0.020202020202020204,
                0.028282828282828285,
                0.028282828282828285,
                0.025252525252525252,
                0.025252525252525252,
                0.026262626262626262,
                0.03434343434343434,
                0.03939393939393939,
                0.031313131313131314,
                0.03232323232323232,
                0.04242424242424243,
                0.04040404040404041,
                0.03434343434343434,
                0.029292929292929294,
                0.029292929292929294,
                0.04242424242424243,
                0.04242424242424243,
                0.045454545454545456
            ],
            "per": [
                0.25,
                0.2575,
                0.265,
                0.2725,
                0.28,
                0.2875,
                0.29500000000000004,
                0.3025,
                0.31,
                0.3175,
                0.325,
                0.3325,
                0.34,
                0.34750000000000003,
                0.35500000000000004,
                0.36250000000000004,
                0.37,
                0.37750000000000006,
                0.385,
                0.3925,
                0.4
            ],
            "ratio": null
        }
    },
    "distance_array": [
        3,
        5,
        7
    ],
    "ler_distances": [
        [
            0.21616161616161617,
            0.2222222222222222,
            0.26262626262626265,
            0.23333333333333334,
            0.2292929292929293,
            0.2878787878787879,
            0.29393939393939394,
            0.2909090909090909,
            0.2898989898989899,
            0.296969696969697,
            0.3202020202020202,
            0.3191919191919192,
            0.3505050505050505,
            0.34545454545454546,
            0.34444444444444444,
            0.3787878787878788,
            0.3656565656565657,
            0.3808080808080808,
            0.37575757575757573,
            0.4121212121212121,
            0.4
        ]
    ],
    "n_logical_errors": 500,
    "n_runs": 1000,
    "per_list": [
        0.25,
        0.2575,
        0.265,
        0.2725,
        0.28,
        0.2875,
        0.29500000000000004,
        0.3025,
        0.31,
        0.3175,
        0.325,
        0.3325,
        0.34,
        0.34750000000000003,
        0.35500000000000004,
        0.36250000000000004,
        0.37,
        0.37750000000000006,
        0.385,
        0.3925,
        0.4
    ]
}
