{
    "bias": 30,
    "code": "ColourCode",
    "data": {
        "3": {
            "ler": [
                0.25757575757575757,
                0.2191919191919192,
                0.22323232323232323,
                0.2595959595959596,
                0.25757575757575757,
                0.2828282828282828,
                0.26565656565656565,
                0.28585858585858587,
                0.32525252525252524,
                0.3090909090909091,
                0.28585858585858587,
                0.3181818181818182,
                0.32727272727272727,
                0.3414141414141414,
                0.32626262626262625,
                0.35858585858585856,
                0.3747474747474748,
                0.3967446592065107,
                0.3939393939393939,
                0.4155712841253792,
                0.413265306122449
            ],
            "ler_eb": [
                0.013898277150879485,
                0.013148215754548751,
                0.013234468812312166,
                0.013933677585910097,
                0.013898277150879485,
                0.014313814943721987,
                0.014037581404825241,
                0.014359857584530403,
                0.014888926129247962,
                0.014687097306175758,
                0.014359857584530403,
                0.014803157892702947,
                0.014912718768449535,
                0.01507055881131952,
                0.014900861779933635,
                0.015242220754979786,
                0.015384361892068413,
                0.015603764009661155,
                0.01552941646031934,
                0.015670772029216396,
                0.015729768115821604
            ],
            "ler_x": [
                0.2383838383838384,
                0.20303030303030303,
                0.20606060606060606,
                0.23232323232323232,
                0.24343434343434345,
                0.2717171717171717,
                0.24444444444444444,
                0.26666666666666666,
                0.30606060606060603,
                0.28888888888888886,
                0.2686868686868687,
                0.301010101010101,
                0.30404040404040406,
                0.3191919191919192,
                0.30404040404040406,
                0.3393939393939394,
                0.34545454545454546,
                0.37029501525940994,
                0.37777777777777777,
                0.3852376137512639,
                0.3846938775510204
            ],
            "ler_z": [
                0.024242424242424242,
                0.025252525252525252,
                0.023232323232323233,
                0.03434343434343434,
                0.01818181818181818,
                0.020202020202020204,
                0.03939393939393939,
                0.03333333333333333,
                0.029292929292929294,
                0.031313131313131314,
                0.026262626262626262,
                0.030303030303030304,
                0.03535353535353535,
                0.03333333333333333,
                0.03636363636363636,
                0.026262626262626262,
                0.03939393939393939,
                0.03662258392675483,
                0.030303030303030304,
                0.04853387259858443,
                0.04387755102040816
            ],
            "per": [
                0.25,
                0.2575,
                0.265,
                0.2725,
                0.28,
                0.2875,
                0.29500000000000004,
                0.3025,
                0.31,
                0.3175,
                0.325,
                0.3325,
                0.34,
                0.34750000000000003,
                0.35500000000000004,
                0.36250000000000004,
                0.37,
                0.37750000000000006,
                0.385,
                0.3925,
                0.4
            ],
            "ratio": null
        }
    },
    "distance_array": [
        3,
        5,
        7
    ],
    "ler_distances": [
        [
            0.25757575757575757,
            0.2191919191919192,
            0.22323232323232323,
            0.2595959595959596,
            0.25757575757575757,
            0.2828282828282828,
            0.26565656565656565,
            0.28585858585858587,
            0.32525252525252524,
            0.3090909090909091,
            0.28585858585858587,
            0.3181818181818182,
            0.32727272727272727,
            0.3414141414141414,
            0.32626262626262625,
            0.35858585858585856,
            0.3747474747474748,
            0.3967446592065107,
            0.3939393939393939,
            0.4155712841253792,
            0.413265306122449
        ]
    ],
    "n_logical_errors": 500,
    "n_runs": 1000,
    "per_list": [
        0.25,
        0.2575,
        0.265,
        0.2725,
        0.28,
        0.2875,
        0.29500000000000004,
        0.3025,
        0.31,
        0.3175,
        0.325,
        0.3325,
        0.34,
        0.34750000000000003,
        0.35500000000000004,
        0.36250000000000004,
        0.37,
        0.37750000000000006,
        0.385,
        0.3925,
        0.4
    ]
}
