{
    "bias": 30,
    "code": "ColourCode",
    "data": {
        "5": {
            "ler": [
                0.20505050505050504,
                0.2191919191919192,
                0.2191919191919192,
                0.24343434343434345,
                0.23737373737373738,
                0.2787878787878788,
                0.30404040404040406,
                0.3090909090909091,
                0.31414141414141417,
                0.32323232323232326,
                0.3747474747474748,
                0.3323232323232323,
                0.3565656565656566,
                0.38686868686868686,
                0.37575757575757573,
                0.3929292929292929,
                0.43914807302231235,
                0.4262626262626263,
                0.44263959390862945,
                0.4494949494949495,
                0.43934760448521915
            ],
            "ler_eb": [
                0.012831652602614351,
                0.013148215754548751,
                0.013148215754548751,
                0.01363944309532244,
                0.013522426048656175,
                0.014251180969274933,
                0.01461975406221833,
                0.014687097306175758,
                0.014752386763327303,
                0.014864818082180533,
                0.015384361892068413,
                0.014970830276681493,
                0.015223141246724876,
                0.015478930156084893,
                0.015392633027968363,
                0.015522413370862735,
                0.015804877767337168,
                0.015717287648464046,
                0.015826142473672727,
                0.015809766827658518,
                0.015845883869150888
            ],
            "ler_x": [
                0.045454545454545456,
                0.05656565656565657,
                0.052525252525252523,
                0.05656565656565657,
                0.06565656565656566,
                0.07777777777777778,
                0.07474747474747474,
                0.07171717171717172,
                0.06464646464646465,
                0.10303030303030303,
                0.08484848484848485,
                0.09191919191919191,
                0.09292929292929293,
                0.10707070707070707,
                0.12323232323232323,
                0.11515151515151516,
                0.1328600405679513,
                0.12121212121212122,
                0.14111675126903553,
                0.12323232323232323,
                0.14271151885830785
            ],
            "ler_z": [
                0.1696969696969697,
                0.17676767676767677,
                0.1808080808080808,
                0.19292929292929292,
                0.1898989898989899,
                0.21414141414141413,
                0.24444444444444444,
                0.26464646464646463,
                0.2676767676767677,
                0.2505050505050505,
                0.3090909090909091,
                0.2696969696969697,
                0.29292929292929293,
                0.31313131313131315,
                0.2909090909090909,
                0.3242424242424242,
                0.35192697768762676,
                0.3525252525252525,
                0.349238578680203,
                0.3717171717171717,
                0.3659531090723751
            ],
            "per": [
                0.25,
                0.2575,
                0.265,
                0.2725,
                0.28,
                0.2875,
                0.29500000000000004,
                0.3025,
                0.31,
                0.3175,
                0.325,
                0.3325,
                0.34,
                0.34750000000000003,
                0.35500000000000004,
                0.36250000000000004,
                0.37,
                0.37750000000000006,
                0.385,
                0.3925,
                0.4
            ],
            "ratio": null
        }
    },
    "distance_array": [
        3,
        5,
        7
    ],
    "ler_distances": [
        [
            0.25757575757575757,
            0.2191919191919192,
            0.22323232323232323,
            0.2595959595959596,
            0.25757575757575757,
            0.2828282828282828,
            0.26565656565656565,
            0.28585858585858587,
            0.32525252525252524,
            0.3090909090909091,
            0.28585858585858587,
            0.3181818181818182,
            0.32727272727272727,
            0.3414141414141414,
            0.32626262626262625,
            0.35858585858585856,
            0.3747474747474748,
            0.3967446592065107,
            0.3939393939393939,
            0.4155712841253792,
            0.413265306122449
        ],
        [
            0.20505050505050504,
            0.2191919191919192,
            0.2191919191919192,
            0.24343434343434345,
            0.23737373737373738,
            0.2787878787878788,
            0.30404040404040406,
            0.3090909090909091,
            0.31414141414141417,
            0.32323232323232326,
            0.3747474747474748,
            0.3323232323232323,
            0.3565656565656566,
            0.38686868686868686,
            0.37575757575757573,
            0.3929292929292929,
            0.43914807302231235,
            0.4262626262626263,
            0.44263959390862945,
            0.4494949494949495,
            0.43934760448521915
        ]
    ],
    "n_logical_errors": 500,
    "n_runs": 1000,
    "per_list": [
        0.25,
        0.2575,
        0.265,
        0.2725,
        0.28,
        0.2875,
        0.29500000000000004,
        0.3025,
        0.31,
        0.3175,
        0.325,
        0.3325,
        0.34,
        0.34750000000000003,
        0.35500000000000004,
        0.36250000000000004,
        0.37,
        0.37750000000000006,
        0.385,
        0.3925,
        0.4
    ]
}
