{
    "bias": 1000,
    "code": "XZZX",
    "data": {
        "3": {
            "ler": [
                0.02338,
                0.02809,
                0.03362,
                0.04054,
                0.049986708381898864,
                0.06873324627122139,
                0.09962937871119436,
                0.16096320381160867,
                0.2471088267272907,
                0.35082795397137245,
                0.46257748172818947
            ],
            "ler_eb": [
                0.00047784281515996456,
                0.0005225031282203007,
                0.0005699973298183071,
                0.0006236706534702431,
                0.0006968019567751262,
                0.0009380346982768633,
                0.0013369435727740668,
                0.0020851250662434007,
                0.0030322804039198074,
                0.003997505718633146,
                0.0047957597139353
            ],
            "ler_x": [
                0.02337,
                0.02807,
                0.03347,
                0.03941,
                0.04562092305175552,
                0.054216784658739435,
                0.061869844179651697,
                0.07162862569616586,
                0.08040921221706039,
                0.08363738422677519,
                0.08742714404662781
            ],
            "ler_z": [
                1e-05,
                2e-05,
                0.00016,
                0.00117,
                0.004508925832770996,
                0.015313767269228125,
                0.04048937950822939,
                0.09693204133535074,
                0.1813284570524859,
                0.2903452147067078,
                0.4111388657600148
            ],
            "per": [
                0.38,
                0.39,
                0.4,
                0.41,
                0.42,
                0.43,
                0.44,
                0.45,
                0.45999999999999996,
                0.47,
                0.48
            ],
            "ratio": 157.0
        }
    },
    "distance_array": [
        [
            3,
            471
        ],
        [
            5,
            785
        ],
        [
            7,
            1099
        ]
    ],
    "ler_distances": [
        [
            0.02338,
            0.02809,
            0.03362,
            0.04054,
            0.049986708381898864,
            0.06873324627122139,
            0.09962937871119436,
            0.16096320381160867,
            0.2471088267272907,
            0.35082795397137245,
            0.46257748172818947
        ]
    ],
    "n_logical_errors": 5000,
    "n_runs": 100000,
    "per_list": [
        0.38,
        0.39,
        0.4,
        0.41,
        0.42,
        0.43,
        0.44,
        0.45,
        0.45999999999999996,
        0.47,
        0.48
    ]
}
