{
    "bias": 1000,
    "code": "XZZX",
    "data": {
        "5": {
            "ler": [
                0.00555,
                0.00738,
                0.01124,
                0.01616,
                0.0247,
                0.03891,
                0.07181637987992301,
                0.1447429365446966,
                0.2733734281027884,
                0.41576584067852984,
                0.5242738806752647
            ],
            "ler_eb": [
                0.00023492972353450722,
                0.0002706572666676437,
                0.00033337160047010604,
                0.0003987336755279143,
                0.0004908147308302798,
                0.0006115227869834451,
                0.00097848789493019,
                0.0018930440157855694,
                0.003295542634013934,
                0.004494250502275083,
                0.005113893953538379
            ],
            "ler_x": [
                0.00555,
                0.00738,
                0.01124,
                0.01604,
                0.02376,
                0.03312,
                0.045359225532159375,
                0.06501852709587772,
                0.08490978676872608,
                0.10286046898386829,
                0.12404320016776764
            ],
            "ler_z": [
                0.0,
                0.0,
                0.0,
                0.00013,
                0.00097,
                0.00606,
                0.02767803280572233,
                0.0847325150532654,
                0.20716238381629307,
                0.3480791618160652,
                0.4542308902170494
            ],
            "per": [
                0.38,
                0.39,
                0.4,
                0.41,
                0.42,
                0.43,
                0.44,
                0.45,
                0.45999999999999996,
                0.47,
                0.48
            ],
            "ratio": 157.0
        }
    },
    "distance_array": [
        [
            3,
            471
        ],
        [
            5,
            785
        ],
        [
            7,
            1099
        ]
    ],
    "ler_distances": [
        [
            0.02338,
            0.02809,
            0.03362,
            0.04054,
            0.049986708381898864,
            0.06873324627122139,
            0.09962937871119436,
            0.16096320381160867,
            0.2471088267272907,
            0.35082795397137245,
            0.46257748172818947
        ],
        [
            0.00555,
            0.00738,
            0.01124,
            0.01616,
            0.0247,
            0.03891,
            0.07181637987992301,
            0.1447429365446966,
            0.2733734281027884,
            0.41576584067852984,
            0.5242738806752647
        ]
    ],
    "n_logical_errors": 5000,
    "n_runs": 100000,
    "per_list": [
        0.38,
        0.39,
        0.4,
        0.41,
        0.42,
        0.43,
        0.44,
        0.45,
        0.45999999999999996,
        0.47,
        0.48
    ]
}
