{
    "bias": 10,
    "data": {
        "11": {
            "ler": [
                0.044806882337126985,
                0.052435635257721144,
                0.06181998021760633,
                0.07072135785007072,
                0.07473841554559044,
                0.08460952703274388,
                0.09048136083966703,
                0.10143016533116948
            ],
            "ler_eb": [
                0.001384810408333584,
                0.001614101695561956,
                0.001893528959468279,
                0.002155874960519964,
                0.0022734015522750876,
                0.0025598968233455704,
                0.002728757394534954,
                0.0030404863002634255
            ],
            "per": [
                0.18,
                0.18714285714285714,
                0.19428571428571428,
                0.20142857142857143,
                0.20857142857142857,
                0.21571428571428572,
                0.22285714285714286,
                0.23
            ]
        },
        "13": {
            "ler": [
                0.04798464491362764,
                0.05290445455507354,
                0.07079646017699115,
                0.07526719855486978,
                0.08380122349786306,
                0.09852216748768473,
                0.1056970721911003,
                0.11470520761642579
            ],
            "ler_eb": [
                0.0014805540341019058,
                0.0016281302228649491,
                0.0021580771743628896,
                0.0022888318242539943,
                0.0025365604293100257,
                0.0029580906836556542,
                0.0031608601688147254,
                0.003412927714790384
            ],
            "per": [
                0.18,
                0.18714285714285714,
                0.19428571428571428,
                0.20142857142857143,
                0.20857142857142857,
                0.21571428571428572,
                0.22285714285714286,
                0.23
            ]
        },
        "15": {
            "ler": [
                0.03604772719080062,
                0.04463687898942106,
                0.052739834396919996,
                0.06210408644888834,
                0.06644076805527872,
                0.08120838070488874,
                0.08700948403375967,
                0.09867771857114664
            ],
            "ler_eb": [
                0.0011191947221928292,
                0.0013796790109508305,
                0.0016232051020326679,
                0.0019019430097857348,
                0.0020300446178484217,
                0.002461553976368483,
                0.002629055331176867,
                0.002962505420878247
            ],
            "per": [
                0.18,
                0.18714285714285714,
                0.19428571428571428,
                0.20142857142857143,
                0.20857142857142857,
                0.21571428571428572,
                0.22285714285714286,
                0.23
            ]
        },
        "17": {
            "ler": [
                0.025336981858720988,
                0.033397902611715984,
                0.04067024564828372,
                0.046704964737751625,
                0.054353734101532776,
                0.06885155604516661,
                0.07561436672967864,
                0.08322929671244278
            ],
            "ler_eb": [
                0.0007910102740796096,
                0.0010383483103989304,
                0.0012596815047378276,
                0.0014420380307261257,
                0.0016714513543301165,
                0.0021009863009424545,
                0.002298957341931071,
                0.0025200350895111462
            ],
            "per": [
                0.18,
                0.18714285714285714,
                0.19428571428571428,
                0.20142857142857143,
                0.20857142857142857,
                0.21571428571428572,
                0.22285714285714286,
                0.23
            ]
        },
        "19": {
            "ler": [
                0.029171528588098017,
                0.034654837815359024,
                0.04625988805107092,
                0.05512679162072767,
                0.062131096613855234,
                0.07665184730952015,
                0.08344459279038718,
                0.09906875371507827
            ],
            "ler_eb": [
                0.0009089300021304205,
                0.001076725957140868,
                0.001428629460296768,
                0.0016945308689545085,
                0.0019027427995870181,
                0.002329192420236872,
                0.0025262571842254314,
                0.0029735998373871023
            ],
            "per": [
                0.18,
                0.18714285714285714,
                0.19428571428571428,
                0.20142857142857143,
                0.20857142857142857,
                0.21571428571428572,
                0.22285714285714286,
                0.23
            ]
        }
    },
    "distance_array": [
        11,
        13,
        15,
        17,
        19
    ],
    "ler_distances": [
        [
            0.044806882337126985,
            0.052435635257721144,
            0.06181998021760633,
            0.07072135785007072,
            0.07473841554559044,
            0.08460952703274388,
            0.09048136083966703,
            0.10143016533116948
        ],
        [
            0.04798464491362764,
            0.05290445455507354,
            0.07079646017699115,
            0.07526719855486978,
            0.08380122349786306,
            0.09852216748768473,
            0.1056970721911003,
            0.11470520761642579
        ],
        [
            0.03604772719080062,
            0.04463687898942106,
            0.052739834396919996,
            0.06210408644888834,
            0.06644076805527872,
            0.08120838070488874,
            0.08700948403375967,
            0.09867771857114664
        ],
        [
            0.025336981858720988,
            0.033397902611715984,
            0.04067024564828372,
            0.046704964737751625,
            0.054353734101532776,
            0.06885155604516661,
            0.07561436672967864,
            0.08322929671244278
        ],
        [
            0.029171528588098017,
            0.034654837815359024,
            0.04625988805107092,
            0.05512679162072767,
            0.062131096613855234,
            0.07665184730952015,
            0.08344459279038718,
            0.09906875371507827
        ]
    ],
    "n_logical_errors": 1000,
    "n_runs": 300000,
    "per_list": [
        0.18,
        0.18714285714285714,
        0.19428571428571428,
        0.20142857142857143,
        0.20857142857142857,
        0.21571428571428572,
        0.22285714285714286,
        0.23
    ]
}
