{
    "bias": 3000,
    "data": {
        "17": {
            "ler": [
                0.21963540522732264,
                0.23601604909133822,
                0.2552974214960429,
                0.258732212160414,
                0.25833118057349524,
                0.2751031636863824,
                0.2972651605231867,
                0.3067484662576687,
                0.32341526520051744,
                0.3374957813027337,
                0.36271309394269136,
                0.37425149700598803,
                0.38580246913580246,
                0.4042037186742118,
                0.4244482173174873,
                0.4363001745200698,
                0.44583147570218457,
                0.4518752824220515,
                0.4608294930875576,
                0.4750593824228028,
                0.49455984174085066
            ],
            "ler_eb": [
                0.006135516498670546,
                0.006523544867305306,
                0.0069668724135242294,
                0.007044303609151321,
                0.0070352873300474645,
                0.007406852342766457,
                0.007880245640978544,
                0.008076585956171986,
                0.008412432881420821,
                0.008686857004238031,
                0.009156525971828207,
                0.009361888316058473,
                0.00956134603189106,
                0.009866183732357859,
                0.010182793005915097,
                0.010358797346965112,
                0.010495222592658966,
                0.010579332808557315,
                0.010700481736608598,
                0.01088436228381585,
                0.011118692539031068
            ],
            "ler_x": [
                0.042828904019327915,
                0.04153882464007552,
                0.05310186367117692,
                0.05873221216041397,
                0.05838284680960992,
                0.06464924346629987,
                0.08204518430439953,
                0.07699386503067485,
                0.08279430789133248,
                0.08268646641916975,
                0.09466811751904244,
                0.09543413173652694,
                0.10262345679012345,
                0.1127728375101051,
                0.12606112054329371,
                0.12652705061082026,
                0.1355327686134641,
                0.1296882060551288,
                0.1497695852534562,
                0.1368171021377672,
                0.1513353115727003
            ],
            "ler_z": [
                0.18471337579617833,
                0.2032098182676422,
                0.21342864437069187,
                0.21009055627425616,
                0.21338155515370705,
                0.22310866574965613,
                0.23751486325802615,
                0.24785276073619633,
                0.2626131953428202,
                0.2733715828552143,
                0.3021400072542619,
                0.3106287425149701,
                0.31828703703703703,
                0.32740501212611156,
                0.3395585738539898,
                0.3599476439790576,
                0.35443602318323675,
                0.37324898328061457,
                0.3649769585253456,
                0.3919239904988123,
                0.4055390702274975
            ],
            "per": [
                0.34,
                0.34500000000000003,
                0.35000000000000003,
                0.35500000000000004,
                0.36000000000000004,
                0.365,
                0.37,
                0.375,
                0.38,
                0.385,
                0.39,
                0.395,
                0.4,
                0.405,
                0.41000000000000003,
                0.41500000000000004,
                0.42000000000000004,
                0.42500000000000004,
                0.43,
                0.435,
                0.44
            ]
        }
    },
    "distance_array": [
        5,
        9,
        13,
        17,
        21
    ],
    "ler_distances": [
        [
            0.2868617326448652,
            0.29086678301337987,
            0.3047851264858275,
            0.29895366218236175,
            0.3118178983473651,
            0.3198976327575176,
            0.3304692663582287,
            0.32733224222585927,
            0.3363605785401951,
            0.34818941504178275,
            0.34818941504178275,
            0.3586800573888092,
            0.38211692777990064,
            0.37537537537537535,
            0.3766478342749529,
            0.4048582995951417,
            0.4042037186742118,
            0.41946308724832215,
            0.41220115416323166,
            0.42517006802721086,
            0.43383947939262474
        ],
        [
            0.2543881963876876,
            0.26413100898045433,
            0.280662363177098,
            0.273000273000273,
            0.30129557095510695,
            0.30703101013202333,
            0.318775900541919,
            0.31269543464665417,
            0.3305785123966942,
            0.33692722371967654,
            0.3456619426201175,
            0.34746351633078526,
            0.37579857196542654,
            0.3976143141153082,
            0.3995205753096284,
            0.4050222762251924,
            0.43459365493263796,
            0.4170141784820684,
            0.425531914893617,
            0.4576659038901602,
            0.4411116012351125
        ],
        [
            0.22665457842248413,
            0.2439619419370578,
            0.2702702702702703,
            0.27129679869777534,
            0.2720348204570185,
            0.28401022436807727,
            0.2994908655286014,
            0.3331112591605596,
            0.32916392363396973,
            0.3382949932341001,
            0.3456619426201175,
            0.3543586109142452,
            0.3770739064856712,
            0.4024144869215292,
            0.3929273084479371,
            0.4355400696864111,
            0.44503782821539833,
            0.42426813746287656,
            0.45475216007276037,
            0.4679457182966776,
            0.4662004662004662
        ],
        [
            0.21963540522732264,
            0.23601604909133822,
            0.2552974214960429,
            0.258732212160414,
            0.25833118057349524,
            0.2751031636863824,
            0.2972651605231867,
            0.3067484662576687,
            0.32341526520051744,
            0.3374957813027337,
            0.36271309394269136,
            0.37425149700598803,
            0.38580246913580246,
            0.4042037186742118,
            0.4244482173174873,
            0.4363001745200698,
            0.44583147570218457,
            0.4518752824220515,
            0.4608294930875576,
            0.4750593824228028,
            0.49455984174085066
        ]
    ],
    "n_logical_errors": 1000,
    "n_runs": 1000000,
    "per_list": [
        0.34,
        0.34500000000000003,
        0.35000000000000003,
        0.35500000000000004,
        0.36000000000000004,
        0.365,
        0.37,
        0.375,
        0.38,
        0.385,
        0.39,
        0.395,
        0.4,
        0.405,
        0.41000000000000003,
        0.41500000000000004,
        0.42000000000000004,
        0.42500000000000004,
        0.43,
        0.435,
        0.44
    ]
}
