{
    "bias": 3000,
    "data": {
        "13": {
            "ler": [
                0.22665457842248413,
                0.2439619419370578,
                0.2702702702702703,
                0.27129679869777534,
                0.2720348204570185,
                0.28401022436807727,
                0.2994908655286014,
                0.3331112591605596,
                0.32916392363396973,
                0.3382949932341001,
                0.3456619426201175,
                0.3543586109142452,
                0.3770739064856712,
                0.4024144869215292,
                0.3929273084479371,
                0.4355400696864111,
                0.44503782821539833,
                0.42426813746287656,
                0.45475216007276037,
                0.4679457182966776,
                0.4662004662004662
            ],
            "ler_eb": [
                0.006303057305169508,
                0.006708013232546642,
                0.007300948684714835,
                0.007323522291991046,
                0.007339725204773888,
                0.007599541399758505,
                0.007926664599830513,
                0.008602328136078523,
                0.00852551132319207,
                0.008702174358238139,
                0.008842043690283338,
                0.009004066051060938,
                0.009411194345540976,
                0.009837248385073053,
                0.009681275117833874,
                0.010347720157090793,
                0.01048403876543822,
                0.010180064977763572,
                0.010618709688293393,
                0.010793777194422177,
                0.010771143169682014
            ],
            "ler_x": [
                0.0385312783318223,
                0.04293730178092218,
                0.05054054054054054,
                0.05588714053174173,
                0.04787812840043525,
                0.05396194262993468,
                0.055405810122791256,
                0.06395736175882745,
                0.06319947333772219,
                0.06765899864682003,
                0.08123055651572762,
                0.07866761162296244,
                0.08182503770739065,
                0.08893360160965795,
                0.09548133595284872,
                0.09277003484320558,
                0.10146862483311081,
                0.10861264319049639,
                0.11732605729877217,
                0.12400561534861956,
                0.11655011655011654
            ],
            "ler_z": [
                0.19673617407071622,
                0.21078311783361794,
                0.22972972972972974,
                0.2289744981009224,
                0.23585418933623503,
                0.24140869071286566,
                0.2560646900269542,
                0.29080612924716853,
                0.2814351547070441,
                0.28755074424898514,
                0.2837884548911165,
                0.3008504606661942,
                0.3193815987933635,
                0.3440643863179074,
                0.32612966601178783,
                0.37456445993031356,
                0.38095238095238093,
                0.3563852354688163,
                0.37880854934060937,
                0.39588207767898925,
                0.39254079254079255
            ],
            "per": [
                0.34,
                0.34500000000000003,
                0.35000000000000003,
                0.35500000000000004,
                0.36000000000000004,
                0.365,
                0.37,
                0.375,
                0.38,
                0.385,
                0.39,
                0.395,
                0.4,
                0.405,
                0.41000000000000003,
                0.41500000000000004,
                0.42000000000000004,
                0.42500000000000004,
                0.43,
                0.435,
                0.44
            ]
        }
    },
    "distance_array": [
        5,
        9,
        13,
        17,
        21
    ],
    "ler_distances": [
        [
            0.2868617326448652,
            0.29086678301337987,
            0.3047851264858275,
            0.29895366218236175,
            0.3118178983473651,
            0.3198976327575176,
            0.3304692663582287,
            0.32733224222585927,
            0.3363605785401951,
            0.34818941504178275,
            0.34818941504178275,
            0.3586800573888092,
            0.38211692777990064,
            0.37537537537537535,
            0.3766478342749529,
            0.4048582995951417,
            0.4042037186742118,
            0.41946308724832215,
            0.41220115416323166,
            0.42517006802721086,
            0.43383947939262474
        ],
        [
            0.2543881963876876,
            0.26413100898045433,
            0.280662363177098,
            0.273000273000273,
            0.30129557095510695,
            0.30703101013202333,
            0.318775900541919,
            0.31269543464665417,
            0.3305785123966942,
            0.33692722371967654,
            0.3456619426201175,
            0.34746351633078526,
            0.37579857196542654,
            0.3976143141153082,
            0.3995205753096284,
            0.4050222762251924,
            0.43459365493263796,
            0.4170141784820684,
            0.425531914893617,
            0.4576659038901602,
            0.4411116012351125
        ],
        [
            0.22665457842248413,
            0.2439619419370578,
            0.2702702702702703,
            0.27129679869777534,
            0.2720348204570185,
            0.28401022436807727,
            0.2994908655286014,
            0.3331112591605596,
            0.32916392363396973,
            0.3382949932341001,
            0.3456619426201175,
            0.3543586109142452,
            0.3770739064856712,
            0.4024144869215292,
            0.3929273084479371,
            0.4355400696864111,
            0.44503782821539833,
            0.42426813746287656,
            0.45475216007276037,
            0.4679457182966776,
            0.4662004662004662
        ]
    ],
    "n_logical_errors": 1000,
    "n_runs": 1000000,
    "per_list": [
        0.34,
        0.34500000000000003,
        0.35000000000000003,
        0.35500000000000004,
        0.36000000000000004,
        0.365,
        0.37,
        0.375,
        0.38,
        0.385,
        0.39,
        0.395,
        0.4,
        0.405,
        0.41000000000000003,
        0.41500000000000004,
        0.42000000000000004,
        0.42500000000000004,
        0.43,
        0.435,
        0.44
    ]
}
