{
    "bias": 3000,
    "data": {
        "9": {
            "ler": [
                0.2543881963876876,
                0.26413100898045433,
                0.280662363177098,
                0.273000273000273,
                0.30129557095510695,
                0.30703101013202333,
                0.318775900541919,
                0.31269543464665417,
                0.3305785123966942,
                0.33692722371967654,
                0.3456619426201175,
                0.34746351633078526,
                0.37579857196542654,
                0.3976143141153082,
                0.3995205753096284,
                0.4050222762251924,
                0.43459365493263796,
                0.4170141784820684,
                0.425531914893617,
                0.4576659038901602,
                0.4411116012351125
            ],
            "ler_eb": [
                0.006946296922659797,
                0.007165056866745965,
                0.007527496626722771,
                0.007360887923263777,
                0.00796415118458798,
                0.008082377699365574,
                0.008320137106523212,
                0.008197778032169823,
                0.008553117638321688,
                0.008675943240785255,
                0.008842043690283338,
                0.008875883832701744,
                0.009388960336599816,
                0.009758865497361614,
                0.00979012452625957,
                0.009879370276601325,
                0.010333887285727877,
                0.010068848760279333,
                0.010199176109833548,
                0.010658154543065753,
                0.01042824023053025
            ],
            "ler_x": [
                0.02365810226405495,
                0.0277337559429477,
                0.03115352231265787,
                0.03194103194103194,
                0.03284121723410666,
                0.04052809333742708,
                0.03729678036340452,
                0.029706066291432145,
                0.04198347107438016,
                0.04245283018867924,
                0.049429657794676805,
                0.048644892286309936,
                0.05449079293498685,
                0.052485089463220676,
                0.0519376747902517,
                0.0530579181855002,
                0.0651890482398957,
                0.04962468723936614,
                0.07063829787234042,
                0.06636155606407322,
                0.08204675782973092
            ],
            "ler_z": [
                0.23556346985499874,
                0.24088748019017434,
                0.2582093741229301,
                0.24952224952224952,
                0.27628803856583306,
                0.27970525023027326,
                0.29199872489639783,
                0.2898686679174484,
                0.30016528925619834,
                0.3109838274932615,
                0.3110957483581058,
                0.3113273106323836,
                0.3416009019165727,
                0.3630218687872763,
                0.3619656412305234,
                0.370595382746051,
                0.3959148196436332,
                0.3886572143452877,
                0.38042553191489364,
                0.41922196796338673,
                0.39082487869430965
            ],
            "per": [
                0.34,
                0.34500000000000003,
                0.35000000000000003,
                0.35500000000000004,
                0.36000000000000004,
                0.365,
                0.37,
                0.375,
                0.38,
                0.385,
                0.39,
                0.395,
                0.4,
                0.405,
                0.41000000000000003,
                0.41500000000000004,
                0.42000000000000004,
                0.42500000000000004,
                0.43,
                0.435,
                0.44
            ]
        }
    },
    "distance_array": [
        5,
        9,
        13,
        17,
        21
    ],
    "ler_distances": [
        [
            0.2868617326448652,
            0.29086678301337987,
            0.3047851264858275,
            0.29895366218236175,
            0.3118178983473651,
            0.3198976327575176,
            0.3304692663582287,
            0.32733224222585927,
            0.3363605785401951,
            0.34818941504178275,
            0.34818941504178275,
            0.3586800573888092,
            0.38211692777990064,
            0.37537537537537535,
            0.3766478342749529,
            0.4048582995951417,
            0.4042037186742118,
            0.41946308724832215,
            0.41220115416323166,
            0.42517006802721086,
            0.43383947939262474
        ],
        [
            0.2543881963876876,
            0.26413100898045433,
            0.280662363177098,
            0.273000273000273,
            0.30129557095510695,
            0.30703101013202333,
            0.318775900541919,
            0.31269543464665417,
            0.3305785123966942,
            0.33692722371967654,
            0.3456619426201175,
            0.34746351633078526,
            0.37579857196542654,
            0.3976143141153082,
            0.3995205753096284,
            0.4050222762251924,
            0.43459365493263796,
            0.4170141784820684,
            0.425531914893617,
            0.4576659038901602,
            0.4411116012351125
        ]
    ],
    "n_logical_errors": 1000,
    "n_runs": 1000000,
    "per_list": [
        0.34,
        0.34500000000000003,
        0.35000000000000003,
        0.35500000000000004,
        0.36000000000000004,
        0.365,
        0.37,
        0.375,
        0.38,
        0.385,
        0.39,
        0.395,
        0.4,
        0.405,
        0.41000000000000003,
        0.41500000000000004,
        0.42000000000000004,
        0.42500000000000004,
        0.43,
        0.435,
        0.44
    ]
}
