{
    "bias": 3000,
    "data": {
        "11": {
            "ler": [
                0.3888478438387059,
                0.3992334717342702,
                0.4208577080089222,
                0.4383081306158229,
                0.4525296406914653,
                0.4630058338735068,
                0.47404598246029866,
                0.4831618108904672,
                0.4917387883556255,
                0.49753719090502013,
                0.5000250012500626,
                0.5126102111954071,
                0.5041593143433325
            ],
            "ler_eb": [
                0.0030398655054325236,
                0.003094423918797094,
                0.0032027860332186028,
                0.003284948729402853,
                0.00334832292403474,
                0.0033929014625941984,
                0.0034379088558925547,
                0.003473520756486348,
                0.0035057258462122356,
                0.0035267730285620694,
                0.0035356222931751174,
                0.003578701424292404,
                0.0035500860085669055
            ],
            "ler_x": [
                0.006260450285803165,
                0.007824976045991696,
                0.007449181431757923,
                0.008722331799254876,
                0.010498687664041995,
                0.01018612834521715,
                0.012088172552737616,
                0.014349905783446876,
                0.016325727773406767,
                0.019702472759838798,
                0.022051102555127756,
                0.023836374820586426,
                0.02510713385429796
            ],
            "ler_z": [
                0.3825873935529027,
                0.3914084956882785,
                0.41340852657716426,
                0.42958579881656805,
                0.4420309530274233,
                0.45281970552828965,
                0.461957809907561,
                0.46881190510702037,
                0.4754130605822187,
                0.47783471814518136,
                0.47797389869493473,
                0.4887738363748206,
                0.47905218048903453
            ],
            "per": [
                0.38,
                0.39,
                0.4,
                0.41000000000000003,
                0.42,
                0.43,
                0.44,
                0.45,
                0.46,
                0.47,
                0.48,
                0.49,
                0.5
            ]
        }
    },
    "distance_array": [
        5,
        7,
        9,
        11,
        13,
        15,
        17,
        19,
        21,
        23,
        25,
        27,
        29
    ],
    "ler_distances": [
        [
            0.3439144340887987,
            0.3546979746745646,
            0.3708786114304788,
            0.3844231730288702,
            0.40210704089428606,
            0.4175539688504739,
            0.4230118443316413,
            0.4418912947414936,
            0.45291906336337695,
            0.4613184481247405,
            0.4826953709513926,
            0.49409555808093286,
            0.5029675082989639
        ],
        [
            0.3213780691605605,
            0.34333585112957493,
            0.3573725966692874,
            0.37969396666286975,
            0.39561656842188553,
            0.4149205427160699,
            0.4382312984793374,
            0.44736724377041115,
            0.47205438066465255,
            0.49017205038968675,
            0.4989024146876871,
            0.510073960724305,
            0.5325664376630985
        ],
        [
            0.3331556503198294,
            0.3582046781530967,
            0.3786014462575247,
            0.3952412948104818,
            0.41138719763040976,
            0.4364334657181513,
            0.4494180036852276,
            0.47650814828933574,
            0.49244103018663515,
            0.5082333807684488,
            0.5319431884674717,
            0.5427702996092054,
            0.5542929992794191
        ],
        [
            0.3888478438387059,
            0.3992334717342702,
            0.4208577080089222,
            0.4383081306158229,
            0.4525296406914653,
            0.4630058338735068,
            0.47404598246029866,
            0.4831618108904672,
            0.4917387883556255,
            0.49753719090502013,
            0.5000250012500626,
            0.5126102111954071,
            0.5041593143433325
        ]
    ],
    "n_logical_errors": 10000,
    "n_runs": 1000000,
    "per_list": [
        0.38,
        0.39,
        0.4,
        0.41000000000000003,
        0.42,
        0.43,
        0.44,
        0.45,
        0.46,
        0.47,
        0.48,
        0.49,
        0.5
    ]
}
