{
    "bias": 3000,
    "data": {
        "19": {
            "ler": [
                0.4072324482814791,
                0.4231013327691982,
                0.4401795932740558,
                0.45993928801398215,
                0.4727014890096904,
                0.491690431704199,
                0.4989770969512499,
                0.508957654723127,
                0.5139802631578947,
                0.5268981505874915,
                0.5366822304513498,
                0.5436259853220984,
                0.5411841108345059
            ],
            "ler_eb": [
                0.003135339590400235,
                0.003213617333260772,
                0.0032934742139662616,
                0.0033800396971212085,
                0.003432537122730475,
                0.003505547849198163,
                0.003531908154847514,
                0.003566490924329912,
                0.0035832193555433043,
                0.0036241319139877254,
                0.0036530590674189404,
                0.0036724903389573457,
                0.0036657619749449985
            ],
            "ler_x": [
                0.015230493565727317,
                0.016035540511952613,
                0.021084602517827275,
                0.023824855119124275,
                0.028645710233987237,
                0.034418330219293934,
                0.036225737238660745,
                0.0444828990228013,
                0.052734375,
                0.05801148637968281,
                0.06687060591423818,
                0.07801032889372111,
                0.08561532633401883
            ],
            "ler_z": [
                0.3920019547157518,
                0.4070657922572456,
                0.4190949907562285,
                0.4361144328948579,
                0.4440557787757031,
                0.4572721014849051,
                0.4627513597125892,
                0.46447475570032576,
                0.46124588815789475,
                0.4688866642078086,
                0.46981162453711156,
                0.46561565642837727,
                0.45556878450048705
            ],
            "per": [
                0.38,
                0.39,
                0.4,
                0.41000000000000003,
                0.42,
                0.43,
                0.44,
                0.45,
                0.46,
                0.47,
                0.48,
                0.49,
                0.5
            ]
        }
    },
    "distance_array": [
        5,
        7,
        9,
        11,
        13,
        15,
        17,
        19,
        21,
        23,
        25,
        27,
        29
    ],
    "ler_distances": [
        [
            0.3439144340887987,
            0.3546979746745646,
            0.3708786114304788,
            0.3844231730288702,
            0.40210704089428606,
            0.4175539688504739,
            0.4230118443316413,
            0.4418912947414936,
            0.45291906336337695,
            0.4613184481247405,
            0.4826953709513926,
            0.49409555808093286,
            0.5029675082989639
        ],
        [
            0.3213780691605605,
            0.34333585112957493,
            0.3573725966692874,
            0.37969396666286975,
            0.39561656842188553,
            0.4149205427160699,
            0.4382312984793374,
            0.44736724377041115,
            0.47205438066465255,
            0.49017205038968675,
            0.4989024146876871,
            0.510073960724305,
            0.5325664376630985
        ],
        [
            0.3331556503198294,
            0.3582046781530967,
            0.3786014462575247,
            0.3952412948104818,
            0.41138719763040976,
            0.4364334657181513,
            0.4494180036852276,
            0.47650814828933574,
            0.49244103018663515,
            0.5082333807684488,
            0.5319431884674717,
            0.5427702996092054,
            0.5542929992794191
        ],
        [
            0.3888478438387059,
            0.3992334717342702,
            0.4208577080089222,
            0.4383081306158229,
            0.4525296406914653,
            0.4630058338735068,
            0.47404598246029866,
            0.4831618108904672,
            0.4917387883556255,
            0.49753719090502013,
            0.5000250012500626,
            0.5126102111954071,
            0.5041593143433325
        ],
        [
            0.33908650096639653,
            0.36457763680775823,
            0.39221838719799185,
            0.4045143804862263,
            0.4235672836630099,
            0.4479283314669653,
            0.4767580452920143,
            0.48902146804244706,
            0.5114304710274639,
            0.5306728932286139,
            0.5448106782892945,
            0.5677624481916766,
            0.5799454851243983
        ],
        [
            0.4095339503644852,
            0.42392640637585316,
            0.44210619390777667,
            0.45657930782576933,
            0.4706103816650195,
            0.4837929366231253,
            0.49684503403388486,
            0.5093724531377343,
            0.5040576641967841,
            0.5165022467847735,
            0.517651930841702,
            0.5159692482328053,
            0.5270369979972594
        ],
        [
            0.4443654461429079,
            0.4511820970943873,
            0.471120324130783,
            0.4765308553728854,
            0.48501309535357456,
            0.4925865720900448,
            0.49416880806483493,
            0.49952545082171934,
            0.4986536351850005,
            0.4975867044832562,
            0.5054845068998636,
            0.5077688636132832,
            0.5127153404429861
        ],
        [
            0.4072324482814791,
            0.4231013327691982,
            0.4401795932740558,
            0.45993928801398215,
            0.4727014890096904,
            0.491690431704199,
            0.4989770969512499,
            0.508957654723127,
            0.5139802631578947,
            0.5268981505874915,
            0.5366822304513498,
            0.5436259853220984,
            0.5411841108345059
        ]
    ],
    "n_logical_errors": 10000,
    "n_runs": 1000000,
    "per_list": [
        0.38,
        0.39,
        0.4,
        0.41000000000000003,
        0.42,
        0.43,
        0.44,
        0.45,
        0.46,
        0.47,
        0.48,
        0.49,
        0.5
    ]
}
