{
    "bias": 3000,
    "code": "ColourCode",
    "data": {
        "11": {
            "ler": [
                0.23403856955626287,
                0.244164469186444,
                0.2550630005611386,
                0.2657312925170068,
                0.2751334397182634,
                0.28483536515893815,
                0.3079007328037441,
                0.31430726678400805,
                0.32469640885771806,
                0.33588606744592236,
                0.3459489379367605,
                0.3536818278276862,
                0.36603221083455345,
                0.37976606410451164,
                0.39366978978033224,
                0.4057782827463074,
                0.41851510839541306,
                0.42279722645019446,
                0.4318908180012093,
                0.4570801718621446,
                0.46057479734708917
            ],
            "ler_eb": [
                0.0028967157696851596,
                0.003002002954545972,
                0.0031133090557860822,
                0.0032202175151253057,
                0.0033127404312039157,
                0.0034065276887212978,
                0.0036225126861586993,
                0.003680731969589358,
                0.0037734796549841933,
                0.003871045564448168,
                0.003956697304348187,
                0.004021156053912099,
                0.004121619529396683,
                0.004229693655585859,
                0.004335125651669831,
                0.004423622493839818,
                0.00451331199206384,
                0.00454267149880284,
                0.004603677294725239,
                0.004762941323534462,
                0.004783885585264871
            ],
            "ler_x": [
                0.20693690320164762,
                0.21589022365465377,
                0.2265469570984033,
                0.23246173469387754,
                0.24272272051945193,
                0.2491170103680073,
                0.27089106472073404,
                0.27602464168971586,
                0.28300538996038704,
                0.2926911191723767,
                0.30173666366844254,
                0.3094715993492254,
                0.3184480234260615,
                0.33032052255810423,
                0.3443035981418786,
                0.3541632851809771,
                0.3644429563907257,
                0.367495349230509,
                0.3798911635138637,
                0.3944601883170308,
                0.39793662490788506
            ],
            "ler_z": [
                0.034637708294326906,
                0.035941009864244554,
                0.03739223588226292,
                0.04219812925170068,
                0.043250976723711,
                0.04620029622877977,
                0.051665742964468256,
                0.05192356047271813,
                0.05786090005844535,
                0.062340454117963184,
                0.06171729052791808,
                0.06585555634151517,
                0.07108345534407028,
                0.07473796141576788,
                0.0762932052594284,
                0.08058756695341665,
                0.08437264585251528,
                0.09039404701505158,
                0.08922864299904984,
                0.10138038211902367,
                0.10620854826823876
            ],
            "per": [
                0.34,
                0.34500000000000003,
                0.35000000000000003,
                0.35500000000000004,
                0.36000000000000004,
                0.365,
                0.37,
                0.375,
                0.38,
                0.385,
                0.39,
                0.395,
                0.4,
                0.405,
                0.41000000000000003,
                0.41500000000000004,
                0.42000000000000004,
                0.42500000000000004,
                0.43,
                0.435,
                0.44
            ],
            "ratio": null
        }
    },
    "distance_array": [
        3,
        5,
        7,
        9,
        11,
        13,
        17,
        21
    ],
    "ler_distances": [
        [
            0.31677648251393814,
            0.3297500494625074,
            0.32598774286086846,
            0.33306687982946975,
            0.345447008428907,
            0.3448275862068966,
            0.3550632012498225,
            0.3574747980267391,
            0.3651767455448437,
            0.37310648459070217,
            0.3741674773628676,
            0.37991034115948635,
            0.3898635477582846,
            0.3914813654870028,
            0.39717213440305027,
            0.4059100503328462,
            0.41445623342175064,
            0.4138387684158252,
            0.4279356384799726,
            0.43308791684711995,
            0.42380064417697916
        ],
        [
            0.2923292797006548,
            0.29411764705882354,
            0.2958229795290498,
            0.3111581305619516,
            0.31308703819661865,
            0.3181066293421555,
            0.3296848213108268,
            0.3356605800214823,
            0.34008978370289755,
            0.35298270384751146,
            0.3566079452250196,
            0.36675713342624516,
            0.375290850409067,
            0.37795751757502455,
            0.378931413414172,
            0.3931126660901014,
            0.3961023528479759,
            0.4033233846898443,
            0.412609341475491,
            0.42462845010615713,
            0.4283389017390559
        ],
        [
            0.25302363240726683,
            0.2661981579087473,
            0.2706067002218975,
            0.2799552071668533,
            0.2906300860265055,
            0.2937202608235916,
            0.30748416456552485,
            0.3294024639304302,
            0.3250341285835013,
            0.3277613897082924,
            0.3433830094086945,
            0.34501794093292854,
            0.3536067892503536,
            0.36762002793912213,
            0.3698224852071006,
            0.38217534204693115,
            0.3969514131470308,
            0.40433446546983665,
            0.4103742613263296,
            0.41128567903265606,
            0.4336513443191674
        ],
        [
            0.25187647977431865,
            0.26933850463262227,
            0.2738525577828897,
            0.2817218841559612,
            0.2959981056121241,
            0.3023888720895071,
            0.30759766225776686,
            0.3189792663476874,
            0.33738191632928477,
            0.34310025389418786,
            0.35511363636363635,
            0.36611261624075564,
            0.37976606410451164,
            0.3894384297842511,
            0.398406374501992,
            0.40459621297944653,
            0.41017227235438886,
            0.429331959471063,
            0.4278990158322636,
            0.4471472008585226,
            0.45322697606961565
        ],
        [
            0.23403856955626287,
            0.244164469186444,
            0.2550630005611386,
            0.2657312925170068,
            0.2751334397182634,
            0.28483536515893815,
            0.3079007328037441,
            0.31430726678400805,
            0.32469640885771806,
            0.33588606744592236,
            0.3459489379367605,
            0.3536818278276862,
            0.36603221083455345,
            0.37976606410451164,
            0.39366978978033224,
            0.4057782827463074,
            0.41851510839541306,
            0.42279722645019446,
            0.4318908180012093,
            0.4570801718621446,
            0.46057479734708917
        ]
    ],
    "n_logical_errors": 5000,
    "n_runs": 1000000,