{
    "bias": 3000,
    "data": {
        "13": {
            "ler": [
                0.33908650096639653,
                0.36457763680775823,
                0.39221838719799185,
                0.4045143804862263,
                0.4235672836630099,
                0.4479283314669653,
                0.4767580452920143,
                0.48902146804244706,
                0.5114304710274639,
                0.5306728932286139,
                0.5448106782892945,
                0.5677624481916766,
                0.5799454851243983
            ],
            "ler_eb": [
                0.0027566575085543497,
                0.002906171725943859,
                0.003057748263145137,
                0.0031215450313578407,
                0.0032158569267559055,
                0.0033281758323684967,
                0.0034486515064495746,
                0.003495660540598013,
                0.0035747838601387426,
                0.003635504810209668,
                0.0036757134195331766,
                0.003732741474782963,
                0.003758720220470476
            ],
            "ler_x": [
                0.05069343189447628,
                0.05650953370520252,
                0.0669516786946972,
                0.06994053638606852,
                0.07831759074929052,
                0.08662933930571108,
                0.10073897497020262,
                0.10425937698664971,
                0.1144581394159464,
                0.12412438972617279,
                0.13347861618087714,
                0.1453471867370692,
                0.15304761352432872
            ],
            "ler_z": [
                0.28839306907192025,
                0.30806810310255567,
                0.32526670850329464,
                0.3345738441001578,
                0.3452496929137193,
                0.3612989921612542,
                0.3760190703218117,
                0.38476209105579734,
                0.3969723316115174,
                0.4065485035024411,
                0.41133206210841733,
                0.4224152614546074,
                0.4268978716000696
            ],
            "per": [
                0.38,
                0.39,
                0.4,
                0.41000000000000003,
                0.42,
                0.43,
                0.44,
                0.45,
                0.46,
                0.47,
                0.48,
                0.49,
                0.5
            ]
        }
    },
    "distance_array": [
        5,
        7,
        9,
        11,
        13,
        15,
        17,
        19,
        21,
        23,
        25,
        27,
        29
    ],
    "ler_distances": [
        [
            0.3439144340887987,
            0.3546979746745646,
            0.3708786114304788,
            0.3844231730288702,
            0.40210704089428606,
            0.4175539688504739,
            0.4230118443316413,
            0.4418912947414936,
            0.45291906336337695,
            0.4613184481247405,
            0.4826953709513926,
            0.49409555808093286,
            0.5029675082989639
        ],
        [
            0.3213780691605605,
            0.34333585112957493,
            0.3573725966692874,
            0.37969396666286975,
            0.39561656842188553,
            0.4149205427160699,
            0.4382312984793374,
            0.44736724377041115,
            0.47205438066465255,
            0.49017205038968675,
            0.4989024146876871,
            0.510073960724305,
            0.5325664376630985
        ],
        [
            0.3331556503198294,
            0.3582046781530967,
            0.3786014462575247,
            0.3952412948104818,
            0.41138719763040976,
            0.4364334657181513,
            0.4494180036852276,
            0.47650814828933574,
            0.49244103018663515,
            0.5082333807684488,
            0.5319431884674717,
            0.5427702996092054,
            0.5542929992794191
        ],
        [
            0.3888478438387059,
            0.3992334717342702,
            0.4208577080089222,
            0.4383081306158229,
            0.4525296406914653,
            0.4630058338735068,
            0.47404598246029866,
            0.4831618108904672,
            0.4917387883556255,
            0.49753719090502013,
            0.5000250012500626,
            0.5126102111954071,
            0.5041593143433325
        ],
        [
            0.33908650096639653,
            0.36457763680775823,
            0.39221838719799185,
            0.4045143804862263,
            0.4235672836630099,
            0.4479283314669653,
            0.4767580452920143,
            0.48902146804244706,
            0.5114304710274639,
            0.5306728932286139,
            0.5448106782892945,
            0.5677624481916766,
            0.5799454851243983
        ]
    ],
    "n_logical_errors": 10000,
    "n_runs": 1000000,
    "per_list": [
        0.38,
        0.39,
        0.4,
        0.41000000000000003,
        0.42,
        0.43,
        0.44,
        0.45,
        0.46,
        0.47,
        0.48,
        0.49,
        0.5
    ]
}
