{
    "bias": 3000,
    "code": "ColourCode",
    "data": {
        "3": {
            "ler": [
                0.31677648251393814,
                0.3297500494625074,
                0.32598774286086846,
                0.33306687982946975,
                0.345447008428907,
                0.3448275862068966,
                0.3550632012498225,
                0.3574747980267391,
                0.3651767455448437,
                0.37310648459070217,
                0.3741674773628676,
                0.37991034115948635,
                0.3898635477582846,
                0.3914813654870028,
                0.39717213440305027,
                0.4059100503328462,
                0.41445623342175064,
                0.4138387684158252,
                0.4279356384799726,
                0.43308791684711995,
                0.42380064417697916
            ],
            "ler_eb": [
                0.003702962665731795,
                0.003817844735612546,
                0.0037848630164841724,
                0.0038466935479284127,
                0.003952472345211171,
                0.003947251527395441,
                0.004032545171847651,
                0.004052336587135183,
                0.0041147601509413725,
                0.004177771508119126,
                0.0041861048111571375,
                0.0042308083947685884,
                0.0043066652353446495,
                0.0043187994096030805,
                0.0043610435966211615,
                0.004424568316506782,
                0.004485112641964294,
                0.004480791298584599,
                0.004577368749942136,
                0.004611571236630636,
                0.004549492930806532
            ],
            "ler_x": [
                0.316523061327927,
                0.3290905493635824,
                0.32566175511800755,
                0.3327338129496403,
                0.34517065082216386,
                0.3447586206896552,
                0.35492117596932254,
                0.3573318081075284,
                0.36503067484662577,
                0.37303186329378407,
                0.37409264386739505,
                0.3795304308183269,
                0.38978557504873296,
                0.39132477294080803,
                0.39701326554928906,
                0.40566650430264656,
                0.4141246684350133,
                0.413756000662142,
                0.42750770284149264,
                0.4329146816803811,
                0.4232920834039668
            ],
            "ler_z": [
                0.00025342118601115053,
                0.0007914001187100178,
                0.0004563828400052158,
                0.0005329070077271516,
                0.000690894016857814,
                0.00020689655172413793,
                0.00021303792074989347,
                0.0002859798384213913,
                0.00021910604732690623,
                0.00022386389075442132,
                0.00022450048641772056,
                0.00045589240939138365,
                0.00023391812865497077,
                0.000548073911681804,
                0.00023830328064183018,
                0.00040591005033284623,
                0.000663129973474801,
                0.00024830326104949513,
                0.0004279356384799726,
                0.0006929406669553919,
                0.0005085607730123749
            ],
            "per": [
                0.34,
                0.34500000000000003,
                0.35000000000000003,
                0.35500000000000004,
                0.36000000000000004,
                0.365,
                0.37,
                0.375,
                0.38,
                0.385,
                0.39,
                0.395,
                0.4,
                0.405,
                0.41000000000000003,
                0.41500000000000004,
                0.42000000000000004,
                0.42500000000000004,
                0.43,
                0.435,
                0.44
            ],
            "ratio": null
        }
    },
    "distance_array": [
        3,
        5,
        7,
        9,
        11,
        13,
        17,
        21
    ],
    "ler_distances": [
        [
            0.31677648251393814,
            0.3297500494625074,
            0.32598774286086846,
            0.33306687982946975,
            0.345447008428907,
            0.3448275862068966,
            0.3550632012498225,
            0.3574747980267391,
            0.3651767455448437,
            0.37310648459070217,
            0.3741674773628676,
            0.37991034115948635,
            0.3898635477582846,
            0.3914813654870028,
            0.39717213440305027,
            0.4059100503328462,
            0.41445623342175064,
            0.4138387684158252,
            0.4279356384799726,
            0.43308791684711995,
            0.42380064417697916
        ]
    ],
    "n_logical_errors": 5000,
    "n_runs": 1000000,
    "per_list": [
        0.34,
        0.34500000000000003,
        0.35000000000000003,
        0.35500000000000004,
        0.36000000000000004,
        0.365,
        0.37,
        0.375,
        0.38,
        0.385,
        0.39,
        0.395,
        0.4,
        0.405,
        0.41000000000000003,
        0.41500000000000004,
        0.42000000000000004,
        0.42500000000000004,
        0.43,
        0.435,
        0.44
    ]
}
