{
    "bias": 3000,
    "code": "ColourCode",
    "data": {
        "9": {
            "ler": [
                0.25187647977431865,
                0.26933850463262227,
                0.2738525577828897,
                0.2817218841559612,
                0.2959981056121241,
                0.3023888720895071,
                0.30759766225776686,
                0.3189792663476874,
                0.33738191632928477,
                0.34310025389418786,
                0.35511363636363635,
                0.36611261624075564,
                0.37976606410451164,
                0.3894384297842511,
                0.398406374501992,
                0.40459621297944653,
                0.41017227235438886,
                0.429331959471063,
                0.4278990158322636,
                0.4471472008585226,
                0.45322697606961565
            ],
            "ler_eb": [
                0.0030809827528288517,
                0.0032559037137906617,
                0.0033002299814856254,
                0.00337661775302669,
                0.003512293850430052,
                0.00357180304126427,
                0.003619739284014824,
                0.003722696403949628,
                0.0038839035873453154,
                0.0039326526052459515,
                0.004032960275261166,
                0.004122263479703547,
                0.004229693655585859,
                0.004303467585258921,
                0.004370115237826812,
                0.0044151209728131935,
                0.004454960820282984,
                0.004586696373294933,
                0.004577123522663979,
                0.004701866246640548,
                0.00473951922067119
            ],
            "ler_x": [
                0.02574177623293537,
                0.027957336780866194,
                0.02946653521743893,
                0.03138381789497408,
                0.03380298366090457,
                0.03652857574841246,
                0.03617348508151338,
                0.0389792663476874,
                0.04399460188933873,
                0.04220133122898511,
                0.04651988636363636,
                0.04883942300651681,
                0.055521798572079596,
                0.05763688760806916,
                0.05768924302788845,
                0.061094028159896424,
                0.05988515176374077,
                0.0660312553666495,
                0.06760804450149764,
                0.07413700590234305,
                0.07840826686004351
            ],
            "ler_z": [
                0.2319782378721475,
                0.2482223658694247,
                0.25057509037134407,
                0.258789722785666,
                0.27184466019417475,
                0.2771091623828243,
                0.28237465395262995,
                0.2915470494417863,
                0.30526315789473685,
                0.3144856927194126,
                0.3236505681818182,
                0.334773376290547,
                0.3433085219504785,
                0.3506503621777397,
                0.360796812749004,
                0.36583589577601555,
                0.3723543888433142,
                0.3896616864159368,
                0.38750534873769793,
                0.4028796279735289,
                0.4072697606961566
            ],
            "per": [
                0.34,
                0.34500000000000003,
                0.35000000000000003,
                0.35500000000000004,
                0.36000000000000004,
                0.365,
                0.37,
                0.375,
                0.38,
                0.385,
                0.39,
                0.395,
                0.4,
                0.405,
                0.41000000000000003,
                0.41500000000000004,
                0.42000000000000004,
                0.42500000000000004,
                0.43,
                0.435,
                0.44
            ],
            "ratio": null
        }
    },
    "distance_array": [
        3,
        5,
        7,
        9,
        11,
        13,
        17,
        21
    ],
    "ler_distances": [
        [
            0.31677648251393814,
            0.3297500494625074,
            0.32598774286086846,
            0.33306687982946975,
            0.345447008428907,
            0.3448275862068966,
            0.3550632012498225,
            0.3574747980267391,
            0.3651767455448437,
            0.37310648459070217,
            0.3741674773628676,
            0.37991034115948635,
            0.3898635477582846,
            0.3914813654870028,
            0.39717213440305027,
            0.4059100503328462,
            0.41445623342175064,
            0.4138387684158252,
            0.4279356384799726,
            0.43308791684711995,
            0.42380064417697916
        ],
        [
            0.2923292797006548,
            0.29411764705882354,
            0.2958229795290498,
            0.3111581305619516,
            0.31308703819661865,
            0.3181066293421555,
            0.3296848213108268,
            0.3356605800214823,
            0.34008978370289755,
            0.35298270384751146,
            0.3566079452250196,
            0.36675713342624516,
            0.375290850409067,
            0.37795751757502455,
            0.378931413414172,
            0.3931126660901014,
            0.3961023528479759,
            0.4033233846898443,
            0.412609341475491,
            0.42462845010615713,
            0.4283389017390559
        ],
        [
            0.25302363240726683,
            0.2661981579087473,
            0.2706067002218975,
            0.2799552071668533,
            0.2906300860265055,
            0.2937202608235916,
            0.30748416456552485,
            0.3294024639304302,
            0.3250341285835013,
            0.3277613897082924,
            0.3433830094086945,
            0.34501794093292854,
            0.3536067892503536,
            0.36762002793912213,
            0.3698224852071006,
            0.38217534204693115,
            0.3969514131470308,
            0.40433446546983665,
            0.4103742613263296,
            0.41128567903265606,
            0.4336513443191674
        ],
        [
            0.25187647977431865,
            0.26933850463262227,
            0.2738525577828897,
            0.2817218841559612,
            0.2959981056121241,
            0.3023888720895071,
            0.30759766225776686,
            0.3189792663476874,
            0.33738191632928477,
            0.34310025389418786,
            0.35511363636363635,
            0.36611261624075564,
            0.37976606410451164,
            0.3894384297842511,
            0.398406374501992,
            0.40459621297944653,
            0.41017227235438886,
            0.429331959471063,
            0.4278990158322636,
            0.4471472008585226,
            0.45322697606961565
        ]
    ],
    "n_logical_errors": 5000,
    "n_runs": 1000000,
    "per_list": [
        0.34,
        0.34500000000000003,
        0.35000000000000003,
        0.35500000000000004,
        0.36000000000000004,
        0.365,
        0.37,
        0.375,
        0.38,
        0.385,
        0.39,
        0.395,
        0.4,
        0.405,
        0.41000000000000003,
        0.41500000000000004,
        0.42000000000000004,
        0.42500000000000004,
        0.43,
        0.435,
        0.44
    ]
}
