{
    "bias": 3000,
    "code": "ColourCode",
    "data": {
        "21": {
            "ler": [
                0.20044900577293137,
                0.21553582205362531,
                0.22943146882026338,
                0.25085289985952236,
                0.2642287163768958,
                0.27759271596713303,
                0.29475918174851146,
                0.30873726458783574,
                0.3235408308528536,
                0.3433594286499107,
                0.35665882017262285,
                0.3783006733751986,
                0.3861003861003861,
                0.4078303425774878,
                0.4213009774182676,
                0.41823504809703055,
                0.4540913631822723,
                0.46202180742931065,
                0.4749240121580547,
                0.4975124378109453,
                0.5031193399074261
            ],
            "ler_eb": [
                0.002534790017669002,
                0.002699734250933118,
                0.0028482205651914707,
                0.0030705606147806764,
                0.003205283365506078,
                0.0033366766489727976,
                0.0035006690943258116,
                0.003630158792457105,
                0.0037632657523498855,
                0.003934846833034924,
                0.004045653110729208,
                0.004218347085924584,
                0.004278227882991338,
                0.004438309738180088,
                0.0045324585275246625,
                0.004511377805773367,
                0.004744803399636517,
                0.004792474473302485,
                0.004866875144630131,
                0.004987484954621186,
                0.005015474842606076
            ],
            "ler_x": [
                0.045702373316228354,
                0.0517717044572808,
                0.05754141238012206,
                0.0628135661248244,
                0.0687523120012683,
                0.07200755052187431,
                0.07758061663620822,
                0.08564371719666564,
                0.08761485699495276,
                0.10005493750858399,
                0.10742563663599401,
                0.11681924793826133,
                0.1183011583011583,
                0.12732463295269167,
                0.13515335355578026,
                0.13759933082392303,
                0.15311960766506222,
                0.15967473664756976,
                0.166508358662614,
                0.18248756218905474,
                0.18665727510565505
            ],
            "ler_z": [
                0.1617623476587556,
                0.17191137166997156,
                0.1822144725370532,
                0.20043146698775838,
                0.20921629762722613,
                0.22046413502109705,
                0.23350822378117078,
                0.2430379746835443,
                0.2594797463439886,
                0.2699491828045598,
                0.2777658891504387,
                0.29363698267382915,
                0.3044787644787645,
                0.31949429037520394,
                0.32861476238624876,
                0.3276453366792137,
                0.3567341749159931,
                0.3576972833117723,
                0.37044072948328266,
                0.38686567164179103,
                0.3905212316361441
            ],
            "per": [
                0.34,
                0.34500000000000003,
                0.35000000000000003,
                0.35500000000000004,
                0.36000000000000004,
                0.365,
                0.37,
                0.375,
                0.38,
                0.385,
                0.39,
                0.395,
                0.4,
                0.405,
                0.41000000000000003,
                0.41500000000000004,
                0.42000000000000004,
                0.42500000000000004,
                0.43,
                0.435,
                0.44
            ],
            "ratio": null
        }
    },
    "distance_array": [
        3,
        5,
        7,
        9,
        11,
        13,
        17,
        21
    ],