{
    "bias": 3000,
    "data": {
        "15": {
            "ler": [
                0.4095339503644852,
                0.42392640637585316,
                0.44210619390777667,
                0.45657930782576933,
                0.4706103816650195,
                0.4837929366231253,
                0.49684503403388486,
                0.5093724531377343,
                0.5040576641967841,
                0.5165022467847735,
                0.517651930841702,
                0.5159692482328053,
                0.5270369979972594
            ],
            "ler_eb": [
                0.0031469321294679137,
                0.0032175807408064846,
                0.0033021923677631314,
                0.003365769038223045,
                0.003424121870733196,
                0.003475933785268259,
                0.0035242916026810285,
                0.003567889691992568,
                0.0035497340311895762,
                0.003591446862497192,
                0.003595159067445849,
                0.003589717693435445,
                0.003624554949830604
            ],
            "ler_x": [
                0.00888688672290933,
                0.01030141167493323,
                0.013130553959060966,
                0.014016984750251118,
                0.016753729587274696,
                0.020706337687469763,
                0.023451085606399365,
                0.02862673186634067,
                0.033267805836987754,
                0.034037498063116574,
                0.04177451081892535,
                0.048965481657293225,
                0.05143881100453252
            ],
            "ler_z": [
                0.4006470636415759,
                0.4136249947009199,
                0.4289756399487157,
                0.44256232307551824,
                0.45385665207774484,
                0.4630865989356555,
                0.47339394842748544,
                0.48074572127139364,
                0.47078985835979636,
                0.48246474872165696,
                0.47587742002277666,
                0.4670037665755121,
                0.4755981869927269
            ],
            "per": [
                0.38,
                0.39,
                0.4,
                0.41000000000000003,
                0.42,
                0.43,
                0.44,
                0.45,
                0.46,
                0.47,
                0.48,
                0.49,
                0.5
            ]
        }
    },
    "distance_array": [
        5,
        7,
        9,
        11,
        13,
        15,
        17,
        19,
        21,
        23,
        25,
        27,
        29
    ],
    "ler_distances": [
        [
            0.3439144340887987,
            0.3546979746745646,
            0.3708786114304788,
            0.3844231730288702,
            0.40210704089428606,
            0.4175539688504739,
            0.4230118443316413,
            0.4418912947414936,
            0.45291906336337695,
            0.4613184481247405,
            0.4826953709513926,
            0.49409555808093286,
            0.5029675082989639
        ],
        [
            0.3213780691605605,
            0.34333585112957493,
            0.3573725966692874,
            0.37969396666286975,
            0.39561656842188553,
            0.4149205427160699,
            0.4382312984793374,
            0.44736724377041115,
            0.47205438066465255,
            0.49017205038968675,
            0.4989024146876871,
            0.510073960724305,
            0.5325664376630985
        ],
        [
            0.3331556503198294,
            0.3582046781530967,
            0.3786014462575247,
            0.3952412948104818,
            0.41138719763040976,
            0.4364334657181513,
            0.4494180036852276,
            0.47650814828933574,
            0.49244103018663515,
            0.5082333807684488,
            0.5319431884674717,
            0.5427702996092054,
            0.5542929992794191
        ],
        [
            0.3888478438387059,
            0.3992334717342702,
            0.4208577080089222,
            0.4383081306158229,
            0.4525296406914653,
            0.4630058338735068,
            0.47404598246029866,
            0.4831618108904672,
            0.4917387883556255,
            0.49753719090502013,
            0.5000250012500626,
            0.5126102111954071,
            0.5041593143433325
        ],
        [
            0.33908650096639653,
            0.36457763680775823,
            0.39221838719799185,
            0.4045143804862263,
            0.4235672836630099,
            0.4479283314669653,
            0.4767580452920143,
            0.48902146804244706,
            0.5114304710274639,
            0.5306728932286139,
            0.5448106782892945,
            0.5677624481916766,
            0.5799454851243983
        ],
        [
            0.4095339503644852,
            0.42392640637585316,
            0.44210619390777667,
            0.45657930782576933,
            0.4706103816650195,
            0.4837929366231253,
            0.49684503403388486,
            0.5093724531377343,
            0.5040576641967841,
            0.5165022467847735,
            0.517651930841702,
            0.5159692482328053,
            0.5270369979972594
        ]
    ],
    "n_logical_errors": 10000,
    "n_runs": 1000000,
    "per_list": [
        0.38,
        0.39,
        0.4,
        0.41000000000000003,
        0.42,
        0.43,
        0.44,
        0.45,
        0.46,
        0.47,
        0.48,
        0.49,
        0.5
    ]
}
