{
    "bias": 3000,
    "data": {
        "7": {
            "ler": [
                0.3213780691605605,
                0.34333585112957493,
                0.3573725966692874,
                0.37969396666286975,
                0.39561656842188553,
                0.4149205427160699,
                0.4382312984793374,
                0.44736724377041115,
                0.47205438066465255,
                0.49017205038968675,
                0.4989024146876871,
                0.510073960724305,
                0.5325664376630985
            ],
            "ler_eb": [
                0.0026474647261590253,
                0.0027822157701603988,
                0.0028648432748516017,
                0.0029904510566500053,
                0.0030756063341371965,
                0.0031737474300929584,
                0.0032845975245139785,
                0.003325695582275509,
                0.0034299408258900116,
                0.0034999381075739118,
                0.0035316427147634396,
                0.003570248247475395,
                0.0036411094999291463
            ],
            "ler_x": [
                0.30604833526160174,
                0.32816040650964773,
                0.3398613394324923,
                0.3605573907430611,
                0.3770225897060569,
                0.3931372142234762,
                0.4143038695823656,
                0.4237462532993334,
                0.4467050604229607,
                0.4620361746973188,
                0.4708640989822391,
                0.48135679673552667,
                0.5035415668104596
            ],
            "ler_z": [
                0.015329733898958735,
                0.015175444619927213,
                0.017511257236795082,
                0.019136575919808635,
                0.01859397871582862,
                0.02178332849259367,
                0.02392742889697182,
                0.023620990471077706,
                0.02534932024169184,
                0.02813587569236802,
                0.028038315705448014,
                0.028717163988778372,
                0.029024870852638867
            ],
            "per": [
                0.38,
                0.39,
                0.4,
                0.41000000000000003,
                0.42,
                0.43,
                0.44,
                0.45,
                0.46,
                0.47,
                0.48,
                0.49,
                0.5
            ]
        }
    },
    "distance_array": [
        5,
        7,
        9,
        11,
        13,
        15,
        17,
        19,
        21,
        23,
        25,
        27,
        29
    ],
    "ler_distances": [
        [
            0.3439144340887987,
            0.3546979746745646,
            0.3708786114304788,
            0.3844231730288702,
            0.40210704089428606,
            0.4175539688504739,
            0.4230118443316413,
            0.4418912947414936,
            0.45291906336337695,
            0.4613184481247405,
            0.4826953709513926,
            0.49409555808093286,
            0.5029675082989639
        ],
        [
            0.3213780691605605,
            0.34333585112957493,
            0.3573725966692874,
            0.37969396666286975,
            0.39561656842188553,
            0.4149205427160699,
            0.4382312984793374,
            0.44736724377041115,
            0.47205438066465255,
            0.49017205038968675,
            0.4989024146876871,
            0.510073960724305,
            0.5325664376630985
        ]
    ],
    "n_logical_errors": 10000,
    "n_runs": 1000000,
    "per_list": [
        0.38,
        0.39,
        0.4,
        0.41000000000000003,
        0.42,
        0.43,
        0.44,
        0.45,
        0.46,
        0.47,
        0.48,
        0.49,
        0.5
    ]
}
