{
    "bias": 3000,
    "data": {
        "21": {
            "ler": [
                0.4437935472418231,
                0.4639510067736847,
                0.468471844842125,
                0.48828125,
                0.49038838760298153,
                0.49229557426278736,
                0.5035246727089627,
                0.4989522003792037,
                0.5091390458734281,
                0.5064573309698658,
                0.5165022467847735,
                0.5119803399549457,
                0.5246314464088977
            ],
            "ler_eb": [
                0.0033097789899266122,
                0.003396834312740666,
                0.003415439776771091,
                0.0034928964667540275,
                0.0035007398261623335,
                0.003507772395672005,
                0.0035478854650377195,
                0.0035318196769249235,
                0.003567102985277714,
                0.0035579940265367776,
                0.003591446862497192,
                0.0035766129395735685,
                0.003617175188275937
            ],
            "ler_x": [
                0.002751519992899303,
                0.0041291639602857935,
                0.004356788157031762,
                0.005859375,
                0.0074048646528050216,
                0.008910549894156452,
                0.011480362537764351,
                0.01357149985031434,
                0.01761621098722061,
                0.02025829323879463,
                0.023345901554671762,
                0.028005324595535532,
                0.03158281307381564
            ],
            "ler_z": [
                0.4410420272489238,
                0.4598218428133989,
                0.46411505668509323,
                0.482421875,
                0.48298352295017655,
                0.4833850243686309,
                0.4920443101711984,
                0.4853807005288893,
                0.4915228348862074,
                0.48619903773107115,
                0.49315634523010177,
                0.4839750153594102,
                0.4930486333350821
            ],
            "per": [
                0.38,
                0.39,
                0.4,
                0.41000000000000003,
                0.42,
                0.43,
                0.44,
                0.45,
                0.46,
                0.47,
                0.48,
                0.49,
                0.5
            ]
        }
    },
    "distance_array": [
        5,
        7,
        9,
        11,
        13,
        15,
        17,
        19,
        21,
        23,
        25,
        27,
        29
    ],
    "ler_distances": [
        [
            0.3439144340887987,
            0.3546979746745646,
            0.3708786114304788,
            0.3844231730288702,
            0.40210704089428606,
            0.4175539688504739,
            0.4230118443316413,
            0.4418912947414936,
            0.45291906336337695,
            0.4613184481247405,
            0.4826953709513926,
            0.49409555808093286,
            0.5029675082989639
        ],
        [
            0.3213780691605605,
            0.34333585112957493,
            0.3573725966692874,
            0.37969396666286975,
            0.39561656842188553,
            0.4149205427160699,
            0.4382312984793374,
            0.44736724377041115,
            0.47205438066465255,
            0.49017205038968675,
            0.4989024146876871,
            0.510073960724305,
            0.5325664376630985
        ],
        [
            0.3331556503198294,
            0.3582046781530967,
            0.3786014462575247,
            0.3952412948104818,
            0.41138719763040976,
            0.4364334657181513,
            0.4494180036852276,
            0.47650814828933574,
            0.49244103018663515,
            0.5082333807684488,
            0.5319431884674717,
            0.5427702996092054,
            0.5542929992794191
        ],
        [
            0.3888478438387059,
            0.3992334717342702,
            0.4208577080089222,
            0.4383081306158229,
            0.4525296406914653,
            0.4630058338735068,
            0.47404598246029866,
            0.4831618108904672,
            0.4917387883556255,
            0.49753719090502013,
            0.5000250012500626,
            0.5126102111954071,
            0.5041593143433325
        ],
        [
            0.33908650096639653,
            0.36457763680775823,
            0.39221838719799185,
            0.4045143804862263,
            0.4235672836630099,
            0.4479283314669653,
            0.4767580452920143,
            0.48902146804244706,
            0.5114304710274639,
            0.5306728932286139,
            0.5448106782892945,
            0.5677624481916766,
            0.5799454851243983
        ],
        [
            0.4095339503644852,
            0.42392640637585316,
            0.44210619390777667,
            0.45657930782576933,
            0.4706103816650195,
            0.4837929366231253,
            0.49684503403388486,
            0.5093724531377343,
            0.5040576641967841,
            0.5165022467847735,
            0.517651930841702,
            0.5159692482328053,
            0.5270369979972594
        ],
        [
            0.4443654461429079,
            0.4511820970943873,
            0.471120324130783,
            0.4765308553728854,
            0.48501309535357456,
            0.4925865720900448,
            0.49416880806483493,
            0.49952545082171934,
            0.4986536351850005,
            0.4975867044832562,
            0.5054845068998636,
            0.5077688636132832,
            0.5127153404429861
        ],
        [
            0.4072324482814791,
            0.4231013327691982,
            0.4401795932740558,
            0.45993928801398215,
            0.4727014890096904,
            0.491690431704199,
            0.4989770969512499,
            0.508957654723127,
            0.5139802631578947,
            0.5268981505874915,
            0.5366822304513498,
            0.5436259853220984,
            0.5411841108345059
        ],
        [
            0.4437935472418231,
            0.4639510067736847,
            0.468471844842125,
            0.48828125,
            0.49038838760298153,
            0.49229557426278736,
            0.5035246727089627,
            0.4989522003792037,
            0.5091390458734281,
            0.5064573309698658,
            0.5165022467847735,
            0.5119803399549457,
            0.5246314464088977
        ]
    ],
    "n_logical_errors": 10000,
    "n_runs": 1000000,
    "per_list": [
        0.38,
        0.39,
        0.4,
        0.41000000000000003,
        0.42,
        0.43,
        0.44,
        0.45,
        0.46,
        0.47,
        0.48,
        0.49,
        0.5
    ]
}
