{
    "bias": 3000,
    "code": "ColourCode",
    "data": {
        "7": {
            "ler": [
                0.25302363240726683,
                0.2661981579087473,
                0.2706067002218975,
                0.2799552071668533,
                0.2906300860265055,
                0.2937202608235916,
                0.30748416456552485,
                0.3294024639304302,
                0.3250341285835013,
                0.3277613897082924,
                0.3433830094086945,
                0.34501794093292854,
                0.3536067892503536,
                0.36762002793912213,
                0.3698224852071006,
                0.38217534204693115,
                0.3969514131470308,
                0.40433446546983665,
                0.4103742613263296,
                0.41128567903265606,
                0.4336513443191674
            ],
            "ler_eb": [
                0.0030926410419701103,
                0.0032248494336493626,
                0.0032683941773953332,
                0.0033595669842676895,
                0.00346172010861157,
                0.003490898945157006,
                0.003618700218866962,
                0.003814809169849936,
                0.003776459826701672,
                0.0038004455665632737,
                0.003935046406898345,
                0.003948856745282709,
                0.004020536284100507,
                0.00413431168664819,
                0.004151831906954491,
                0.004248252087415475,
                0.004359417891505601,
                0.0044132344147575445,
                0.004456391410813117,
                0.004462835568608542,
                0.004615275514383083
            ],
            "ler_x": [
                0.24330752492282778,
                0.2545919182239259,
                0.2607566163338204,
                0.26802911534154533,
                0.2763892118112067,
                0.28050284908653,
                0.2932783961625976,
                0.31444759206798867,
                0.30969251771436,
                0.31202884300229433,
                0.3257331227250876,
                0.32949213359094676,
                0.3367043847241867,
                0.3485773104918756,
                0.3520710059171598,
                0.3610792631659405,
                0.3772626230549381,
                0.38395600841015687,
                0.389198949441891,
                0.39088590935263634,
                0.4098005203816132
            ],
            "ler_z": [
                0.012853600526289156,
                0.01570569131661609,
                0.01401742707149429,
                0.016461366181410975,
                0.01860032550569635,
                0.019091816953533455,
                0.019678986532193594,
                0.021411160155477962,
                0.02268738217512839,
                0.02359882005899705,
                0.026303138520705996,
                0.024979298923544023,
                0.026874115983026876,
                0.02970369825748107,
                0.028328402366863906,
                0.03263777421080792,
                0.029691965703397903,
                0.03153808830664726,
                0.035045961917268546,
                0.034877025581969236,
                0.041717259323503904
            ],
            "per": [
                0.34,
                0.34500000000000003,
                0.35000000000000003,
                0.35500000000000004,
                0.36000000000000004,
                0.365,
                0.37,
                0.375,
                0.38,
                0.385,
                0.39,
                0.395,
                0.4,
                0.405,
                0.41000000000000003,
                0.41500000000000004,
                0.42000000000000004,
                0.42500000000000004,
                0.43,
                0.435,
                0.44
            ],
            "ratio": null
        }
    },
    "distance_array": [
        3,
        5,
        7,
        9,
        11,
        13,
        17,
        21
    ],
    "ler_distances": [
        [
            0.31677648251393814,
            0.3297500494625074,
            0.32598774286086846,
            0.33306687982946975,
            0.345447008428907,
            0.3448275862068966,
            0.3550632012498225,
            0.3574747980267391,
            0.3651767455448437,
            0.37310648459070217,
            0.3741674773628676,
            0.37991034115948635,
            0.3898635477582846,
            0.3914813654870028,
            0.39717213440305027,
            0.4059100503328462,
            0.41445623342175064,
            0.4138387684158252,
            0.4279356384799726,
            0.43308791684711995,
            0.42380064417697916
        ],
        [
            0.2923292797006548,
            0.29411764705882354,
            0.2958229795290498,
            0.3111581305619516,
            0.31308703819661865,
            0.3181066293421555,
            0.3296848213108268,
            0.3356605800214823,
            0.34008978370289755,
            0.35298270384751146,
            0.3566079452250196,
            0.36675713342624516,
            0.375290850409067,
            0.37795751757502455,
            0.378931413414172,
            0.3931126660901014,
            0.3961023528479759,
            0.4033233846898443,
            0.412609341475491,
            0.42462845010615713,
            0.4283389017390559
        ],
        [
            0.25302363240726683,
            0.2661981579087473,
            0.2706067002218975,
            0.2799552071668533,
            0.2906300860265055,
            0.2937202608235916,
            0.30748416456552485,
            0.3294024639304302,
            0.3250341285835013,
            0.3277613897082924,
            0.3433830094086945,
            0.34501794093292854,
            0.3536067892503536,
            0.36762002793912213,
            0.3698224852071006,
            0.38217534204693115,
            0.3969514131470308,
            0.40433446546983665,
            0.4103742613263296,
            0.41128567903265606,
            0.4336513443191674
        ]
    ],
    "n_logical_errors": 5000,
    "n_runs": 1000000,
    "per_list": [
        0.34,
        0.34500000000000003,
        0.35000000000000003,
        0.35500000000000004,
        0.36000000000000004,
        0.365,
        0.37,
        0.375,
        0.38,
        0.385,
        0.39,
        0.395,
        0.4,
        0.405,
        0.41000000000000003,
        0.41500000000000004,
        0.42000000000000004,
        0.42500000000000004,
        0.43,
        0.435,
        0.44
    ]
}
