{
    "bias": 3000,
    "code": "ColourCode",
    "data": {
        "5": {
            "ler": [
                0.2923292797006548,
                0.29411764705882354,
                0.2958229795290498,
                0.3111581305619516,
                0.31308703819661865,
                0.3181066293421555,
                0.3296848213108268,
                0.3356605800214823,
                0.34008978370289755,
                0.35298270384751146,
                0.3566079452250196,
                0.36675713342624516,
                0.375290850409067,
                0.37795751757502455,
                0.378931413414172,
                0.3931126660901014,
                0.3961023528479759,
                0.4033233846898443,
                0.412609341475491,
                0.42462845010615713,
                0.4283389017390559
            ],
            "ler_eb": [
                0.003477786584625496,
                0.0034946383869764973,
                0.003510652385900736,
                0.0036522115010685138,
                0.0036697032097237734,
                0.0037148899425587753,
                0.0038172752577613194,
                0.0038691035231840495,
                0.003907068357934359,
                0.004015377383696191,
                0.004045235963569536,
                0.004127420534901797,
                0.004194902852072403,
                0.004215683603435829,
                0.004223236371815468,
                0.004330978937339141,
                0.004353154575532375,
                0.00440593321368326,
                0.004472162460045715,
                0.004555103802915755,
                0.004580067054150178
            ],
            "ler_x": [
                0.0002923292797006548,
                0.0006470588235294118,
                0.00029582297952904983,
                0.00031115813056195157,
                0.0007514088916718848,
                0.0007634559104211731,
                0.0009890544639324806,
                0.00046992481203007516,
                0.0004081077404434771,
                0.0007765619484645253,
                0.0004992511233150275,
                0.00029340570674099613,
                0.0006755235307363207,
                0.0005291405246050344,
                0.0009852216748768472,
                0.000550357732526142,
                0.000871425176265547,
                0.0004839880616278132,
                0.0005776530780656874,
                0.0011040339702760086,
                0.0005996744624346784
            ],
            "ler_z": [
                0.29221234798877455,
                0.29358823529411765,
                0.295763814933144,
                0.3109714356836144,
                0.3123982467125861,
                0.31766128006107647,
                0.328959514703943,
                0.3353249194414608,
                0.33981771187593524,
                0.35248852806212494,
                0.3563939804578846,
                0.36668378199955987,
                0.3747654432184943,
                0.3776551515609646,
                0.37824933687002654,
                0.3926409308907933,
                0.39554780955398877,
                0.4030813906590304,
                0.41219673213401553,
                0.42420382165605097,
                0.4281675661783603
            ],
            "per": [
                0.34,
                0.34500000000000003,
                0.35000000000000003,
                0.35500000000000004,
                0.36000000000000004,
                0.365,
                0.37,
                0.375,
                0.38,
                0.385,
                0.39,
                0.395,
                0.4,
                0.405,
                0.41000000000000003,
                0.41500000000000004,
                0.42000000000000004,
                0.42500000000000004,
                0.43,
                0.435,
                0.44
            ],
            "ratio": null
        }
    },
    "distance_array": [
        3,
        5,
        7,
        9,
        11,
        13,
        17,
        21
    ],
    "ler_distances": [
        [
            0.31677648251393814,
            0.3297500494625074,
            0.32598774286086846,
            0.33306687982946975,
            0.345447008428907,
            0.3448275862068966,
            0.3550632012498225,
            0.3574747980267391,
            0.3651767455448437,
            0.37310648459070217,
            0.3741674773628676,
            0.37991034115948635,
            0.3898635477582846,
            0.3914813654870028,
            0.39717213440305027,
            0.4059100503328462,
            0.41445623342175064,
            0.4138387684158252,
            0.4279356384799726,
            0.43308791684711995,
            0.42380064417697916
        ],
        [
            0.2923292797006548,
            0.29411764705882354,
            0.2958229795290498,
            0.3111581305619516,
            0.31308703819661865,
            0.3181066293421555,
            0.3296848213108268,
            0.3356605800214823,
            0.34008978370289755,
            0.35298270384751146,
            0.3566079452250196,
            0.36675713342624516,
            0.375290850409067,
            0.37795751757502455,
            0.378931413414172,
            0.3931126660901014,
            0.3961023528479759,
            0.4033233846898443,
            0.412609341475491,
            0.42462845010615713,
            0.4283389017390559
        ]
    ],
    "n_logical_errors": 5000,
    "n_runs": 1000000,
    "per_list": [
        0.34,
        0.34500000000000003,
        0.35000000000000003,
        0.35500000000000004,
        0.36000000000000004,
        0.365,
        0.37,
        0.375,
        0.38,
        0.385,
        0.39,
        0.395,
        0.4,
        0.405,
        0.41000000000000003,
        0.41500000000000004,
        0.42000000000000004,
        0.42500000000000004,
        0.43,
        0.435,
        0.44
    ]
}
