{
    "bias": 3000,
    "data": {
        "5": {
            "ler": [
                0.2868617326448652,
                0.29086678301337987,
                0.3047851264858275,
                0.29895366218236175,
                0.3118178983473651,
                0.3198976327575176,
                0.3304692663582287,
                0.32733224222585927,
                0.3363605785401951,
                0.34818941504178275,
                0.34818941504178275,
                0.3586800573888092,
                0.38211692777990064,
                0.37537537537537535,
                0.3766478342749529,
                0.4048582995951417,
                0.4042037186742118,
                0.41946308724832215,
                0.41220115416323166,
                0.42517006802721086,
                0.43383947939262474
            ],
            "ler_eb": [
                0.007660541823494213,
                0.00774565309143925,
                0.008036247377771954,
                0.007915479716859665,
                0.008179989132445198,
                0.008342537539737934,
                0.00855098874844127,
                0.008489636416799236,
                0.008665052109905234,
                0.008889478191996997,
                0.008889478191996997,
                0.009083319763553515,
                0.009498377499239296,
                0.009381565827665342,
                0.009403774599982954,
                0.009876731270245465,
                0.009866183732357859,
                0.010106683566827371,
                0.009993636942387162,
                0.010193712240989718,
                0.01032283204328683
            ],
            "ler_x": [
                0.0011474469305794606,
                0.0005817335660267597,
                0.0009143553794574825,
                0.00029895366218236175,
                0.0009354536950420954,
                0.0009596928982725527,
                0.0006609385327164573,
                0.0003273322422258593,
                0.0010090817356205853,
                0.0006963788300835655,
                0.0,
                0.0,
                0.0007642338555598013,
                0.0022522522522522522,
                0.0003766478342749529,
                0.0008097165991902834,
                0.0,
                0.0012583892617449664,
                0.0008244023083264633,
                0.0017006802721088435,
                0.0008676789587852494
            ],
            "ler_z": [
                0.28600114744693056,
                0.2902850494473531,
                0.30387077110637,
                0.2986547085201794,
                0.31088244465232306,
                0.31925783749200254,
                0.33013879709187044,
                0.32733224222585927,
                0.3353514968045745,
                0.34784122562674097,
                0.34818941504178275,
                0.3586800573888092,
                0.38135269392434085,
                0.3734984984984985,
                0.3766478342749529,
                0.4040485829959514,
                0.4042037186742118,
                0.4190436241610738,
                0.41220115416323166,
                0.4247448979591837,
                0.4334056399132321
            ],
            "per": [
                0.34,
                0.34500000000000003,
                0.35000000000000003,
                0.35500000000000004,
                0.36000000000000004,
                0.365,
                0.37,
                0.375,
                0.38,
                0.385,
                0.39,
                0.395,
                0.4,
                0.405,
                0.41000000000000003,
                0.41500000000000004,
                0.42000000000000004,
                0.42500000000000004,
                0.43,
                0.435,
                0.44
            ]
        }
    },
    "distance_array": [
        5,
        9,
        13,
        17,
        21
    ],
    "ler_distances": [
        [
            0.2868617326448652,
            0.29086678301337987,
            0.3047851264858275,
            0.29895366218236175,
            0.3118178983473651,
            0.3198976327575176,
            0.3304692663582287,
            0.32733224222585927,
            0.3363605785401951,
            0.34818941504178275,
            0.34818941504178275,
            0.3586800573888092,
            0.38211692777990064,
            0.37537537537537535,
            0.3766478342749529,
            0.4048582995951417,
            0.4042037186742118,
            0.41946308724832215,
            0.41220115416323166,
            0.42517006802721086,
            0.43383947939262474
        ]
    ],
    "n_logical_errors": 1000,
    "n_runs": 1000000,
    "per_list": [
        0.34,
        0.34500000000000003,
        0.35000000000000003,
        0.35500000000000004,
        0.36000000000000004,
        0.365,
        0.37,
        0.375,
        0.38,
        0.385,
        0.39,
        0.395,
        0.4,
        0.405,
        0.41000000000000003,
        0.41500000000000004,
        0.42000000000000004,
        0.42500000000000004,
        0.43,
        0.435,
        0.44
    ]
}
