{
    "bias": 3000,
    "code": "ColourCode",
    "data": {
        "13": {
            "ler": [
                0.23265553022195337,
                0.24425989252564728,
                0.2537813419957365,
                0.27109086965950985,
                0.27975158059643035,
                0.28663150653519837,
                0.2993832704628465,
                0.3177427554651754,
                0.3256480395988016,
                0.33704078193461406,
                0.3543586109142452,
                0.3747002398081535,
                0.37548813457494745,
                0.3950071101279823,
                0.40361640297061674,
                0.41785057663379577,
                0.4277891854893908,
                0.4339524388127061,
                0.44591099616516544,
                0.4619791185438418,
                0.478423117405033
            ],
            "ler_eb": [
                0.0028821963361344346,
                0.0030029866051171895,
                0.0031003286904066315,
                0.0032731550902096278,
                0.0033575980482184907,
                0.0034237014469810493,
                0.003543910764193927,
                0.0037116304860783755,
                0.0037818715847602797,
                0.003880975117543803,
                0.00402674075281407,
                0.004190280539103894,
                0.0041964452637124625,
                0.004345052679049999,
                0.0044080514057767166,
                0.004508719728320991,
                0.004576387914119143,
                0.004617252159269065,
                0.004694106576611437,
                0.0047922217901677725,
                0.004886369691164351
            ],
            "ler_x": [
                0.0404355311525755,
                0.04040058622374206,
                0.046949548269211244,
                0.049338538278030794,
                0.05315280031332177,
                0.055950470075670715,
                0.06077480390395785,
                0.0617691916624301,
                0.06753940341279145,
                0.06875631951466127,
                0.07632884479092841,
                0.07808752997601918,
                0.08455992790627816,
                0.08634855427397693,
                0.09226670971908299,
                0.09936486712351664,
                0.10361054072553046,
                0.10597118555806284,
                0.11424239721751539,
                0.11475561304629031,
                0.12802602621758682
            ],
            "ler_z": [
                0.20082825368759016,
                0.21152906692721055,
                0.21708455994315298,
                0.23411407503795273,
                0.23918760140994796,
                0.2459298326072002,
                0.25603257289982634,
                0.2731952211489578,
                0.2775823889540185,
                0.28837209302325584,
                0.3014883061658398,
                0.31946942446043164,
                0.31751276659657557,
                0.33607204929688733,
                0.3433968356474007,
                0.3526658866789236,
                0.35994182067077346,
                0.3674709251865996,
                0.37724070275572996,
                0.39009516769842,
                0.4037891110898479
            ],
            "per": [
                0.34,
                0.34500000000000003,
                0.35000000000000003,
                0.35500000000000004,
                0.36000000000000004,
                0.365,
                0.37,
                0.375,
                0.38,
                0.385,
                0.39,
                0.395,
                0.4,
                0.405,
                0.41000000000000003,
                0.41500000000000004,
                0.42000000000000004,
                0.42500000000000004,
                0.43,
                0.435,
                0.44
            ],
            "ratio": null
        }
    },
    "distance_array": [
        3,
        5,
        7,
        9,
        11,
        13,
        17,
        21
    ],