{
    "bias": 3000,
    "data": {
        "21": {
            "ler": [
                0.2031694433157253,
                0.22021581149526537,
                0.23174971031286212,
                0.2535496957403651,
                0.26532236667551073,
                0.27932960893854747,
                0.2889338341519792,
                0.31756113051762463,
                0.3262642740619902,
                0.33400133600534404,
                0.3480682213713888,
                0.37425149700598803,
                0.4020908725371934,
                0.4187604690117253,
                0.4411116012351125,
                0.43956043956043955,
                0.44563279857397503,
                0.4681647940074906,
                0.47687172150691465,
                0.4833252779120348,
                0.5154639175257731
            ],
            "ler_eb": [
                0.005735105093940474,
                0.006149442011607021,
                0.006423482810848558,
                0.006927292781199139,
                0.007191546148695224,
                0.007498688498157409,
                0.00770465874882039,
                0.008295818022729341,
                0.00846865244509547,
                0.008619555750346404,
                0.008887210148663316,
                0.009361888316058473,
                0.009831998561917143,
                0.010095858368641427,
                0.01042824023053025,
                0.010405980096710298,
                0.010492425912018996,
                0.010796606998821056,
                0.010907008914418372,
                0.010986215574317618,
                0.011346484701429389
            ],
            "ler_x": [
                0.04510361641609102,
                0.055274168685311605,
                0.054692931633835457,
                0.0654158215010142,
                0.06951446006898382,
                0.06787709497206704,
                0.08407974573822595,
                0.08542394410924103,
                0.09787928221859707,
                0.09719438877755511,
                0.10024364775495997,
                0.10778443113772455,
                0.12746280659429032,
                0.1226968174204355,
                0.1415968239964711,
                0.15604395604395604,
                0.16399286987522282,
                0.149812734082397,
                0.1659513590844063,
                0.16578057032382792,
                0.1979381443298969
            ],
            "ler_z": [
                0.16334823242584315,
                0.17397049108125964,
                0.1847045191193511,
                0.2005578093306288,
                0.20880870257362696,
                0.2282122905027933,
                0.22421265530193585,
                0.2537313432835821,
                0.2502446982055465,
                0.25818303273213095,
                0.2791507135398538,
                0.29752994011976047,
                0.3112183353437877,
                0.330820770519263,
                0.35200705778561975,
                0.33582417582417584,
                0.3360071301247772,
                0.37687265917602997,
                0.3781592751549833,
                0.3808603189946834,
                0.39639175257731957
            ],
            "per": [
                0.34,
                0.34500000000000003,
                0.35000000000000003,
                0.35500000000000004,
                0.36000000000000004,
                0.365,
                0.37,
                0.375,
                0.38,
                0.385,
                0.39,
                0.395,
                0.4,
                0.405,
                0.41000000000000003,
                0.41500000000000004,
                0.42000000000000004,
                0.42500000000000004,
                0.43,
                0.435,
                0.44
            ]
        }
    },
    "distance_array": [
        5,
        9,
        13,
        17,
        21
    ],
    "ler_distances": [
        [
            0.2868617326448652,
            0.29086678301337987,
            0.3047851264858275,
            0.29895366218236175,
            0.3118178983473651,
            0.3198976327575176,
            0.3304692663582287,
            0.32733224222585927,
            0.3363605785401951,
            0.34818941504178275,
            0.34818941504178275,
            0.3586800573888092,
            0.38211692777990064,
            0.37537537537537535,
            0.3766478342749529,
            0.4048582995951417,
            0.4042037186742118,
            0.41946308724832215,
            0.41220115416323166,
            0.42517006802721086,
            0.43383947939262474
        ],
        [
            0.2543881963876876,
            0.26413100898045433,
            0.280662363177098,
            0.273000273000273,
            0.30129557095510695,
            0.30703101013202333,
            0.318775900541919,
            0.31269543464665417,
            0.3305785123966942,
            0.33692722371967654,
            0.3456619426201175,
            0.34746351633078526,
            0.37579857196542654,
            0.3976143141153082,
            0.3995205753096284,
            0.4050222762251924,
            0.43459365493263796,
            0.4170141784820684,
            0.425531914893617,
            0.4576659038901602,
            0.4411116012351125
        ],
        [
            0.22665457842248413,
            0.2439619419370578,
            0.2702702702702703,
            0.27129679869777534,
            0.2720348204570185,
            0.28401022436807727,
            0.2994908655286014,
            0.3331112591605596,
            0.32916392363396973,
            0.3382949932341001,
            0.3456619426201175,
            0.3543586109142452,
            0.3770739064856712,
            0.4024144869215292,
            0.3929273084479371,
            0.4355400696864111,
            0.44503782821539833,
            0.42426813746287656,
            0.45475216007276037,
            0.4679457182966776,
            0.4662004662004662
        ],
        [
            0.21963540522732264,
            0.23601604909133822,
            0.2552974214960429,
            0.258732212160414,
            0.25833118057349524,
            0.2751031636863824,
            0.2972651605231867,
            0.3067484662576687,
            0.32341526520051744,
            0.3374957813027337,
            0.36271309394269136,
            0.37425149700598803,
            0.38580246913580246,
            0.4042037186742118,
            0.4244482173174873,
            0.4363001745200698,
            0.44583147570218457,
            0.4518752824220515,
            0.4608294930875576,
            0.4750593824228028,
            0.49455984174085066
        ],
        [
            0.2031694433157253,
            0.22021581149526537,
            0.23174971031286212,
            0.2535496957403651,
            0.26532236667551073,
            0.27932960893854747,
            0.2889338341519792,
            0.31756113051762463,
            0.3262642740619902,
            0.33400133600534404,
            0.3480682213713888,
            0.37425149700598803,
            0.4020908725371934,
            0.4187604690117253,
            0.4411116012351125,
            0.43956043956043955,
            0.44563279857397503,
            0.4681647940074906,
            0.47687172150691465,
            0.4833252779120348,
            0.5154639175257731
        ]
    ],
    "n_logical_errors": 1000,
    "n_runs": 1000000,