{
    "bias": 3000,
    "data": {
        "9": {
            "ler": [
                0.3331556503198294,
                0.3582046781530967,
                0.3786014462575247,
                0.3952412948104818,
                0.41138719763040976,
                0.4364334657181513,
                0.4494180036852276,
                0.47650814828933574,
                0.49244103018663515,
                0.5082333807684488,
                0.5319431884674717,
                0.5427702996092054,
                0.5542929992794191
            ],
            "ler_eb": [
                0.002720566970477216,
                0.0028696539397026484,
                0.0029844711682156353,
                0.003073642676801031,
                0.0031562080576150375,
                0.0032763526650287666,
                0.0033347360873563,
                0.0034476668618638015,
                0.0035083061502517504,
                0.0035640411443143595,
                0.0036392721756898063,
                0.0036701455828321745,
                0.003700531635375622
            ],
            "ler_x": [
                0.04187766524520256,
                0.05007701400580292,
                0.05175481770340363,
                0.05647998102841785,
                0.06314793483626789,
                0.07052764806005324,
                0.07469327221248483,
                0.08253121128371295,
                0.0900182203181169,
                0.09676763569831266,
                0.10383531038885047,
                0.1088797221016066,
                0.11662324704838978
            ],
            "ler_z": [
                0.2912779850746269,
                0.30812766414729376,
                0.32684662855412105,
                0.338761313782064,
                0.34823926279414186,
                0.36590581765809804,
                0.3747247314727428,
                0.3939769370056228,
                0.40242280986851825,
                0.4114657450701362,
                0.4281078780786212,
                0.4338905775075988,
                0.43766975223102933
            ],
            "per": [
                0.38,
                0.39,
                0.4,
                0.41000000000000003,
                0.42,
                0.43,
                0.44,
                0.45,
                0.46,
                0.47,
                0.48,
                0.49,
                0.5
            ]
        }
    },
    "distance_array": [
        5,
        7,
        9,
        11,
        13,
        15,
        17,
        19,
        21,
        23,
        25,
        27,
        29
    ],
    "ler_distances": [
        [
            0.3439144340887987,
            0.3546979746745646,
            0.3708786114304788,
            0.3844231730288702,
            0.40210704089428606,
            0.4175539688504739,
            0.4230118443316413,
            0.4418912947414936,
            0.45291906336337695,
            0.4613184481247405,
            0.4826953709513926,
            0.49409555808093286,
            0.5029675082989639
        ],
        [
            0.3213780691605605,
            0.34333585112957493,
            0.3573725966692874,
            0.37969396666286975,
            0.39561656842188553,
            0.4149205427160699,
            0.4382312984793374,
            0.44736724377041115,
            0.47205438066465255,
            0.49017205038968675,
            0.4989024146876871,
            0.510073960724305,
            0.5325664376630985
        ],
        [
            0.3331556503198294,
            0.3582046781530967,
            0.3786014462575247,
            0.3952412948104818,
            0.41138719763040976,
            0.4364334657181513,
            0.4494180036852276,
            0.47650814828933574,
            0.49244103018663515,
            0.5082333807684488,
            0.5319431884674717,
            0.5427702996092054,
            0.5542929992794191
        ]
    ],
    "n_logical_errors": 10000,
    "n_runs": 1000000,
    "per_list": [
        0.38,
        0.39,
        0.4,
        0.41000000000000003,
        0.42,
        0.43,
        0.44,
        0.45,
        0.46,
        0.47,
        0.48,
        0.49,
        0.5
    ]
}
