{
    "bias": 3000,
    "data": {
        "17": {
            "ler": [
                0.4443654461429079,
                0.4511820970943873,
                0.471120324130783,
                0.4765308553728854,
                0.48501309535357456,
                0.4925865720900448,
                0.49416880806483493,
                0.49952545082171934,
                0.4986536351850005,
                0.4975867044832562,
                0.5054845068998636,
                0.5077688636132832,
                0.5127153404429861
            ],
            "ler_eb": [
                0.003312339958620166,
                0.0033424582671225905,
                0.00342618081650098,
                0.0034477563761221375,
                0.003480579497027818,
                0.0035088398510015454,
                0.0035146180289380795,
                0.0035338541313109624,
                0.003530757778263693,
                0.003526950214820307,
                0.0035546578153746464,
                0.003562465008821247,
                0.0035790493060966094
            ],
            "ler_x": [
                0.001288659793814433,
                0.0016242555495397943,
                0.002167153491001602,
                0.0034310221586847747,
                0.0036860995246871665,
                0.005615486921826511,
                0.005880608815971536,
                0.00724311903691493,
                0.008327515707589508,
                0.009553664726078518,
                0.012030531264216751,
                0.014065197522087946,
                0.014714930270713699
            ],
            "ler_z": [
                0.4430767863490935,
                0.4495578415448475,
                0.4689531706397814,
                0.4730998332142006,
                0.4813269958288874,
                0.4869710851682183,
                0.4882881992488634,
                0.49228233178480446,
                0.490326119477411,
                0.4880330397571777,
                0.49345397563564675,
                0.4937036660911953,
                0.49800041017227237
            ],
            "per": [
                0.38,
                0.39,
                0.4,
                0.41000000000000003,
                0.42,
                0.43,
                0.44,
                0.45,
                0.46,
                0.47,
                0.48,
                0.49,
                0.5
            ]
        }
    },
    "distance_array": [
        5,
        7,
        9,
        11,
        13,
        15,
        17,
        19,
        21,
        23,
        25,
        27,
        29
    ],
    "ler_distances": [
        [
            0.3439144340887987,
            0.3546979746745646,
            0.3708786114304788,
            0.3844231730288702,
            0.40210704089428606,
            0.4175539688504739,
            0.4230118443316413,
            0.4418912947414936,
            0.45291906336337695,
            0.4613184481247405,
            0.4826953709513926,
            0.49409555808093286,
            0.5029675082989639
        ],
        [
            0.3213780691605605,
            0.34333585112957493,
            0.3573725966692874,
            0.37969396666286975,
            0.39561656842188553,
            0.4149205427160699,
            0.4382312984793374,
            0.44736724377041115,
            0.47205438066465255,
            0.49017205038968675,
            0.4989024146876871,
            0.510073960724305,
            0.5325664376630985
        ],
        [
            0.3331556503198294,
            0.3582046781530967,
            0.3786014462575247,
            0.3952412948104818,
            0.41138719763040976,
            0.4364334657181513,
            0.4494180036852276,
            0.47650814828933574,
            0.49244103018663515,
            0.5082333807684488,
            0.5319431884674717,
            0.5427702996092054,
            0.5542929992794191
        ],
        [
            0.3888478438387059,
            0.3992334717342702,
            0.4208577080089222,
            0.4383081306158229,
            0.4525296406914653,
            0.4630058338735068,
            0.47404598246029866,
            0.4831618108904672,
            0.4917387883556255,
            0.49753719090502013,
            0.5000250012500626,
            0.5126102111954071,
            0.5041593143433325
        ],
        [
            0.33908650096639653,
            0.36457763680775823,
            0.39221838719799185,
            0.4045143804862263,
            0.4235672836630099,
            0.4479283314669653,
            0.4767580452920143,
            0.48902146804244706,
            0.5114304710274639,
            0.5306728932286139,
            0.5448106782892945,
            0.5677624481916766,
            0.5799454851243983
        ],
        [
            0.4095339503644852,
            0.42392640637585316,
            0.44210619390777667,
            0.45657930782576933,
            0.4706103816650195,
            0.4837929366231253,
            0.49684503403388486,
            0.5093724531377343,
            0.5040576641967841,
            0.5165022467847735,
            0.517651930841702,
            0.5159692482328053,
            0.5270369979972594
        ],
        [
            0.4443654461429079,
            0.4511820970943873,
            0.471120324130783,
            0.4765308553728854,
            0.48501309535357456,
            0.4925865720900448,
            0.49416880806483493,
            0.49952545082171934,
            0.4986536351850005,
            0.4975867044832562,
            0.5054845068998636,
            0.5077688636132832,
            0.5127153404429861
        ]
    ],
    "n_logical_errors": 10000,
    "n_runs": 1000000,
    "per_list": [
        0.38,
        0.39,
        0.4,
        0.41000000000000003,
        0.42,
        0.43,
        0.44,
        0.45,
        0.46,
        0.47,
        0.48,
        0.49,
        0.5
    ]
}
