{
    "bias": 3000,
    "data": {
        "5": {
            "ler": [
                0.3439144340887987,
                0.3546979746745646,
                0.3708786114304788,
                0.3844231730288702,
                0.40210704089428606,
                0.4175539688504739,
                0.4230118443316413,
                0.4418912947414936,
                0.45291906336337695,
                0.4613184481247405,
                0.4826953709513926,
                0.49409555808093286,
                0.5029675082989639
            ],
            "ler_eb": [
                0.0027856762734107298,
                0.002849313414529035,
                0.00294170428749085,
                0.003016134403246886,
                0.0031092339218438004,
                0.003186694722682406,
                0.0032131868197099994,
                0.0033012228640739447,
                0.003350012221393061,
                0.0033858434482007065,
                0.003471732989718381,
                0.0035143514927545925,
                0.0035459476573942487
            ],
            "ler_x": [
                0.0005502630945420779,
                0.0006739261518816728,
                0.0007046693617179097,
                0.0005766347595433052,
                0.0009650568981462866,
                0.0005428201595056161,
                0.0010152284263959391,
                0.0006628369421122404,
                0.0003623352506907016,
                0.0005074502929372145,
                0.0006757735193319496,
                0.00044468600227283954,
                0.0006538577607886531
            ],
            "ler_z": [
                0.34336417099425665,
                0.35402404852268293,
                0.3701739420687609,
                0.38384653826932685,
                0.40114198399613976,
                0.4170111486909683,
                0.42199661590524534,
                0.44122845779938136,
                0.45255672811268627,
                0.4608109978318033,
                0.48201959743206063,
                0.49365087207866,
                0.5023136505381752
            ],
            "per": [
                0.38,
                0.39,
                0.4,
                0.41000000000000003,
                0.42,
                0.43,
                0.44,
                0.45,
                0.46,
                0.47,
                0.48,
                0.49,
                0.5
            ]
        }
    },
    "distance_array": [
        5,
        7,
        9,
        11,
        13,
        15,
        17,
        19,
        21,
        23,
        25,
        27,
        29
    ],
    "ler_distances": [
        [
            0.3439144340887987,
            0.3546979746745646,
            0.3708786114304788,
            0.3844231730288702,
            0.40210704089428606,
            0.4175539688504739,
            0.4230118443316413,
            0.4418912947414936,
            0.45291906336337695,
            0.4613184481247405,
            0.4826953709513926,
            0.49409555808093286,
            0.5029675082989639
        ]
    ],
    "n_logical_errors": 10000,
    "n_runs": 1000000,
    "per_list": [
        0.38,
        0.39,
        0.4,
        0.41000000000000003,
        0.42,
        0.43,
        0.44,
        0.45,
        0.46,
        0.47,
        0.48,
        0.49,
        0.5
    ]
}
