{
    "bias": 3000,
    "code": "ColourCode",
    "data": {
        "17": {
            "ler": [
                0.21208907741251326,
                0.2318141777551115,
                0.2388230798624379,
                0.25725457913150857,
                0.2727917507774565,
                0.28498147620404674,
                0.295473348303983,
                0.30706872197997914,
                0.3228305785123967,
                0.3473669584549118,
                0.3609847664428561,
                0.36974044220956886,
                0.3779860901118839,
                0.39783577339274345,
                0.40587710041399466,
                0.42498937526561836,
                0.4384811014645269,
                0.4505316273202379,
                0.4704111393357795,
                0.4806767929244376,
                0.4914004914004914
            ],
            "ler_eb": [
                0.0026623911517572587,
                0.0028733473883749746,
                0.002946687618442923,
                0.0031354371755000065,
                0.003289846458484167,
                0.003407926943819245,
                0.0035073735686855707,
                0.003614894790579765,
                0.003756975228473689,
                0.003968606437920078,
                0.00408093313127491,
                0.0041511810422184756,
                0.004215905468580164,
                0.00436592535088009,
                0.004424331838227261,
                0.004557545418812115,
                0.004646736721732402,
                0.004722931333848807,
                0.004841300229561012,
                0.004898769643220086,
                0.004956082788312169
            ],
            "ler_x": [
                0.044538706256627786,
                0.048495525986369324,
                0.05225448987390141,
                0.0573163202305001,
                0.06105079382399476,
                0.06537475064120832,
                0.06967261553007918,
                0.07541607811828287,
                0.07747933884297521,
                0.08593858552174517,
                0.09342285755541116,
                0.09909043851216447,
                0.10175385545811914,
                0.10741565881604073,
                0.11478204399707768,
                0.12511687207819805,
                0.13321055862492326,
                0.13020364029554873,
                0.14723868661209896,
                0.15208613728129206,
                0.1535135135135135
            ],
            "ler_z": [
                0.17531283138918347,
                0.19296212156335482,
                0.19726786396637372,
                0.21280098785758386,
                0.22494407769109062,
                0.23448275862068965,
                0.2432927549934996,
                0.24970828471411902,
                0.2661415289256198,
                0.2847714325413367,
                0.2945635694173706,
                0.3011166161354729,
                0.30783187178711824,
                0.3239178866963717,
                0.3285981004951701,
                0.3446663833404165,
                0.3527141980180654,
                0.36754370156785005,
                0.37642299369649074,
                0.38646414151124786,
                0.3969533169533169
            ],
            "per": [
                0.34,
                0.34500000000000003,
                0.35000000000000003,
                0.35500000000000004,
                0.36000000000000004,
                0.365,
                0.37,
                0.375,
                0.38,
                0.385,
                0.39,
                0.395,
                0.4,
                0.405,
                0.41000000000000003,
                0.41500000000000004,
                0.42000000000000004,
                0.42500000000000004,
                0.43,
                0.435,
                0.44
            ],
            "ratio": null
        }
    },
    "distance_array": [
        3,
        5,
        7,
        9,
        11,
        13,
        17,
        21
    ],