{
    "bias": 3000,
    "data": {
        "29": {
            "ler": [
                0.4761224586963767,
                0.4807692307692308,
                0.4822996045143243,
                0.4974876871797423,
                0.499425660490436,
                0.4983305925150745,
                0.49554013875123887,
                0.5046681806712087,
                0.4996752111127767,
                0.5030181086519114,
                0.5003001801080649,
                0.5065086359722434,
                0.5048465266558966
            ],
            "ler_eb": [
                0.003446145087688544,
                0.0034643110198215965,
                0.0034702131740444973,
                0.003526595834428528,
                0.00353350039449733,
                0.0035296070506587647,
                0.0035195905758324637,
                0.00355184525963387,
                0.0035343846716019015,
                0.003546123872359363,
                0.003536594406288611,
                0.0035581695027202794,
                0.003552460744532805
            ],
            "ler_x": [
                0.00023806122934818836,
                0.0005288461538461538,
                0.0007234494067714864,
                0.001094472911795433,
                0.0023972431703540927,
                0.0024916529625753723,
                0.004063429137760159,
                0.004542013626040878,
                0.005696297406685654,
                0.007645875251509054,
                0.009355613368020812,
                0.013726384034847794,
                0.015296849757673666
            ],
            "ler_z": [
                0.47588439746702854,
                0.4802403846153846,
                0.4815761551075528,
                0.49639321426794686,
                0.4970284173200819,
                0.49583893955249914,
                0.49147670961347867,
                0.5001261670451678,
                0.49397891370609104,
                0.49537223340040243,
                0.49094456674004405,
                0.49278225193739555,
                0.48954967689822293
            ],
            "per": [
                0.38,
                0.39,
                0.4,
                0.41000000000000003,
                0.42,
                0.43,
                0.44,
                0.45,
                0.46,
                0.47,
                0.48,
                0.49,
                0.5
            ]
        }
    },
    "distance_array": [
        5,
        7,
        9,
        11,
        13,
        15,
        17,
        19,
        21,
        23,
        25,
        27,
        29
    ],
    "ler_distances": [
        [
            0.3439144340887987,
            0.3546979746745646,
            0.3708786114304788,
            0.3844231730288702,
            0.40210704089428606,
            0.4175539688504739,
            0.4230118443316413,
            0.4418912947414936,
            0.45291906336337695,
            0.4613184481247405,
            0.4826953709513926,
            0.49409555808093286,
            0.5029675082989639
        ],
        [
            0.3213780691605605,
            0.34333585112957493,
            0.3573725966692874,
            0.37969396666286975,
            0.39561656842188553,
            0.4149205427160699,
            0.4382312984793374,
            0.44736724377041115,
            0.47205438066465255,
            0.49017205038968675,
            0.4989024146876871,
            0.510073960724305,
            0.5325664376630985
        ],
        [
            0.3331556503198294,
            0.3582046781530967,
            0.3786014462575247,
            0.3952412948104818,
            0.41138719763040976,
            0.4364334657181513,
            0.4494180036852276,
            0.47650814828933574,
            0.49244103018663515,
            0.5082333807684488,
            0.5319431884674717,
            0.5427702996092054,
            0.5542929992794191
        ],
        [
            0.3888478438387059,
            0.3992334717342702,
            0.4208577080089222,
            0.4383081306158229,
            0.4525296406914653,
            0.4630058338735068,
            0.47404598246029866,
            0.4831618108904672,
            0.4917387883556255,
            0.49753719090502013,
            0.5000250012500626,
            0.5126102111954071,
            0.5041593143433325
        ],
        [
            0.33908650096639653,
            0.36457763680775823,
            0.39221838719799185,
            0.4045143804862263,
            0.4235672836630099,
            0.4479283314669653,
            0.4767580452920143,
            0.48902146804244706,
            0.5114304710274639,
            0.5306728932286139,
            0.5448106782892945,
            0.5677624481916766,
            0.5799454851243983
        ],
        [
            0.4095339503644852,
            0.42392640637585316,
            0.44210619390777667,
            0.45657930782576933,
            0.4706103816650195,
            0.4837929366231253,
            0.49684503403388486,
            0.5093724531377343,
            0.5040576641967841,
            0.5165022467847735,
            0.517651930841702,
            0.5159692482328053,
            0.5270369979972594
        ],
        [
            0.4443654461429079,
            0.4511820970943873,
            0.471120324130783,
            0.4765308553728854,
            0.48501309535357456,
            0.4925865720900448,
            0.49416880806483493,
            0.49952545082171934,
            0.4986536351850005,
            0.4975867044832562,
            0.5054845068998636,
            0.5077688636132832,
            0.5127153404429861
        ],
        [
            0.4072324482814791,
            0.4231013327691982,
            0.4401795932740558,
            0.45993928801398215,
            0.4727014890096904,
            0.491690431704199,
            0.4989770969512499,
            0.508957654723127,
            0.5139802631578947,
            0.5268981505874915,
            0.5366822304513498,
            0.5436259853220984,
            0.5411841108345059
        ],
        [
            0.4437935472418231,
            0.4639510067736847,
            0.468471844842125,
            0.48828125,
            0.49038838760298153,
            0.49229557426278736,
            0.5035246727089627,
            0.4989522003792037,
            0.5091390458734281,
            0.5064573309698658,
            0.5165022467847735,
            0.5119803399549457,
            0.5246314464088977
        ],
        [
            0.4644034737379836,
            0.4754207473614149,
            0.48597949166545173,
            0.4900999803960008,
            0.49684503403388486,
            0.5008765339343851,
            0.49875311720698257,
            0.5028410519434806,
            0.508001016002032,
            0.5084142559357364,
            0.5079494082389394,
            0.5057145746940427,
            0.5126890540886953
        ],
        [
            0.4339712711018531,
            0.45632928721365335,
            0.46570111302566014,
            0.4776233462291637,
            0.49058084772370486,
            0.5014039310068191,
            0.5058936611524257,
            0.5154904892004742,
            0.5084918132818061,
            0.5253204454717377,
            0.5190760446405398,
            0.5265374894692502,
            0.5286809410520751
        ],
        [
            0.4651811880727543,
            0.4776917932549919,
            0.479225571476494,
            0.4923440500221555,
            0.4962040391008783,
            0.49728977074941566,
            0.5061241016297197,
            0.500175061271445,
            0.506636943965954,
            0.5017561465127948,
            0.5144562197756971,
            0.509683995922528,
            0.513373376456697
        ],
        [
            0.4761224586963767,
