{
    "bias": 0.5,
    "data": {
        "11": {
            "ler": [
                0.0499,
                0.0624,
                0.0736,
                0.0808,
                0.1007,
                0.1122,
                0.1288,
                0.1521,
                0.166,
                0.181
            ],
            "ler_eb": [
                NaN,
                NaN,
                NaN,
                NaN,
                NaN,
                NaN,
                NaN,
                NaN,
                NaN,
                NaN
            ],
            "per": [
                0.1,
                0.10555555555555556,
                0.11111111111111112,
                0.11666666666666667,
                0.12222222222222222,
                0.12777777777777777,
                0.13333333333333333,
                0.1388888888888889,
                0.14444444444444443,
                0.15
            ]
        },
        "13": {
            "ler": [
                0.042,
                0.0575,
                0.0726,
                0.0815,
                0.103,
                0.1222,
                0.1414,
                0.1605,
                0.1736,
                0.2007
            ],
            "ler_eb": [
                NaN,
                NaN,
                NaN,
                NaN,
                NaN,
                NaN,
                NaN,
                NaN,
                NaN,
                NaN
            ],
            "per": [
                0.1,
                0.10555555555555556,
                0.11111111111111112,
                0.11666666666666667,
                0.12222222222222222,
                0.12777777777777777,
                0.13333333333333333,
                0.1388888888888889,
                0.14444444444444443,
                0.15
            ]
        },
        "7": {
            "ler": [
                0.0648,
                0.0716,
                0.0768,
                0.0954,
                0.1061,
                0.1072,
                0.1313,
                0.1353,
                0.1515,
                0.161
            ],
            "ler_eb": [
                NaN,
                NaN,
                NaN,
                NaN,
                NaN,
                NaN,
                NaN,
                NaN,
                NaN,
                NaN
            ],
            "per": [
                0.1,
                0.10555555555555556,
                0.11111111111111112,
                0.11666666666666667,
                0.12222222222222222,
                0.12777777777777777,
                0.13333333333333333,
                0.1388888888888889,
                0.14444444444444443,
                0.15
            ]
        },
        "9": {
            "ler": [
                0.0564,
                0.0664,
                0.0826,
                0.0956,
                0.1011,
                0.1177,
                0.1334,
                0.1452,
                0.1605,
                0.1757
            ],
            "ler_eb": [
                NaN,
                NaN,
                NaN,
                NaN,
                NaN,
                NaN,
                NaN,
                NaN,
                NaN,
                NaN
            ],
            "per": [
                0.1,
                0.10555555555555556,
                0.11111111111111112,
                0.11666666666666667,
                0.12222222222222222,
                0.12777777777777777,
                0.13333333333333333,
                0.1388888888888889,
                0.14444444444444443,
                0.15
            ]
        }
    },
    "distance_array": [
        7,
        9,
        11,
        13
    ],
    "ler_distances": [
        [
            0.0648,
            0.0716,
            0.0768,
            0.0954,
            0.1061,
            0.1072,
            0.1313,
            0.1353,
            0.1515,
            0.161
        ],
        [
            0.0564,
            0.0664,
            0.0826,
            0.0956,
            0.1011,
            0.1177,
            0.1334,
            0.1452,
            0.1605,
            0.1757
        ],
        [
            0.0499,
            0.0624,
            0.0736,
            0.0808,
            0.1007,
            0.1122,
            0.1288,
            0.1521,
            0.166,
            0.181
        ],
        [
            0.042,
            0.0575,
            0.0726,
            0.0815,
            0.103,
            0.1222,
            0.1414,
            0.1605,
            0.1736,
            0.2007
        ]
    ],
    "n_runs": 10000,
    "per_list": [
        0.1,
        0.10555555555555556,
        0.11111111111111112,
        0.11666666666666667,
        0.12222222222222222,
        0.12777777777777777,
        0.13333333333333333,
        0.1388888888888889,
        0.14444444444444443,
        0.15
    ]
}
