{
    "bias": "infty",
    "code": "ColourCode",
    "data": {
        "11": {
            "ler": [
                0.4069010416666667,
                0.4134623335814107,
                0.42419614829897345,
                0.43979241797871405,
                0.44931703810208484,
                0.45012603528988115,
                0.459896983075791,
                0.475827940616673,
                0.47245582538032693,
                0.4904364884747425,
                0.5029169181251257
            ],
            "ler_eb": [
                0.004431669658273563,
                0.004478152744663095,
                0.004552175546158646,
                0.004655188023684574,
                0.004715401800705526,
                0.004720420738887058,
                0.004779845510925304,
                0.004871939334227795,
                0.0048529478221919315,
                0.004951045675982019,
                0.005014478048755778
            ],
            "ler_x": [
                0.4069010416666667,
                0.4134623335814107,
                0.42419614829897345,
                0.43979241797871405,
                0.44931703810208484,
                0.45012603528988115,
                0.459896983075791,
                0.475827940616673,
                0.47245582538032693,
                0.4904364884747425,
                0.5029169181251257
            ],
            "ler_z": [
                0.0,
                0.0,
                0.0,
                0.0,
                0.0,
                0.0,
                0.0,
                0.0,
                0.0,
                0.0,
                0.0
            ],
            "per": [
                0.45,
                0.455,
                0.46,
                0.465,
                0.47000000000000003,
                0.475,
                0.48,
                0.485,
                0.49,
                0.495,
                0.5
            ],
            "ratio": null
        }
    },
    "distance_array": [
        9,
        11,
        13,
        17,
        21
    ],
    "ler_distances": [
        [
            0.4143875352229405,
            0.4190061174893153,
            0.4426737494466578,
            0.451997830410414,
            0.4592633416000735,
            0.46023564064801176,
            0.4734400151500805,
            0.4773725415314111,
            0.47778308647873863,
            0.49188391539596654,
            0.4959333465582226
        ],
        [
            0.4069010416666667,
            0.4134623335814107,
            0.42419614829897345,
            0.43979241797871405,
            0.44931703810208484,
            0.45012603528988115,
            0.459896983075791,
            0.475827940616673,
            0.47245582538032693,
            0.4904364884747425,
            0.5029169181251257
        ]
    ],
    "n_logical_errors": 5000,
    "n_runs": 1000000,
    "per_list": [
        0.45,
        0.455,
        0.46,
        0.465,
        0.47000000000000003,
        0.475,
        0.48,
        0.485,
        0.49,
        0.495,
        0.5
    ]
}
