{
    "bias": "infty",
    "code": "ColourCode",
    "data": {
        "9": {
            "ler": [
                0.4143875352229405,
                0.4190061174893153,
                0.4426737494466578,
                0.451997830410414,
                0.4592633416000735,
                0.46023564064801176,
                0.4734400151500805,
                0.4773725415314111,
                0.47778308647873863,
                0.49188391539596654,
                0.4959333465582226
            ],
            "ler_eb": [
                0.004484632265877797,
                0.004516698915553328,
                0.004673621273925026,
                0.004731975495643038,
                0.004776059028344872,
                0.004781865401695304,
                0.004858518779921717,
                0.0048805475050588505,
                0.004882825863585868,
                0.004958600166328503,
                0.0049794605141003255
            ],
            "ler_x": [
                0.0,
                0.0,
                0.0,
                0.0,
                0.0,
                0.0,
                0.0,
                0.0,
                0.0,
                0.0,
                0.0
            ],
            "ler_z": [
                0.4143875352229405,
                0.4190061174893153,
                0.4426737494466578,
                0.451997830410414,
                0.4592633416000735,
                0.46023564064801176,
                0.4734400151500805,
                0.4773725415314111,
                0.47778308647873863,
                0.49188391539596654,
                0.4959333465582226
            ],
            "per": [
                0.45,
                0.455,
                0.46,
                0.465,
                0.47000000000000003,
                0.475,
                0.48,
                0.485,
                0.49,
                0.495,
                0.5
            ],
            "ratio": null
        }
    },
    "distance_array": [
        9,
        11,
        13,
        17,
        21
    ],
    "ler_distances": [
        [
            0.4143875352229405,
            0.4190061174893153,
            0.4426737494466578,
            0.451997830410414,
            0.4592633416000735,
            0.46023564064801176,
            0.4734400151500805,
            0.4773725415314111,
            0.47778308647873863,
            0.49188391539596654,
            0.4959333465582226
        ]
    ],
    "n_logical_errors": 5000,
    "n_runs": 1000000,
    "per_list": [
        0.45,
        0.455,
        0.46,
        0.465,
        0.47000000000000003,
        0.475,
        0.48,
        0.485,
        0.49,
        0.495,
        0.5
    ]
}
