{
    "bias": "infty",
    "code": "ColourCode",
    "data": {
        "21": {
            "ler": [
                0.37441964954320806,
                0.3929273084479371,
                0.4044652968775279,
                0.41652782405864713,
                0.43055196762249204,
                0.43576782290395677,
                0.44955943175687824,
                0.45322697606961565,
                0.47810288774144194,
                0.4874719703617042,
                0.4968697207592169
            ],
            "ler_eb": [
                0.00418808203360439,
                0.004329597854470766,
                0.004414177572154667,
                0.0044995500889867,
                0.004594810707595809,
                0.0046291268462508904,
                0.004716907163370283,
                0.00473951922067119,
                0.004884597823307614,
                0.0049354125079975695,
                0.004984226349961374
            ],
            "ler_x": [
                0.0,
                0.0,
                0.0,
                0.0,
                0.0,
                0.0,
                0.0,
                0.0,
                0.0,
                0.0,
                0.0
            ],
            "ler_z": [
                0.37441964954320806,
                0.3929273084479371,
                0.4044652968775279,
                0.41652782405864713,
                0.43055196762249204,
                0.43576782290395677,
                0.44955943175687824,
                0.45322697606961565,
                0.47810288774144194,
                0.4874719703617042,
                0.4968697207592169
            ],
            "per": [
                0.45,
                0.455,
                0.46,
                0.465,
                0.47000000000000003,
                0.475,
                0.48,
                0.485,
                0.49,
                0.495,
                0.5
            ],
            "ratio": null
        }
    },
    "distance_array": [
        9,
        11,
        13,
        17,
        21
    ],
    "ler_distances": [
        [
            0.4143875352229405,
            0.4190061174893153,
            0.4426737494466578,
            0.451997830410414,
            0.4592633416000735,
            0.46023564064801176,
            0.4734400151500805,
            0.4773725415314111,
            0.47778308647873863,
            0.49188391539596654,
            0.4959333465582226
        ],
        [
            0.4069010416666667,
            0.4134623335814107,
            0.42419614829897345,
            0.43979241797871405,
            0.44931703810208484,
            0.45012603528988115,
            0.459896983075791,
            0.475827940616673,
            0.47245582538032693,
            0.4904364884747425,
            0.5029169181251257
        ],
        [
            0.4142502071251036,
            0.4160079873533572,
            0.41618112202430496,
            0.42848573142514357,
            0.4500045000450005,
            0.4553734061930783,
            0.4689991558015196,
            0.47010154193305753,
            0.474068455484972,
            0.4879000780640125,
            0.49154541879669683
        ],
        [
            0.3832886163280951,
            0.40749796251018744,
            0.4149377593360996,
            0.41431885979449784,
            0.4453549478934711,
            0.4493574188909859,
            0.45657930782576933,
            0.47165361758324686,
            0.4751045229950589,
            0.4925137903861308,
            0.504693650953871
        ],
        [
            0.37441964954320806,
            0.3929273084479371,
            0.4044652968775279,
            0.41652782405864713,
            0.43055196762249204,
            0.43576782290395677,
            0.44955943175687824,
            0.45322697606961565,
            0.47810288774144194,
            0.4874719703617042,
            0.4968697207592169
        ]
    ],
    "n_logical_errors": 5000,
    "n_runs": 1000000,
    "per_list": [
        0.45,
        0.455,
        0.46,
        0.465,
        0.47000000000000003,
        0.475,
        0.48,
        0.485,
        0.49,
        0.495,
        0.5
    ]
}
