{
    "bias": "infty",
    "code": "ColourCode",
    "data": {
        "13": {
            "ler": [
                0.4142502071251036,
                0.4160079873533572,
                0.41618112202430496,
                0.42848573142514357,
                0.4500045000450005,
                0.4553734061930783,
                0.4689991558015196,
                0.47010154193305753,
                0.474068455484972,
                0.4879000780640125,
                0.49154541879669683
            ],
            "ler_eb": [
                0.004483671683622846,
                0.004495936002300368,
                0.004497140349677317,
                0.004581048620209709,
                0.004719667705592734,
                0.0047526089769625015,
                0.004833198862322161,
                0.004839527938747261,
                0.0048620639425711225,
                0.004937683403931175,
                0.004956838086129056
            ],
            "ler_x": [
                0.0,
                0.0,
                0.0,
                0.0,
                0.0,
                0.0,
                0.0,
                0.0,
                0.0,
                0.0,
                0.0
            ],
            "ler_z": [
                0.4142502071251036,
                0.4160079873533572,
                0.41618112202430496,
                0.42848573142514357,
                0.4500045000450005,
                0.4553734061930783,
                0.4689991558015196,
                0.47010154193305753,
                0.474068455484972,
                0.4879000780640125,
                0.49154541879669683
            ],
            "per": [
                0.45,
                0.455,
                0.46,
                0.465,
                0.47000000000000003,
                0.475,
                0.48,
                0.485,
                0.49,
                0.495,
                0.5
            ],
            "ratio": null
        }
    },
    "distance_array": [
        9,
        11,
        13,
        17,
        21
    ],
    "ler_distances": [
        [
            0.4143875352229405,
            0.4190061174893153,
            0.4426737494466578,
            0.451997830410414,
            0.4592633416000735,
            0.46023564064801176,
            0.4734400151500805,
            0.4773725415314111,
            0.47778308647873863,
            0.49188391539596654,
            0.4959333465582226
        ],
        [
            0.4069010416666667,
            0.4134623335814107,
            0.42419614829897345,
            0.43979241797871405,
            0.44931703810208484,
            0.45012603528988115,
            0.459896983075791,
            0.475827940616673,
            0.47245582538032693,
            0.4904364884747425,
            0.5029169181251257
        ],
        [
            0.4142502071251036,
            0.4160079873533572,
            0.41618112202430496,
            0.42848573142514357,
            0.4500045000450005,
            0.4553734061930783,
            0.4689991558015196,
            0.47010154193305753,
            0.474068455484972,
            0.4879000780640125,
            0.49154541879669683
        ]
    ],
    "n_logical_errors": 5000,
    "n_runs": 1000000,
    "per_list": [
        0.45,
        0.455,
        0.46,
        0.465,
        0.47000000000000003,
        0.475,
        0.48,
        0.485,
        0.49,
        0.495,
        0.5
    ]
}
