{
    "bias": "infty",
    "code": "ColourCode",
    "data": {
        "9": {
            "ler": [
                0.4158695832986775,
                0.42716787697565145,
                0.4354262823304015,
                0.4337265787647467,
                0.44503782821539833,
                0.4598546859192495,
                0.47792009176065764,
                0.47546595663750474,
                0.4826254826254826,
                0.49746293901104366,
                0.5021592849251783
            ],
            "ler_eb": [
                0.00449497277559271,
                0.004572221549528449,
                0.0046268984277700615,
                0.004615769608668377,
                0.004688604671652567,
                0.004779593045502708,
                0.0048835852857289355,
                0.004869913695977108,
                0.004909392602795037,
                0.0049872343587157785,
                0.005010738067548731
            ],
            "ler_x": [
                0.0,
                0.0,
                0.0,
                0.0,
                0.0,
                0.0,
                0.0,
                0.0,
                0.0,
                0.0,
                0.0
            ],
            "ler_z": [
                0.4158695832986775,
                0.42716787697565145,
                0.4354262823304015,
                0.4337265787647467,
                0.44503782821539833,
                0.4598546859192495,
                0.47792009176065764,
                0.47546595663750474,
                0.4826254826254826,
                0.49746293901104366,
                0.5021592849251783
            ],
            "per": [
                0.45,
                0.455,
                0.46,
                0.465,
                0.47000000000000003,
                0.475,
                0.48,
                0.485,
                0.49,
                0.495,
                0.5
            ],
            "ratio": null
        }
    },
    "distance_array": [
        9,
        11,
        13,
        17
    ],
    "ler_distances": [
        [
            0.4158695832986775,
            0.42716787697565145,
            0.4354262823304015,
            0.4337265787647467,
            0.44503782821539833,
            0.4598546859192495,
            0.47792009176065764,
            0.47546595663750474,
            0.4826254826254826,
            0.49746293901104366,
            0.5021592849251783
        ]
    ],
    "n_logical_errors": 5000,
    "n_runs": 1000000,
    "per_list": [
        0.45,
        0.455,
        0.46,
        0.465,
        0.47000000000000003,
        0.475,
        0.48,
        0.485,
        0.49,
        0.495,
        0.5
    ]
}
