{
    "bias": 30,
    "data": {
        "17": {
            "ler": [
                0.08771960603370538,
                0.11083132359199886,
                0.13572572545400255,
                0.16368648146086912,
                0.19316355544566696,
                0.2254710089376708,
                0.2573565365986731,
                0.289547899909082,
                0.3241343990872375,
                0.3535567812190638,
                0.3863689050305231
            ],
            "ler_eb": [
                0.000374693225492356,
                0.00046737943056142616,
                0.0005642907907140335,
                0.0006694410962460491,
                0.0007759485785691847,
                0.0008874104634960233,
                0.0009918371763457912,
                0.0010914474193830586,
                0.0011917092017444853,
                0.001271274574786743,
                0.0013535392200391546
            ],
            "ler_x": [
                0.009794771209723543,
                0.013122428713292666,
                0.016724123890442196,
                0.02179649187132933,
                0.026498176536036592,
                0.0331352194734801,
                0.040785863920157706,
                0.04834291736882032,
                0.05813026313230518,
                0.06798896902842597,
                0.08007881925662623
            ],
            "ler_z": [
                0.07792483482398184,
                0.0977088948787062,
                0.11900160156356036,
                0.14188998958953977,
                0.16666537890963037,
                0.1923357894641907,
                0.21657067267851537,
                0.24120498254026163,
                0.26600413595493233,
                0.2855678121906378,
                0.30629008577389694
            ],
            "per": [
                0.2,
                0.21000000000000002,
                0.22,
                0.23,
                0.24,
                0.25,
                0.26,
                0.27,
                0.28,
                0.29,
                0.3
            ]
        }
    },
    "distance_array": [
        5,
        7,
        9,
        11,
        13,
        15,
        17,
        19,
        21,
        23,
        25,
        27,
        29
    ],
    "ler_distances": [
        [
            0.14957878613823472,
            0.16575391510747484,
            0.1810800337533183,
            0.19843947199225292,
            0.21580373944719713,
            0.2336645138376125,
            0.24942258671176226,
            0.2682417824129958,
            0.2850562130852204,
            0.3041196041579232,
            0.32257023966968806
        ],
        [
            0.12412830895039585,
            0.14178404022129654,
            0.1596826785811236,
            0.17734458407374698,
            0.19781845804468323,
            0.21709303739210475,
            0.23787322308702355,
            0.2588902926495868,
            0.2798392603288671,
            0.2998320940273447,
            0.32492851572654013
        ],
        [
            0.11414586928928216,
            0.13197069194873204,
            0.15452941158290656,
            0.17417900724933028,
            0.19715233172062727,
            0.21941854086670323,
            0.24426466565052565,
            0.2688490036455925,
            0.29151799249049654,
            0.3179205452973193,
            0.3417541557305337
        ],
        [
            0.10555760806460125,
            0.12489851995253856,
            0.14730881525412243,
            0.1696082388898123,
            0.1932740626207963,
            0.2165261412010272,
            0.24370628518509493,
            0.2716874507566496,
            0.29758007879920484,
            0.3225681586519232,
            0.348998722664675
        ],
        [
            0.08694850735497424,
            0.10669671246089565,
            0.12778278970275167,
            0.151376160676712,
            0.17971131174880672,
            0.20415912979212517,
            0.23415694134836934,
            0.26351155498168594,
            0.2927451887328232,
            0.32396428617709183,
            0.35482382996842066
        ],
        [
            0.09158112989134815,
            0.11321720267464319,
            0.13768074039194952,
            0.1642845408247084,
            0.19317624241300307,
            0.2223922287259594,
            0.25493035302755285,
            0.2844626500540479,
            0.3184186058359762,
            0.3508304155937103,
            0.38056384339036714
        ],
        [
            0.08771960603370538,
            0.11083132359199886,
            0.13572572545400255,
            0.16368648146086912,
            0.19316355544566696,
            0.2254710089376708,
            0.2573565365986731,
            0.289547899909082,
            0.3241343990872375,
            0.3535567812190638,
            0.3863689050305231
        ]
    ],
    "n_logical_errors": 50000,
    "n_runs": 1000000,
    "per_list": [
        0.2,
        0.21000000000000002,
        0.22,
        0.23,
        0.24,
        0.25,
        0.26,
        0.27,
        0.28,
        0.29,
        0.3
    ]
}
