{
    "bias": 30,
    "code": "ColourCode",
    "data": {
        "17": {
            "ler": [
                0.1693996476487329,
                0.18940111367854842,
                0.20801264716894788,
                0.2313208420078649,
                0.25546699366441855,
                0.2747705665769083,
                0.3024803387779794,
                0.33651904697805896,
                0.3504099796762212,
                0.380575430050236,
                0.4025440785766041,
                0.429000429000429,
                0.4468674591116275,
                0.473798919738463,
                0.4924167815639157,
                0.5184570717544588,
                0.5378078950198989,
                0.5516328331862312,
                0.5765682656826568,
                0.598014591556034,
                0.5977286312014346
            ],
            "ler_eb": [
                0.0021833509829181463,
                0.00241157363674163,
                0.002617965155653136,
                0.0028681530024012515,
                0.0031173945572367965,
                0.003309199255082339,
                0.0035726492059964367,
                0.003876491875168484,
                0.003994028286561477,
                0.004235941548065008,
                0.004400290767920268,
                0.00458448562482884,
                0.004700113361289089,
                0.004860544590555176,
                0.00496136833675068,
                0.005087978941369903,
                0.005170748713500344,
                0.005223745457834668,
                0.005305880135236386,
                0.005362063135315515,
                0.005361405042886658
            ],
            "ler_x": [
                0.07094457243528933,
                0.08420773514148264,
                0.08911261804717727,
                0.10215128383067314,
                0.11567545473124873,
                0.12188822333351651,
                0.13520871143375682,
                0.15728900255754474,
                0.1665148223421403,
                0.18351347237022378,
                0.19475082521536108,
                0.21467181467181468,
                0.2236124765394584,
                0.24258504690609306,
                0.248867441402403,
                0.2786188303608461,
                0.29052382488974937,
                0.29766107678729037,
                0.31296125461254615,
                0.3296256428656859,
                0.33317393903167963
            ],
            "ler_z": [
                0.10611193928716628,
                0.11564832001212168,
                0.13088155759870201,
                0.14508443210733288,
                0.15884937666053545,
                0.17464417211628291,
                0.19491833030852995,
                0.21113205007403418,
                0.22075828719601934,
                0.24349216014614097,
                0.2578697367361726,
                0.2742170742170742,
                0.28796139065153276,
                0.3049369847436748,
                0.326078392751625,
                0.3393819991704687,
                0.34828439281488655,
                0.3635260370697264,
                0.3849169741697417,
                0.39660327711996174,
                0.4004781829049611
            ],
            "per": [
                0.25,
                0.2575,
                0.265,
                0.2725,
                0.28,
                0.2875,
                0.29500000000000004,
                0.3025,
                0.31,
                0.3175,
                0.325,
                0.3325,
                0.34,
                0.34750000000000003,
                0.35500000000000004,
                0.36250000000000004,
                0.37,
                0.37750000000000006,
                0.385,
                0.3925,
                0.4
            ],
            "ratio": null
        }
    },
    "distance_array": [
        11,
        13,
        17,
        21
    ],
    "ler_distances": [
        [
            0.1843521864169309,
            0.20293031373026502,
            0.22239025041142196,
            0.24224806201550386,
            0.25745327223109005,
            0.28755463538072235,
            0.3013682116810319,
            0.3180054696940787,
            0.3349634889797012,
            0.36675713342624516,
            0.38162112654556557,
            0.39984006397441024,
            0.4177807486631016,
            0.4418132013784572,
            0.4475875033569063,
            0.46988065031482,
            0.48524844720496896,
            0.5049484952534842,
            0.5172770535899027,
            0.5278716216216216,
            0.5402485143165856
        ],
        [
            0.1784121320249777,
            0.19604767879548307,
            0.21957753282684117,
            0.23729296189075033,
            0.2635323881305012,
            0.2789400278940028,
            0.30795762503079577,
            0.3244225279003374,
            0.3573725966692874,
            0.36321371494987653,
            0.3947264545669851,
            0.4142845306156268,
            0.42582183614375746,
            0.44385264092321347,
            0.46637440537263314,
            0.49304802287742827,
            0.5128731151913016,
            0.5339028296849974,
            0.5454942177612917,
            0.5538325210456359,
            0.5716245569909684
        ],
        [
            0.1693996476487329,
            0.18940111367854842,
            0.20801264716894788,
            0.2313208420078649,
            0.25546699366441855,
            0.2747705665769083,
            0.3024803387779794,
            0.33651904697805896,
            0.3504099796762212,
            0.380575430050236,
            0.4025440785766041,
            0.429000429000429,
            0.4468674591116275,
            0.473798919738463,
            0.4924167815639157,
            0.5184570717544588,
            0.5378078950198989,
            0.5516328331862312,
            0.5765682656826568,
            0.598014591556034,
            0.5977286312014346
        ]
    ],
    "n_logical_errors": 5000,
    "n_runs": 1000000,
    "per_list": [
        0.25,
        0.2575,
        0.265,
        0.2725,
        0.28,
        0.2875,
        0.29500000000000004,
        0.3025,
        0.31,
        0.3175,
        0.325,
        0.3325,
        0.34,
        0.34750000000000003,
        0.35500000000000004,
        0.36250000000000004,
        0.37,
        0.37750000000000006,
        0.385,
        0.3925,
        0.4
    ]
}
