{
    "bias": 30,
    "code": "ColourCode",
    "data": {
        "11": {
            "ler": [
                0.18469267139479906,
                0.2047082906857728,
                0.22508328081390114,
                0.24703557312252963,
                0.26762297275598135,
                0.2820715333408552,
                0.2997601918465228,
                0.3197953309881676,
                0.335255464664074,
                0.3593502946672416,
                0.3813300793166565,
                0.39286556140488726,
                0.4146280786134837,
                0.42585810407972063,
                0.45232495024425545,
                0.4661570016781652,
                0.48141729250914694,
                0.5018065034122843,
                0.5270369979972594,
                0.5348737697903295,
                0.552242102937928
            ],
            "ler_eb": [
                0.0023584427252015244,
                0.0025817468589734195,
                0.002802113678856274,
                0.003031528974241816,
                0.0032389611953968765,
                0.0033799855543982047,
                0.0035474179081111503,
                0.003729983588087535,
                0.0038656119157558827,
                0.004067647578113929,
                0.004241754822996892,
                0.004329137622002844,
                0.004486313829710627,
                0.004563410461343295,
                0.004733986554509847,
                0.004816748658180065,
                0.004902817180837417,
                0.005008991679576637,
                0.005125894767616973,
                0.005158835910607022,
                0.005225960695945053
            ],
            "ler_x": [
                0.11879432624113476,
                0.13355168884339816,
                0.14630413252903574,
                0.1616106719367589,
                0.175346571749719,
                0.18752115536500055,
                0.1949640287769784,
                0.21592580748321075,
                0.22267667962987797,
                0.23868046571798188,
                0.26250762660158633,
                0.2629842068044315,
                0.27887884567542914,
                0.2862618175623882,
                0.3065858512755564,
                0.31726645534215925,
                0.3276526092817254,
                0.34614612605379363,
                0.3585959734373353,
                0.3718442447582371,
                0.383256019438922
            ],
            "ler_z": [
                0.07583481087470449,
                0.08401228249744115,
                0.09219411182137391,
                0.10385375494071146,
                0.11261574693571696,
                0.11728534356312761,
                0.13195443645083932,
                0.13610489286856411,
                0.14878637521791604,
                0.1601983613626563,
                0.16770896888346554,
                0.17678950263219925,
                0.1904801393150344,
                0.19640575760156717,
                0.21241179663470236,
                0.22384859220585493,
                0.23021374927787405,
                0.23735447611401045,
                0.2593022030146516,
                0.258130081300813,
                0.2797658493483543
            ],
            "per": [
                0.25,
                0.2575,
                0.265,
                0.2725,
                0.28,
                0.2875,
                0.29500000000000004,
                0.3025,
                0.31,
                0.3175,
                0.325,
                0.3325,
                0.34,
                0.34750000000000003,
                0.35500000000000004,
                0.36250000000000004,
                0.37,
                0.37750000000000006,
                0.385,
                0.3925,
                0.4
            ],
            "ratio": null
        }
    },
    "distance_array": [
        5,
        7,
        9,
        11
    ],
    "ler_distances": [
        [
            0.2133196808737574,
            0.22482014388489208,
            0.24102193299590263,
            0.24595405578237986,
            0.2651535238903325,
            0.2765945676826907,
            0.2864344637946838,
            0.30140454518054133,
            0.30955918771669144,
            0.33442579091699554,
            0.33967391304347827,
            0.3549371761198268,
            0.36496350364963503,
            0.3741674773628676,
            0.38633905115129036,
            0.3984381225595665,
            0.4206983592763988,
            0.4235493434985176,
            0.44029587883057414,
            0.44822949350067237,
            0.46511627906976744
        ],
        [
            0.21087259078065032,
            0.21771314116520074,
            0.23437866216659636,
            0.2462811545660526,
            0.26463427543135387,
            0.28088309645525533,
            0.2962962962962963,
            0.3111387678904792,
            0.3199795213106361,
            0.3354353951428955,
            0.35564407141332954,
            0.37064492216456635,
            0.3742795119395164,
            0.4000320025602048,
            0.4143875352229405,
            0.43694835270471033,
            0.4434983147064041,
            0.46420945130442853,
            0.4707654646455136,
            0.48369933249492114,
            0.4936321453253036
        ],
        [
            0.20114248933944806,
            0.21278406672908332,
            0.22775930396756708,
            0.24864488537470783,
            0.2634629571082306,
            0.2847704749971523,
            0.3007518796992481,
            0.31855249745158004,
            0.34253613756251283,
            0.35834587543897367,
            0.37299515106303616,
            0.3920031360250882,
            0.4022526146419952,
            0.4305148958153952,
            0.44122837980938934,
            0.4551661356395084,
            0.46988065031482,
            0.48623942429252165,
            0.49460876446730634,
            0.5161556725508414,
            0.5315190815350271
        ],
        [
            0.18469267139479906,
            0.2047082906857728,
            0.22508328081390114,
            0.24703557312252963,
            0.26762297275598135,
            0.2820715333408552,
            0.2997601918465228,
            0.3197953309881676,
            0.335255464664074,
            0.3593502946672416,
            0.3813300793166565,
            0.39286556140488726,
            0.4146280786134837,
            0.42585810407972063,
            0.45232495024425545,
            0.4661570016781652,
            0.48141729250914694,
            0.5018065034122843,
            0.5270369979972594,
            0.5348737697903295,
            0.552242102937928
        ]
    ],
    "n_logical_errors": 5000,
    "n_runs": 1000000,
    "per_list": [
        0.25,
        0.2575,
        0.265,
        0.2725,
        0.28,
        0.2875,
        0.29500000000000004,
        0.3025,
        0.31,
        0.3175,
        0.325,
        0.3325,
        0.34,
        0.34750000000000003,
        0.35500000000000004,
        0.36250000000000004,
        0.37,
        0.37750000000000006,
        0.385,
        0.3925,
        0.4
    ]
}
