{
    "bias": 30,
    "data": {
        "11": {
            "ler": [
                0.10555760806460125,
                0.12489851995253856,
                0.14730881525412243,
                0.1696082388898123,
                0.1932740626207963,
                0.2165261412010272,
                0.24370628518509493,
                0.2716874507566496,
                0.29758007879920484,
                0.3225681586519232,
                0.348998722664675
            ],
            "ler_eb": [
                0.0004464581193859196,
                0.000522518292555954,
                0.0006083305417099763,
                0.0006911995684971416,
                0.00077633932138983,
                0.0008571120272614997,
                0.0009478224109109721,
                0.0010369157549793802,
                0.0011153656420806856,
                0.001187324135009317,
                0.0012593016013809103
            ],
            "ler_x": [
                0.023444344751147938,
                0.02821207768687941,
                0.03416386043373608,
                0.03935928791676985,
                0.04678005411673753,
                0.05300559936601146,
                0.06181366217434748,
                0.07055723096150189,
                0.0796443322898192,
                0.08813207230687845,
                0.0976289026782162
            ],
            "ler_z": [
                0.08211326331345331,
                0.09668644226565916,
                0.11314495482038636,
                0.13024895097304245,
                0.14649400850405875,
                0.16352054183501574,
                0.18189262301074743,
                0.20113021979514767,
                0.21793574650938569,
                0.2344360863450447,
                0.25136981998645885
            ],
            "per": [
                0.2,
                0.21000000000000002,
                0.22,
                0.23,
                0.24,
                0.25,
                0.26,
                0.27,
                0.28,
                0.29,
                0.3
            ]
        }
    },
    "distance_array": [
        5,
        7,
        9,
        11,
        13,
        15,
        17,
        19,
        21,
        23,
        25,
        27,
        29
    ],
    "ler_distances": [
        [
            0.14957878613823472,
            0.16575391510747484,
            0.1810800337533183,
            0.19843947199225292,
            0.21580373944719713,
            0.2336645138376125,
            0.24942258671176226,
            0.2682417824129958,
            0.2850562130852204,
            0.3041196041579232,
            0.32257023966968806
        ],
        [
            0.12412830895039585,
            0.14178404022129654,
            0.1596826785811236,
            0.17734458407374698,
            0.19781845804468323,
            0.21709303739210475,
            0.23787322308702355,
            0.2588902926495868,
            0.2798392603288671,
            0.2998320940273447,
            0.32492851572654013
        ],
        [
            0.11414586928928216,
            0.13197069194873204,
            0.15452941158290656,
            0.17417900724933028,
            0.19715233172062727,
            0.21941854086670323,
            0.24426466565052565,
            0.2688490036455925,
            0.29151799249049654,
            0.3179205452973193,
            0.3417541557305337
        ],
        [
            0.10555760806460125,
            0.12489851995253856,
            0.14730881525412243,
            0.1696082388898123,
            0.1932740626207963,
            0.2165261412010272,
            0.24370628518509493,
            0.2716874507566496,
            0.29758007879920484,
            0.3225681586519232,
            0.348998722664675
        ]
    ],
    "n_logical_errors": 50000,
    "n_runs": 1000000,
    "per_list": [
        0.2,
        0.21000000000000002,
        0.22,
        0.23,
        0.24,
        0.25,
        0.26,
        0.27,
        0.28,
        0.29,
        0.3
    ]
}
