{
    "bias": 30,
    "code": "ColourCode",
    "data": {
        "5": {
            "ler": [
                0.14613046527940146,
                0.15480834726608458,
                0.16403661297201536,
                0.1680728763992067,
                0.17774617845716317,
                0.1849796522382538,
                0.19645593493379435,
                0.20215088542087814,
                0.21423368610480312,
                0.21610407572286813,
                0.22543847783939763,
                0.2369106846718787,
                0.24596615505706415,
                0.25463434508046445,
                0.26047093144405087,
                0.2704749540192578,
                0.28425241614553726,
                0.29619098394644866,
                0.3001020346917952,
                0.3021695775669306,
                0.3191217768700536
            ],
            "ler_eb": [
                0.0019096400933990509,
                0.002012736728004182,
                0.0021210427392329896,
                0.002167980005143667,
                0.002279387804416677,
                0.0023616915852347695,
                0.0024904911345035832,
                0.0025535891795833076,
                0.0026856502945700007,
                0.0027058714401520054,
                0.0028058923217751074,
                0.0029267614900636363,
                0.0030205481975936173,
                0.0031089709742511866,
                0.003167757192097429,
                0.0032670979624032596,
                0.0034009410801817234,
                0.003514101046531262,
                0.0035505963580316465,
                0.0035697736928668854,
                0.0037239698943665155
            ],
            "ler_x": [
                0.042436287117138184,
                0.043965570623568026,
                0.048095534923394904,
                0.04790076977377391,
                0.05286171347316033,
                0.053496115427302995,
                0.05767946249656202,
                0.061898601115872885,
                0.0626847765542654,
                0.061676103211306565,
                0.06515172009558591,
                0.07112058753849798,
                0.07290436835891381,
                0.0780199633326543,
                0.07866222129610335,
                0.0834144758195391,
                0.08942581011938601,
                0.09371482732065636,
                0.09699297761238822,
                0.09717773614552487,
                0.10160837375542507
            ],
            "ler_z": [
                0.1097147533317746,
                0.11666357049972134,
                0.12309307437420032,
                0.12857575044539313,
                0.1335584784927124,
                0.14095449500554938,
                0.14852068680994854,
                0.15137058300315356,
                0.16350314923518575,
                0.16544928037342785,
                0.1737228910230398,
                0.1796730632551528,
                0.18722943722943722,
                0.19342024852312079,
                0.1988435090643884,
                0.20702152980633992,
                0.21489482660602616,
                0.2256382915704046,
                0.22621691375067524,
                0.22837976672508611,
                0.24214960428899668
            ],
            "per": [
                0.2,
                0.20500000000000002,
                0.21000000000000002,
                0.215,
                0.22,
                0.225,
                0.23,
                0.23500000000000001,
                0.24,
                0.245,
                0.25,
                0.255,
                0.26,
                0.265,
                0.27,
                0.275,
                0.28,
                0.28500000000000003,
                0.29,
                0.295,
                0.3
            ],
            "ratio": null
        }
    },
    "distance_array": [
        3,
        5,
        7,
        9,
        11,
        13,
        17,
        21
    ],
    "ler_distances": [
        [
            0.1590077913817777,
            0.1670843776106934,
            0.17188037126160194,
            0.1775000887500444,
            0.182368603421235,
            0.19061415881971713,
            0.2009323259926057,
            0.20463288859785544,
            0.21257599591854087,
            0.21178364183150494,
            0.2284669865204478,
            0.22848786729424667,
            0.23563787171874265,
            0.235393813850572,
            0.24501396579605036,
            0.2541425231269696,
            0.2590270942340569,
            0.26308866087871613,
            0.27427317608337903,
            0.2819124943617501,
            0.2860248269549797
        ],
        [
            0.14613046527940146,
            0.15480834726608458,
            0.16403661297201536,
            0.1680728763992067,
            0.17774617845716317,
            0.1849796522382538,
            0.19645593493379435,
            0.20215088542087814,
            0.21423368610480312,
            0.21610407572286813,
            0.22543847783939763,
            0.2369106846718787,
            0.24596615505706415,
            0.25463434508046445,
            0.26047093144405087,
            0.2704749540192578,
            0.28425241614553726,
            0.29619098394644866,
            0.3001020346917952,
            0.3021695775669306,
            0.3191217768700536
        ]
    ],
    "n_logical_errors": 5000,
    "n_runs": 1000000,
    "per_list": [
        0.2,
        0.20500000000000002,
        0.21000000000000002,
        0.215,
        0.22,
        0.225,
        0.23,
        0.23500000000000001,
        0.24,
        0.245,
        0.25,
        0.255,
        0.26,
        0.265,
        0.27,
        0.275,
        0.28,
        0.28500000000000003,
        0.29,
        0.295,
        0.3
    ]
}
