{
    "bias": 30,
    "data": {
        "21": {
            "ler": [
                0.07627008763433069,
                0.08854650905388055,
                0.10316723408645415,
                0.11784809380708267,
                0.13236617779425,
                0.14460061310659958,
                0.16224810980952073,
                0.1763979537837361,
                0.19177661859466094,
                0.20683806647775457,
                0.22004620970403785,
                0.23928597066354,
                0.24684653550887414,
                0.26134908397146067,
                0.2762812543168946,
                0.28621311428489654,
                0.2965950883853363,
                0.3053341882690605,
                0.31724881824815204,
                0.3367230116506162,
                0.3464283239797686
            ],
            "ler_eb": [
                0.0007330384394782677,
                0.0008453541716118534,
                0.000977006652138332,
                0.0011068639697015543,
                0.0012329494324980442,
                0.0013373793147798223,
                0.0014850372730186184,
                0.0016008559388327938,
                0.0017240956732489812,
                0.0018420923574249811,
                0.001943337936300997,
                0.002087026432666554,
                0.002142243211920978,
                0.0022461595532472967,
                0.0023503705129198802,
                0.0024180975191760287,
                0.0024875204116559997,
                0.0025448570825995125,
                0.002621387615304608,
                0.0027423334571013073,
                0.0028006575199977343
            ],
            "ler_x": [
                0.0056744945199942035,
                0.006977464913445788,
                0.008243062003507686,
                0.009439632313947321,
                0.011621750410335151,
                0.012319972236682283,
                0.014180484797352112,
                0.015805256659022757,
                0.017911936176741333,
                0.019918505801807766,
                0.021432500825173288,
                0.023904668469287647,
                0.023524474833995706,
                0.027415518908606225,
                0.02912004420500069,
                0.03194138355419445,
                0.03354490449638154,
                0.03450276327440383,
                0.03638843945306304,
                0.03821806182234494,
                0.04035889974364304
            ],
            "ler_z": [
                0.07059559311433648,
                0.08156904414043477,
                0.09492417208294646,
                0.10840846149313535,
                0.12074442738391486,
                0.13228064086991728,
                0.1480676250121686,
                0.16059269712471336,
                0.1738646824179196,
                0.1869195606759468,
                0.19861370887886456,
                0.21538130219425236,
                0.22332206067487842,
                0.23393356506285445,
                0.2471612101118939,
                0.2542717307307021,
                0.2630501838889548,
                0.2708314249946567,
                0.28086037879508896,
                0.29850494982827125,
                0.30606942423612554
            ],
            "per": [
                0.2,
                0.20500000000000002,
                0.21000000000000002,
                0.215,
                0.22,
                0.225,
                0.23,
                0.23500000000000001,
                0.24,
                0.245,
                0.25,
                0.255,
                0.26,
                0.265,
                0.27,
                0.275,
                0.28,
                0.28500000000000003,
                0.29,
                0.295,
                0.3
            ]
        }
    },
    "distance_array": [
        9,
        11,
        13,
        15,
        17,
        19,
        21,
        23,
        25,
        27,
        29
    ],