{
    "bias": 30,
    "code": "ColourCode",
    "data": {
        "11": {
            "ler": [
                0.09560229445506692,
                0.10426006630940217,
                0.10919653191814628,
                0.12334410538520364,
                0.13386880856760375,
                0.14268999172398047,
                0.1545451735542299,
                0.16620682777648504,
                0.1801996612246369,
                0.18665073913692698,
                0.20102926986169187,
                0.2139586631862724,
                0.22587640043368268,
                0.24139429343890312,
                0.2550239722533918,
                0.26824034334763946,
                0.28391346317642385,
                0.28767044473850756,
                0.30646644192460926,
                0.32535137948984905,
                0.33992793527772114
            ],
            "ler_eb": [
                0.0012857692621937157,
                0.0013954811124257179,
                0.001457520906052008,
                0.0016332323587702102,
                0.0017619202031164103,
                0.0018684326916745323,
                0.002009627885250153,
                0.0021463128499237464,
                0.002307400671734031,
                0.0023805825732278263,
                0.002541205156198458,
                0.0026826719381126624,
                0.0028105480188535138,
                0.0029733774926511865,
                0.003112914216515863,
                0.003245064439439501,
                0.0033976899015448685,
                0.0034336080985024227,
                0.003609372159498145,
                0.0037792573697979517,
                0.0039056878505852066
            ],
            "ler_x": [
                0.0602868068833652,
                0.06722689075630252,
                0.06831335036799231,
                0.07805214988775687,
                0.08489959839357429,
                0.0899232327844525,
                0.09850709362346614,
                0.10517568061695974,
                0.11132735070458068,
                0.11908317156935941,
                0.12660823415889352,
                0.1365056271128418,
                0.14203108059269967,
                0.15289914546420122,
                0.16224625114760788,
                0.17242489270386266,
                0.18244279143716996,
                0.18796386859214084,
                0.19822249463683728,
                0.21369078604893285,
                0.22108912910462983
            ],
            "ler_z": [
                0.03812619502868069,
                0.040223533582167355,
                0.04429011334600013,
                0.05034906381824013,
                0.05402945113788487,
                0.058873890585314344,
                0.06327079405310172,
                0.06807831665724828,
                0.07755793419108373,
                0.07783335822009856,
                0.0859199099388871,
                0.0920450169027344,
                0.09757860498735092,
                0.10582725824361512,
                0.1126695909415485,
                0.11550429184549356,
                0.12588722957242632,
                0.12634485932915251,
                0.13901317805700275,
                0.14406559083810516,
                0.15487116731252976
            ],
            "per": [
                0.2,
                0.20500000000000002,
                0.21000000000000002,
                0.215,
                0.22,
                0.225,
                0.23,
                0.23500000000000001,
                0.24,
                0.245,
                0.25,
                0.255,
                0.26,
                0.265,
                0.27,
                0.275,
                0.28,
                0.28500000000000003,
                0.29,
                0.295,
                0.3
            ],
            "ratio": null
        }
    },
    "distance_array": [
        3,
        5,
        7,
        9,
        11,
        13,
        17,
        21
    ],
    "ler_distances": [
        [
            0.1590077913817777,
            0.1670843776106934,
            0.17188037126160194,
            0.1775000887500444,
            0.182368603421235,
            0.19061415881971713,
            0.2009323259926057,
            0.20463288859785544,
            0.21257599591854087,
            0.21178364183150494,
            0.2284669865204478,
            0.22848786729424667,
            0.23563787171874265,
            0.235393813850572,
            0.24501396579605036,
            0.2541425231269696,
            0.2590270942340569,
            0.26308866087871613,
            0.27427317608337903,
            0.2819124943617501,
            0.2860248269549797
        ],
        [
            0.14613046527940146,
            0.15480834726608458,
            0.16403661297201536,
            0.1680728763992067,
            0.17774617845716317,
            0.1849796522382538,
            0.19645593493379435,
            0.20215088542087814,
            0.21423368610480312,
            0.21610407572286813,
            0.22543847783939763,
            0.2369106846718787,
            0.24596615505706415,
            0.25463434508046445,
            0.26047093144405087,
            0.2704749540192578,
            0.28425241614553726,
            0.29619098394644866,
            0.3001020346917952,
            0.3021695775669306,
            0.3191217768700536
        ],
        [
            0.12088682575372936,
            0.12766826677561025,
            0.13910527487202315,
            0.14624159110851126,
            0.15319096786053493,
            0.16220600162206,
            0.17312419930057824,
            0.18121194549144679,
            0.1899335232668566,
            0.20032051282051283,
            0.21181055663814286,
            0.2181500872600349,
            0.23582680879162343,
            0.24715768660405338,
            0.25372982847863595,
            0.25794469665703673,
            0.27206442485580584,
            0.2820078962210942,
            0.29282576866764276,
            0.30350855894136214,
            0.3133224714876551
        ],
        [
            0.11223596489259018,
            0.11847779726079333,
            0.1298802504091228,
            0.14036663765756155,
            0.1515059693351918,
            0.15642597922662996,
            0.16858289220809872,
            0.18353338472268105,
            0.19664136547764188,
            0.2012072434607646,
            0.2154615185727829,
            0.22412479268456675,
            0.23685457129322596,
            0.24742676167854316,
            0.25646286417726716,
            0.276441643169127,
            0.2915621902151729,
            0.2932379332590464,
            0.3056234718826406,
            0.3241491085899514,
            0.33770093205457247
        ],
        [
            0.09560229445506692,
            0.10426006630940217,
            0.10919653191814628,
            0.12334410538520364,
            0.13386880856760375,
            0.14268999172398047,
            0.1545451735542299,
            0.16620682777648504,
            0.1801996612246369,
            0.18665073913692698,
            0.20102926986169187,
            0.2139586631862724,
            0.22587640043368268,
            0.24139429343890312,
            0.2550239722533918,
            0.26824034334763946,
            0.28391346317642385,
            0.28767044473850756,
            0.30646644192460926,
            0.32535137948984905,
            0.33992793527772114
        ]
    ],
    "n_logical_errors": 5000,
    "n_runs": 1000000,