{
    "bias": 30,
    "data": {
        "13": {
            "ler": [
                0.08694850735497424,
                0.10669671246089565,
                0.12778278970275167,
                0.151376160676712,
                0.17971131174880672,
                0.20415912979212517,
                0.23415694134836934,
                0.26351155498168594,
                0.2927451887328232,
                0.32396428617709183,
                0.35482382996842066
            ],
            "ler_eb": [
                0.00037155641517394366,
                0.00045098853573714463,
                0.0005337030552237035,
                0.0006236344498366308,
                0.0007279034426139621,
                0.0008145109420986203,
                0.0009164144416766055,
                0.0010113410380597377,
                0.001101013690630495,
                0.001191233652658749,
                0.0012745795208648492
            ],
            "ler_x": [
                0.02888603311346954,
                0.03597813144181401,
                0.043704269734135125,
                0.052908995679724374,
                0.06475717407556501,
                0.07430167369654604,
                0.08684880954611018,
                0.10109884318427363,
                0.11492590619273173,
                0.13056408661509156,
                0.14542099847425752
            ],
            "ler_z": [
                0.058062474241504694,
                0.07071858101908164,
                0.08407851996861655,
                0.09846716499698761,
                0.11495413767324171,
                0.12985745609557914,
                0.14730813180225916,
                0.16241271179741232,
                0.17781928254009147,
                0.19340019956200027,
                0.20940283149416314
            ],
            "per": [
                0.2,
                0.21000000000000002,
                0.22,
                0.23,
                0.24,
                0.25,
                0.26,
                0.27,
                0.28,
                0.29,
                0.3
            ]
        }
    },
    "distance_array": [
        5,
        7,
        9,
        11,
        13,
        15,
        17,
        19,
        21,
        23,
        25,
        27,
        29
    ],
    "ler_distances": [
        [
            0.14957878613823472,
            0.16575391510747484,
            0.1810800337533183,
            0.19843947199225292,
            0.21580373944719713,
            0.2336645138376125,
            0.24942258671176226,
            0.2682417824129958,
            0.2850562130852204,
            0.3041196041579232,
            0.32257023966968806
        ],
        [
            0.12412830895039585,
            0.14178404022129654,
            0.1596826785811236,
            0.17734458407374698,
            0.19781845804468323,
            0.21709303739210475,
            0.23787322308702355,
            0.2588902926495868,
            0.2798392603288671,
            0.2998320940273447,
            0.32492851572654013
        ],
        [
            0.11414586928928216,
            0.13197069194873204,
            0.15452941158290656,
            0.17417900724933028,
            0.19715233172062727,
            0.21941854086670323,
            0.24426466565052565,
            0.2688490036455925,
            0.29151799249049654,
            0.3179205452973193,
            0.3417541557305337
        ],
        [
            0.10555760806460125,
            0.12489851995253856,
            0.14730881525412243,
            0.1696082388898123,
            0.1932740626207963,
            0.2165261412010272,
            0.24370628518509493,
            0.2716874507566496,
            0.29758007879920484,
            0.3225681586519232,
            0.348998722664675
        ],
        [
            0.08694850735497424,
            0.10669671246089565,
            0.12778278970275167,
            0.151376160676712,
            0.17971131174880672,
            0.20415912979212517,
            0.23415694134836934,
            0.26351155498168594,
            0.2927451887328232,
            0.32396428617709183,
            0.35482382996842066
        ]
    ],
    "n_logical_errors": 50000,
    "n_runs": 1000000,
    "per_list": [
        0.2,
        0.21000000000000002,
        0.22,
        0.23,
        0.24,
        0.25,
        0.26,
        0.27,
        0.28,
        0.29,
        0.3
    ]
}
