{
    "bias": 30,
    "data": {
        "15": {
            "ler": [
                0.08767238582863555,
                0.10043690051725004,
                0.11005216472608016,
                0.12310419539097893,
                0.13857901082302074,
                0.147815290013599,
                0.1607587814484366,
                0.17352374672473928,
                0.18784987038358944,
                0.19473817452435202,
                0.20794776352180333,
                0.2192742023900888,
                0.2292105986980838,
                0.2416626389560174,
                0.25218136884047004,
                0.2677447856702991,
                0.27407772844378664,
                0.2862294988121476,
                0.29344445096543226,
                0.3077870113881194,
                0.315387769262308
            ],
            "ler_eb": [
                0.0008374101784120785,
                0.0009525967993846828,
                0.0010381996187253813,
                0.0011527811066895572,
                0.0012861901572189052,
                0.0013645398668576433,
                0.0014727129591682448,
                0.0015775172112953368,
                0.0016928912439392492,
                0.0017475099219432552,
                0.0018506792949661238,
                0.0019374781122085847,
                0.0020123455731439455,
                0.0021044603135784144,
                0.0021807763978774013,
                0.002291143326906596,
                0.0023351716348100162,
                0.002418208190645371,
                0.002466601874382846,
                0.0025607675671066132,
                0.002609559323561444
            ],
            "ler_x": [
                0.014387038514479094,
                0.01728519057901873,
                0.017927497633878457,
                0.01993056923379949,
                0.022532947159823173,
                0.024847750251285994,
                0.026107226107226107,
                0.027867913723993127,
                0.03127700341886764,
                0.033631282740355595,
                0.03589178398386325,
                0.039272009648064904,
                0.04107453928669662,
                0.04371677138714355,
                0.04599788167650174,
                0.047765669763581355,
                0.05144438962889875,
                0.05484157197240748,
                0.05502083455601855,
                0.05780240073868883,
                0.05989213738291229
            ],
            "ler_z": [
                0.07328534731415647,
                0.0831517099382313,
                0.0921246670922017,
                0.10317362615717944,
                0.11604606366319757,
                0.12296753976231302,
                0.1346515553412105,
                0.14565583300074617,
                0.1565728669647218,
                0.16110689178399643,
                0.17205597953794008,
                0.1800021927420239,
                0.18813605941138717,
                0.19794586756887386,
                0.20618348716396834,
                0.2199791159067177,
                0.2226333388148879,
                0.2313879268397401,
                0.2384236164094137,
                0.2499846106494306,
                0.2554956318793957
            ],
            "per": [
                0.2,
                0.20500000000000002,
                0.21000000000000002,
                0.215,
                0.22,
                0.225,
                0.23,
                0.23500000000000001,
                0.24,
                0.245,
                0.25,
                0.255,
                0.26,
                0.265,
                0.27,
                0.275,
                0.28,
                0.28500000000000003,
                0.29,
                0.295,
                0.3
            ]
        }
    },
    "distance_array": [
        9,
        11,
        13,
        15,
        17,
        19,
        21,
        23,
        25,
        27,
        29
    ],
    "ler_distances": [
        [
            0.1052321421054847,
            0.11409143287430547,
            0.11880153016370851,
            0.13493091537132987,
            0.1400246443374034,
            0.14866130494893484,
            0.159382869529183,
            0.16469038208168643,
            0.17114203077133713,
            0.18467220683287167,
            0.18685302141335625,
            0.19506866416978777,
            0.2008637139700713,
            0.21130927225086638,
            0.2220297963986767,
            0.23013900395839088,
            0.2341262408690766,
            0.23710166919575112,
            0.24712103988533585,
            0.2535754133279237,
            0.26337275145513445
        ],
        [
            0.10336451496201354,
            0.11583727180057456,
            0.12352846713525131,
            0.13581051716644937,
            0.14443979027342452,
            0.15340952673161004,
            0.16290890134236935,
            0.17308824038494824,
            0.1828186986965027,
            0.19350594063237742,
            0.2049306309814128,
            0.21445881318492782,
            0.22008495279177762,
            0.2384642899725766,
            0.24907220603252883,
            0.2542329791020491,
            0.2674511901577962,
            0.28037907250602817,
            0.28799354894450363,
            0.3043491493441276,
            0.3089375637183725
        ],
        [
            0.08021240244166553,
            0.09270246217739543,
            0.10047827659659982,
            0.10905601116733554,
            0.12076419583121996,
            0.1267443186859149,
            0.13829154623777848,
            0.14424602602198308,
            0.15613290032475644,
            0.16770925922820198,
            0.1783707614647807,
            0.18912887241366266,
            0.19555312200559283,
            0.20377389248889433,
            0.2174764038101866,
            0.22842001873044154,
            0.23804422861767716,
            0.24676125848241826,
            0.2567921524318217,
            0.2652379184128163,
            0.27975940691005735
        ],
        [
            0.08767238582863555,
            0.10043690051725004,
            0.11005216472608016,
            0.12310419539097893,
            0.13857901082302074,
            0.147815290013599,
            0.1607587814484366,
            0.17352374672473928,
            0.18784987038358944,
            0.19473817452435202,
            0.20794776352180333,
            0.2192742023900888,
            0.2292105986980838,
            0.2416626389560174,
            0.25218136884047004,
            0.2677447856702991,
            0.27407772844378664,
            0.2862294988121476,
            0.29344445096543226,
            0.3077870113881194,
            0.315387769262308
        ]
    ],
    "n_logical_errors": 10000,
    "n_runs": 1000000,
    "per_list": [
        0.2,
        0.20500000000000002,
        0.21000000000000002,
        0.215,
        0.22,
        0.225,
        0.23,
        0.23500000000000001,
        0.24,
        0.245,
        0.25,
        0.255,
        0.26,
        0.265,
        0.27,
        0.275,
        0.28,
        0.28500000000000003,
        0.29,
        0.295,
        0.3
    ]
}
