{
    "bias": 30,
    "code": "ColourCode",
    "data": {
        "7": {
            "ler": [
                0.21087259078065032,
                0.21771314116520074,
                0.23437866216659636,
                0.2462811545660526,
                0.26463427543135387,
                0.28088309645525533,
                0.2962962962962963,
                0.3111387678904792,
                0.3199795213106361,
                0.3354353951428955,
                0.35564407141332954,
                0.37064492216456635,
                0.3742795119395164,
                0.4000320025602048,
                0.4143875352229405,
                0.43694835270471033,
                0.4434983147064041,
                0.46420945130442853,
                0.4707654646455136,
                0.48369933249492114,
                0.4936321453253036
            ],
            "ler_eb": [
                0.0026491630914920188,
                0.0027232195681241894,
                0.0029002810378179213,
                0.0030237847041633993,
                0.003209318228867268,
                0.003368529466027328,
                0.0035150874903806784,
                0.0036520355586436475,
                0.0037316265812367497,
                0.0038671630960078114,
                0.004037322904422471,
                0.0041583488754275266,
                0.004186983409121195,
                0.004382014162788614,
                0.004484632265877797,
                0.00463680915137732,
                0.004678861757333927,
                0.004805366323605841,
                0.004843325771902544,
                0.004915207188354216,
                0.004967655780316021
            ],
            "ler_x": [
                0.15026780819029142,
                0.15518592702255507,
                0.16814325223831622,
                0.17663284405477292,
                0.1888959458029004,
                0.20515701365091848,
                0.2126222222222222,
                0.22265090230242687,
                0.23102521438627927,
                0.24064135247551321,
                0.2557792161604666,
                0.2710155670867309,
                0.27434688225166554,
                0.2980238419073526,
                0.30498922592408423,
                0.32334178100148564,
                0.32685825793861983,
                0.343607835855538,
                0.34111665568213917,
                0.35484183031827415,
                0.3627209003850331
            ],
            "ler_z": [
                0.07207625152882628,
                0.0764608551772185,
                0.08109501710964234,
                0.08669096640725052,
                0.09431565576373452,
                0.09948879276445144,
                0.1072,
                0.11505911636589919,
                0.11973633687444003,
                0.12632496981081442,
                0.13450458780852123,
                0.14262416604892514,
                0.14289991765850737,
                0.1500120009600768,
                0.15696999834244985,
                0.17067202656645986,
                0.17198864644314352,
                0.18605514808281495,
                0.1969682704076829,
                0.20160588178388314,
                0.2093000296179287
            ],
            "per": [
                0.25,
                0.2575,
                0.265,
                0.2725,
                0.28,
                0.2875,
                0.29500000000000004,
                0.3025,
                0.31,
                0.3175,
                0.325,
                0.3325,
                0.34,
                0.34750000000000003,
                0.35500000000000004,
                0.36250000000000004,
                0.37,
                0.37750000000000006,
                0.385,
                0.3925,
                0.4
            ],
            "ratio": null
        }
    },
    "distance_array": [
        5,
        7,
        9,
        11
    ],
    "ler_distances": [
        [
            0.2133196808737574,
            0.22482014388489208,
            0.24102193299590263,
            0.24595405578237986,
            0.2651535238903325,
            0.2765945676826907,
            0.2864344637946838,
            0.30140454518054133,
            0.30955918771669144,
            0.33442579091699554,
            0.33967391304347827,
            0.3549371761198268,
            0.36496350364963503,
            0.3741674773628676,
            0.38633905115129036,
            0.3984381225595665,
            0.4206983592763988,
            0.4235493434985176,
            0.44029587883057414,
            0.44822949350067237,
            0.46511627906976744
        ],
        [
            0.21087259078065032,
            0.21771314116520074,
            0.23437866216659636,
            0.2462811545660526,
            0.26463427543135387,
            0.28088309645525533,
            0.2962962962962963,
            0.3111387678904792,
            0.3199795213106361,
            0.3354353951428955,
            0.35564407141332954,
            0.37064492216456635,
            0.3742795119395164,
            0.4000320025602048,
            0.4143875352229405,
            0.43694835270471033,
            0.4434983147064041,
            0.46420945130442853,
            0.4707654646455136,
            0.48369933249492114,
            0.4936321453253036
        ]
    ],
    "n_logical_errors": 5000,
    "n_runs": 1000000,
    "per_list": [
        0.25,
        0.2575,
        0.265,
        0.2725,
        0.28,
        0.2875,
        0.29500000000000004,
        0.3025,
        0.31,
        0.3175,
        0.325,
        0.3325,
        0.34,
        0.34750000000000003,
        0.35500000000000004,
        0.36250000000000004,
        0.37,
        0.37750000000000006,
        0.385,
        0.3925,
        0.4
    ]
}
