{
    "bias": 30,
    "data": {
        "5": {
            "ler": [
                0.14957878613823472,
                0.16575391510747484,
                0.1810800337533183,
                0.19843947199225292,
                0.21580373944719713,
                0.2336645138376125,
                0.24942258671176226,
                0.2682417824129958,
                0.2850562130852204,
                0.3041196041579232,
                0.32257023966968806
            ],
            "ler_eb": [
                0.0006168819244148162,
                0.0006770580119381497,
                0.0007328351545617849,
                0.0007945316866830195,
                0.0008546461630898661,
                0.0009147811945473368,
                0.0009663813107822934,
                0.0010261839745099367,
                0.001077907409688272,
                0.001134558033523046,
                0.0011873299712212115
            ],
            "ler_x": [
                0.04198377369327973,
                0.04772055215944201,
                0.05204240170070368,
                0.05817054681980902,
                0.06278593995476754,
                0.06927685506257536,
                0.07506622169677198,
                0.08160987988132984,
                0.08724430457686255,
                0.09528067198267735,
                0.10193864714041483
            ],
            "ler_z": [
                0.10759501244495501,
                0.11803336294803284,
                0.12903763205261462,
                0.1402689251724439,
                0.1530177994924296,
                0.16438765877503717,
                0.1743563650149903,
                0.18663190253166595,
                0.19781190850835784,
                0.20883893217524588,
                0.22063159252927325
            ],
            "per": [
                0.2,
                0.21000000000000002,
                0.22,
                0.23,
                0.24,
                0.25,
                0.26,
                0.27,
                0.28,
                0.29,
                0.3
            ]
        }
    },
    "distance_array": [
        5,
        7,
        9,
        11,
        13,
        15,
        17,
        19,
        21,
        23,
        25,
        27,
        29
    ],
    "ler_distances": [
        [
            0.14957878613823472,
            0.16575391510747484,
            0.1810800337533183,
            0.19843947199225292,
            0.21580373944719713,
            0.2336645138376125,
            0.24942258671176226,
            0.2682417824129958,
            0.2850562130852204,
            0.3041196041579232,
            0.32257023966968806
        ]
    ],
    "n_logical_errors": 50000,
    "n_runs": 1000000,
    "per_list": [
        0.2,
        0.21000000000000002,
        0.22,
        0.23,
        0.24,
        0.25,
        0.26,
        0.27,
        0.28,
        0.29,
        0.3
    ]
}
