{
    "bias": 30,
    "data": {
        "13": {
            "ler": [
                0.08311170212765957,
                0.09415309292910272,
                0.10204081632653061,
                0.11622501162250116,
                0.12973533990659056,
                0.13430029546065,
                0.14958863126402394,
                0.16539861065167052,
                0.18301610541727673,
                0.1852881230313137,
                0.19546520719311963,
                0.22168033695411218,
                0.2365744026496333,
                0.23809523809523808,
                0.24993751562109473,
                0.27824151363383415,
                0.30553009471432935,
                0.30284675953967294,
                0.33156498673740054,
                0.3439972480220158,
                0.34928396786587496
            ],
            "ler_eb": [
                0.0025166359240912776,
                0.0028337530075509434,
                0.003057751743936302,
                0.0034551782047762573,
                0.0038272247632476705,
                0.003951487411920167,
                0.004362275772097569,
                0.004778277949891438,
                0.005231136553058423,
                0.005288708198326842,
                0.005544238180980453,
                0.006184522503036239,
                0.0065365879794585064,
                0.006572052946117659,
                0.0068451058872679585,
                0.007475114971014127,
                0.00805157253767344,
                0.007996262750924766,
                0.00857231769934309,
                0.008810646946343087,
                0.008909932325636019
            ],
            "ler_x": [
                0.03324468085106383,
                0.04039167686658507,
                0.04326530612244898,
                0.04602510460251046,
                0.05500778412039439,
                0.05600322320709106,
                0.06387434554973823,
                0.0701290109163083,
                0.07796486090775988,
                0.08097090976468409,
                0.08111806098514464,
                0.10086455331412104,
                0.10622190678968535,
                0.10666666666666667,
                0.11247188202949263,
                0.11268781302170283,
                0.13137794072716164,
                0.14233797698364628,
                0.15086206896551724,
                0.15273477812177502,
                0.15962277331470487
            ],
            "ler_z": [
                0.0511968085106383,
                0.055456171735241505,
                0.061632653061224486,
                0.07264063226406323,
                0.07874935132330046,
                0.08299758259468171,
                0.09020194465220643,
                0.10221634138273239,
                0.11346998535871157,
                0.11450806003335186,
                0.12333854573885848,
                0.13522500554200842,
                0.14572983203217413,
                0.14595238095238094,
                0.15746063484128967,
                0.1872565386755704,
                0.20134433241674304,
                0.18867353119321623,
                0.21518567639257294,
                0.22256621947024424,
                0.2270345791128187
            ],
            "per": [
                0.2,
                0.20500000000000002,
                0.21000000000000002,
                0.215,
                0.22,
                0.225,
                0.23,
                0.23500000000000001,
                0.24,
                0.245,
                0.25,
                0.255,
                0.26,
                0.265,
                0.27,
                0.275,
                0.28,
                0.28500000000000003,
                0.29,
                0.295,
                0.3
            ]
        }
    },
    "distance_array": [
        5,
        9,
        13,
        17,
        21
    ],
    "ler_distances": [
        [
            0.1600768368817032,
            0.1631321370309951,
            0.1731301939058172,
            0.1798237727027513,
            0.175561797752809,
            0.1918649270913277,
            0.20056157240272765,
            0.2012477359629704,
            0.21454623471358078,
            0.21649707728945658,
            0.2349624060150376,
            0.2534854245880862,
            0.254841997961264,
            0.2735229759299781,
            0.2595380223202699,
            0.2728512960436562,
            0.2868617326448652,
            0.29568302779420463,
            0.3108486167236556,
            0.3076923076923077,
            0.3351206434316354
        ],
        [
            0.11656370206317752,
            0.1262945188178833,
            0.13145786775338503,
            0.1386001386001386,
            0.14374011786689664,
            0.15910898965791567,
            0.1782848992690319,
            0.1849112426035503,
            0.19657951641438962,
            0.20990764063811923,
            0.22266755733689603,
            0.22888532845044632,
            0.24473813020068527,
            0.2493143854400399,
            0.2664535038635758,
            0.28034763106251753,
            0.30349013657056145,
            0.3197953309881676,
            0.30441400304414,
            0.31525851197982346,
            0.3432887058015791
        ],
        [
            0.08311170212765957,
            0.09415309292910272,
            0.10204081632653061,
            0.11622501162250116,
            0.12973533990659056,
            0.13430029546065,
            0.14958863126402394,
            0.16539861065167052,
            0.18301610541727673,
            0.1852881230313137,
            0.19546520719311963,
            0.22168033695411218,
            0.2365744026496333,
            0.23809523809523808,
            0.24993751562109473,
            0.27824151363383415,
            0.30553009471432935,
            0.30284675953967294,
            0.33156498673740054,
            0.3439972480220158,
            0.34928396786587496
        ]
    ],
    "n_logical_errors": 1000,
    "n_runs": 1000000,
    "per_list": [
        0.2,
        0.20500000000000002,
        0.21000000000000002,
        0.215,
        0.22,
        0.225,
        0.23,
        0.23500000000000001,
        0.24,
        0.245,
        0.25,
        0.255,
        0.26,
        0.265,
        0.27,
        0.275,
        0.28,
        0.28500000000000003,
        0.29,
        0.295,
        0.3
    ]
}
