{
    "bias": 30,
    "code": "ColourCode",
    "data": {
        "13": {
            "ler": [
                0.08379279717115516,
                0.09235998226688341,
                0.10193264290956536,
                0.10993360010553625,
                0.1195886151638364,
                0.13492727419920664,
                0.14391388193305127,
                0.16131634134537828,
                0.16640596398974938,
                0.18301610541727673,
                0.1984835854074868,
                0.21001344086021506,
                0.2209261223047013,
                0.2351945058563432,
                0.2541942043721403,
                0.2613149367617853,
                0.28694404591104733,
                0.2951071238859706,
                0.31201248049922,
                0.3260089978483406,
                0.34277096044423117
            ],
            "ler_eb": [
                0.001134275461871946,
                0.0012443875475022278,
                0.0013661007760795727,
                0.0014667518736087284,
                0.0015868930553666262,
                0.0017747658135263292,
                0.0018831131374687385,
                0.002089259819489146,
                0.002148627770442363,
                0.002339435386444514,
                0.002513019188402598,
                0.0026398055611095463,
                0.0027577277487071277,
                0.002908825506900295,
                0.0031045132604694816,
                0.0031762076777234424,
                0.003426683715645923,
                0.0035039367015586675,
                0.003659967626532561,
                0.0037850501141440058,
                0.003929862826601797
            ],
            "ler_x": [
                0.03490807930150324,
                0.039160632481158565,
                0.04016146130636875,
                0.045160722923354296,
                0.050538148768237263,
                0.055428124241034084,
                0.06191175200759865,
                0.06810775931601872,
                0.07082237827403734,
                0.07997803806734993,
                0.08693581040847922,
                0.09122983870967742,
                0.09716330858960763,
                0.10423820499553131,
                0.11606507371631927,
                0.11670325075781332,
                0.128493543758967,
                0.1333884199964587,
                0.1456474258970359,
                0.15192019299732673,
                0.16357030232398712
            ],
            "ler_z": [
                0.0507616765262858,
                0.05585931727501108,
                0.06452336296175487,
                0.06829075238555912,
                0.07306864386510405,
                0.08505815365517985,
                0.0881616440721872,
                0.10037102758509436,
                0.10353779079442207,
                0.11262811127379209,
                0.12389345401135327,
                0.13159442204301075,
                0.13834393778720397,
                0.14770214967778353,
                0.15673614641586173,
                0.1662485627678478,
                0.1813486370157819,
                0.18798323791536328,
                0.19613104524180966,
                0.2051900632457456,
                0.21539727154315486
            ],
            "per": [
                0.2,
                0.20500000000000002,
                0.21000000000000002,
                0.215,
                0.22,
                0.225,
                0.23,
                0.23500000000000001,
                0.24,
                0.245,
                0.25,
                0.255,
                0.26,
                0.265,
                0.27,
                0.275,
                0.28,
                0.28500000000000003,
                0.29,
                0.295,
                0.3
            ],
            "ratio": null
        }
    },
    "distance_array": [
        3,
        5,
        7,
        9,
        11,
        13,
        17,
        21
    ],