{
    "bias": 30,
    "data": {
        "11": {
            "ler": [
                0.10336451496201354,
                0.11583727180057456,
                0.12352846713525131,
                0.13581051716644937,
                0.14443979027342452,
                0.15340952673161004,
                0.16290890134236935,
                0.17308824038494824,
                0.1828186986965027,
                0.19350594063237742,
                0.2049306309814128,
                0.21445881318492782,
                0.22008495279177762,
                0.2384642899725766,
                0.24907220603252883,
                0.2542329791020491,
                0.2674511901577962,
                0.28037907250602817,
                0.28799354894450363,
                0.3043491493441276,
                0.3089375637183725
            ],
            "ler_eb": [
                0.0009787672568090495,
                0.0010892170279269981,
                0.0011564742303192888,
                0.001262518908949961,
                0.0013360174737012266,
                0.0014115264435949878,
                0.001490497241857345,
                0.0015739725244839407,
                0.001652645949723691,
                0.0017377803765898203,
                0.0018272980395757782,
                0.001900764790370669,
                0.0019436318204890312,
                0.0020809827931744873,
                0.0021583623510482053,
                0.0021955001628425346,
                0.002289089737818834,
                0.002378468954744651,
                0.002430103237040259,
                0.0025384449674745566,
                0.0025682030702144825
            ],
            "ler_x": [
                0.020424828156493876,
                0.02324854045037531,
                0.025360394302867097,
                0.027270751847023034,
                0.02920572559328644,
                0.03011429009741505,
                0.033575524566662324,
                0.03440994218852771,
                0.03630779356112543,
                0.03903014822555052,
                0.041314015205852817,
                0.04332068026335542,
                0.04513942381759359,
                0.050339811613210925,
                0.05335126653216767,
                0.05338892561143031,
                0.05391815993581171,
                0.0587674535972635,
                0.05984505947066786,
                0.06400462610707003,
                0.06317773178040718
            ],
            "ler_z": [
                0.08293968680551966,
                0.09258873135019924,
                0.09816807283238423,
                0.10853976531942634,
                0.11523406468013808,
                0.12329523663419498,
                0.12933337677570703,
                0.13867829819642052,
                0.14651090513537723,
                0.15447579240682688,
                0.16361661577555997,
                0.1711381329215724,
                0.17494552897418403,
                0.1881244783593657,
                0.19572093950036115,
                0.2008440534906188,
                0.2135330302219845,
                0.22161161890876466,
                0.22814848947383579,
                0.24034452323705754,
                0.24575983193796533
            ],
            "per": [
                0.2,
                0.20500000000000002,
                0.21000000000000002,
                0.215,
                0.22,
                0.225,
                0.23,
                0.23500000000000001,
                0.24,
                0.245,
                0.25,
                0.255,
                0.26,
                0.265,
                0.27,
                0.275,
                0.28,
                0.28500000000000003,
                0.29,
                0.295,
                0.3
            ]
        }
    },
    "distance_array": [
        9,
        11,
        13,
        15,
        17,
        19,
        21,
        23,
        25,
        27,
        29
    ],
    "ler_distances": [
        [
            0.1052321421054847,
            0.11409143287430547,
            0.11880153016370851,
            0.13493091537132987,
            0.1400246443374034,
            0.14866130494893484,
            0.159382869529183,
            0.16469038208168643,
            0.17114203077133713,
            0.18467220683287167,
            0.18685302141335625,
            0.19506866416978777,
            0.2008637139700713,
            0.21130927225086638,
            0.2220297963986767,
            0.23013900395839088,
            0.2341262408690766,
            0.23710166919575112,
            0.24712103988533585,
            0.2535754133279237,
            0.26337275145513445
        ],
        [
            0.10336451496201354,
            0.11583727180057456,
            0.12352846713525131,
            0.13581051716644937,
            0.14443979027342452,
            0.15340952673161004,
            0.16290890134236935,
            0.17308824038494824,
            0.1828186986965027,
            0.19350594063237742,
            0.2049306309814128,
            0.21445881318492782,
            0.22008495279177762,
            0.2384642899725766,
            0.24907220603252883,
            0.2542329791020491,
            0.2674511901577962,
            0.28037907250602817,
            0.28799354894450363,
            0.3043491493441276,
            0.3089375637183725
        ]
    ],
    "n_logical_errors": 10000,
    "n_runs": 1000000,
    "per_list": [
        0.2,
        0.20500000000000002,
        0.21000000000000002,
        0.215,
        0.22,
        0.225,
        0.23,
        0.23500000000000001,
        0.24,
        0.245,
        0.25,
        0.255,
        0.26,
        0.265,
        0.27,
        0.275,
        0.28,
        0.28500000000000003,
        0.29,
        0.295,
        0.3
    ]
}
