{
    "bias": 30,
    "data": {
        "25": {
            "ler": [
                0.06504784268829725,
                0.07672948253636977,
                0.09106638739641199,
                0.1013890297069857,
                0.12045435382261892,
                0.13057898722937505,
                0.14507892293407615,
                0.16248801650878247,
                0.1747182667947934,
                0.18860095809286712,
                0.20558365198799392,
                0.22198051011121223,
                0.22683966972144087,
                0.24972530216761563,
                0.26449428692340243,
                0.2751334397182634,
                0.29007367871439343,
                0.3008876184744998,
                0.31393231619262885,
                0.33098335153741765,
                0.3433712186244549
            ],
            "ler_eb": [
                0.0006289666116637543,
                0.0007372703235388484,
                0.0008682088140454775,
                0.0009611182524880888,
                0.0011296702553590275,
                0.0012175543651519504,
                0.001341427899874321,
                0.001487020145497296,
                0.0015872284127127925,
                0.001698873882872215,
                0.0018323678490407684,
                0.0019579882592930557,
                0.0019945906907076656,
                0.00216308057669688,
                0.0022683461095922113,
                0.002342461223215136,
                0.0024440774378079485,
                0.002515809853385499,
                0.002600276348640647,
                0.002707226621218517,
                0.0027824274371325607
            ],
            "ler_x": [
                0.0044232533028042125,
                0.005516849794364987,
                0.006474820143884892,
                0.007553482713170435,
                0.0091665763259013,
                0.010407145282181191,
                0.012810468895078923,
                0.01475391189899745,
                0.016615707172184854,
                0.019199577533853873,
                0.020620040294395788,
                0.022020466603032255,
                0.024770891933581344,
                0.027120167815403058,
                0.02777190012695726,
                0.03004457161723436,
                0.03414167198468411,
                0.03493305250488942,
                0.04008915677779871,
                0.0430278356998643,
                0.04765992514507434
            ],
            "ler_z": [
                0.06062458938549303,
                0.07121263274200479,
                0.08459156725252709,
                0.09383554699381527,
                0.11128777749671762,
                0.12017184194719385,
                0.1322684540389972,
                0.14773410460978503,
                0.15810255962260855,
                0.16940138055901324,
                0.18496361169359812,
                0.19996004350817997,
                0.20206877778785953,
                0.22260513435221257,
                0.2367223867964452,
                0.245088868101029,
                0.25593200672970934,
                0.26595456596961037,
                0.2738431594148302,
                0.28795551583755336,
                0.2957112934793806
            ],
            "per": [
                0.2,
                0.20500000000000002,
                0.21000000000000002,
                0.215,
                0.22,
                0.225,
                0.23,
                0.23500000000000001,
                0.24,
                0.245,
                0.25,
                0.255,
                0.26,
                0.265,
                0.27,
                0.275,
                0.28,
                0.28500000000000003,
                0.29,
                0.295,
                0.3
            ]
        }
    },
    "distance_array": [
        25,
        27,
        29
    ],
    "ler_distances": [
        [
            0.06504784268829725,
            0.07672948253636977,
            0.09106638739641199,
            0.1013890297069857,
            0.12045435382261892,
            0.13057898722937505,
            0.14507892293407615,
            0.16248801650878247,
            0.1747182667947934,
            0.18860095809286712,
            0.20558365198799392,
            0.22198051011121223,
            0.22683966972144087,
            0.24972530216761563,
            0.26449428692340243,
            0.2751334397182634,
            0.29007367871439343,
            0.3008876184744998,
            0.31393231619262885,
            0.33098335153741765,
            0.3433712186244549
        ]
    ],
    "n_logical_errors": 10000,
    "n_runs": 1000000,
    "per_list": [
        0.2,
        0.20500000000000002,
        0.21000000000000002,
        0.215,
        0.22,
        0.225,
        0.23,
        0.23500000000000001,
        0.24,
        0.245,
        0.25,
        0.255,
        0.26,
        0.265,
        0.27,
        0.275,
        0.28,
        0.28500000000000003,
        0.29,
        0.295,
        0.3
    ]
}
