{
    "bias": 30,
    "data": {
        "7": {
            "ler": [
                0.12412830895039585,
                0.14178404022129654,
                0.1596826785811236,
                0.17734458407374698,
                0.19781845804468323,
                0.21709303739210475,
                0.23787322308702355,
                0.2588902926495868,
                0.2798392603288671,
                0.2998320940273447,
                0.32492851572654013
            ],
            "ler_eb": [
                0.0005195245580567529,
                0.00058740905751316,
                0.0006546278304988318,
                0.0007193527505481595,
                0.0007923519708420487,
                0.000859045110981099,
                0.0009286972622177696,
                0.0009967173432231153,
                0.0010620338590923342,
                0.001122003510270792,
                0.0011939268145872174
            ],
            "ler_x": [
                0.08410685957860922,
                0.09580347597753007,
                0.10948483174236158,
                0.12071491148731808,
                0.1352643052417935,
                0.14864360270237412,
                0.16288606824107024,
                0.17848932336433113,
                0.1941021077493088,
                0.20858719117294316,
                0.22651416688328568
            ],
            "ler_z": [
                0.04002144937178663,
                0.04598056424376647,
                0.050197846838762016,
                0.056629672586428884,
                0.06255415280288973,
                0.06844943468973064,
                0.0749871548459533,
                0.08040096928525568,
                0.0857371525795583,
                0.09124490285440154,
                0.09841434884325448
            ],
            "per": [
                0.2,
                0.21000000000000002,
                0.22,
                0.23,
                0.24,
                0.25,
                0.26,
                0.27,
                0.28,
                0.29,
                0.3
            ]
        }
    },
    "distance_array": [
        5,
        7,
        9,
        11,
        13,
        15,
        17,
        19,
        21,
        23,
        25,
        27,
        29
    ],
    "ler_distances": [
        [
            0.14957878613823472,
            0.16575391510747484,
            0.1810800337533183,
            0.19843947199225292,
            0.21580373944719713,
            0.2336645138376125,
            0.24942258671176226,
            0.2682417824129958,
            0.2850562130852204,
            0.3041196041579232,
            0.32257023966968806
        ],
        [
            0.12412830895039585,
            0.14178404022129654,
            0.1596826785811236,
            0.17734458407374698,
            0.19781845804468323,
            0.21709303739210475,
            0.23787322308702355,
            0.2588902926495868,
            0.2798392603288671,
            0.2998320940273447,
            0.32492851572654013
        ]
    ],
    "n_logical_errors": 50000,
    "n_runs": 1000000,
    "per_list": [
        0.2,
        0.21000000000000002,
        0.22,
        0.23,
        0.24,
        0.25,
        0.26,
        0.27,
        0.28,
        0.29,
        0.3
    ]
}
