{
    "bias": 30,
    "code": "ColourCode",
    "data": {
        "3": {
            "ler": [
                0.1590077913817777,
                0.1670843776106934,
                0.17188037126160194,
                0.1775000887500444,
                0.182368603421235,
                0.19061415881971713,
                0.2009323259926057,
                0.20463288859785544,
                0.21257599591854087,
                0.21178364183150494,
                0.2284669865204478,
                0.22848786729424667,
                0.23563787171874265,
                0.235393813850572,
                0.24501396579605036,
                0.2541425231269696,
                0.2590270942340569,
                0.26308866087871613,
                0.27427317608337903,
                0.2819124943617501,
                0.2860248269549797
            ],
            "ler_eb": [
                0.0020621933842094303,
                0.0021565093578506905,
                0.002212013740103544,
                0.0022765725880246465,
                0.0023320821778129467,
                0.002425202214736575,
                0.0025401337823124526,
                0.0025809182409124434,
                0.0026676788472912646,
                0.0026590722137772986,
                0.0028380216765132088,
                0.002838242650034194,
                0.0029134640921406984,
                0.002910911131943293,
                0.0030107541713339766,
                0.0031039896106102908,
                0.0031532714266926344,
                0.0031939252504454936,
                0.0033043414730829293,
                0.00337845397763652,
                0.0034179073383849997
            ],
            "ler_x": [
                0.1451423119732867,
                0.15271512113617378,
                0.15723616363011345,
                0.1628740814370407,
                0.1670861144545355,
                0.17414509549769358,
                0.1845764346568076,
                0.18846689039862485,
                0.1950172186556694,
                0.19420559955949002,
                0.2104637879826365,
                0.21130557967371932,
                0.21730524529902445,
                0.21905748316934232,
                0.22766697701769,
                0.23594591847107857,
                0.2413614464072942,
                0.24351486450933965,
                0.2563905650027427,
                0.26426477221470457,
                0.2661747039643041
            ],
            "ler_z": [
                0.018667514708220704,
                0.01998329156223893,
                0.018975592987280854,
                0.019454009727004864,
                0.02151949520370573,
                0.02192062826426747,
                0.022464234045973315,
                0.02148645330277482,
                0.023255813953488372,
                0.02355034097166335,
                0.025314142106465615,
                0.024630992094319792,
                0.024741976530467977,
                0.022927357469045714,
                0.0252854412701524,
                0.02668496492833181,
                0.02585090400455888,
                0.027992633517495397,
                0.02825013713658804,
                0.02638700947225981,
                0.029803786968708883
            ],
            "per": [
                0.2,
                0.20500000000000002,
                0.21000000000000002,
                0.215,
                0.22,
                0.225,
                0.23,
                0.23500000000000001,
                0.24,
                0.245,
                0.25,
                0.255,
                0.26,
                0.265,
                0.27,
                0.275,
                0.28,
                0.28500000000000003,
                0.29,
                0.295,
                0.3
            ],
            "ratio": null
        }
    },
    "distance_array": [
        3,
        5,
        7,
        9,
        11,
        13,
        17,
        21
    ],
    "ler_distances": [
        [
            0.1590077913817777,
            0.1670843776106934,
            0.17188037126160194,
            0.1775000887500444,
            0.182368603421235,
            0.19061415881971713,
            0.2009323259926057,
            0.20463288859785544,
            0.21257599591854087,
            0.21178364183150494,
            0.2284669865204478,
            0.22848786729424667,
            0.23563787171874265,
            0.235393813850572,
            0.24501396579605036,
            0.2541425231269696,
            0.2590270942340569,
            0.26308866087871613,
            0.27427317608337903,
            0.2819124943617501,
            0.2860248269549797
        ]
    ],
    "n_logical_errors": 5000,
    "n_runs": 1000000,
    "per_list": [
        0.2,
        0.20500000000000002,
        0.21000000000000002,
        0.215,
        0.22,
        0.225,
        0.23,
        0.23500000000000001,
        0.24,
        0.245,
        0.25,
        0.255,
        0.26,
        0.265,
        0.27,
        0.275,
        0.28,
        0.28500000000000003,
        0.29,
        0.295,
        0.3
    ]
}
