{
    "bias": 30,
    "data": {
        "27": {
            "ler": [
                0.06936188453465805,
                0.09331787989242314,
                0.12215650202413324,
                0.1542224566403563,
                0.19105408358998266,
                0.2300214840066062,
                0.2687565173455456,
                0.3100179190357203,
                0.3488599257626078,
                0.3880210152181842,
                0.4244374082154105
            ],
            "ler_eb": [
                0.00029924458468590424,
                0.00039738126411896534,
                0.0005118469671720621,
                0.0006342941259881846,
                0.0007684773400675719,
                0.0009026568924487856,
                0.0010277914645801358,
                0.0011516505005132337,
                0.001258934961063813,
                0.0013574958165081309,
                0.0014400412462448572
            ],
            "ler_x": [
                0.003386247202982006,
                0.005072759950952122,
                0.007639667636589293,
                0.011236648190816361,
                0.01641536686205131,
                0.0224546972687249,
                0.02991797551090614,
                0.04025272660759792,
                0.05038932767715107,
                0.06205232075369202,
                0.07734098452501209
            ],
            "ler_z": [
                0.06597563733167605,
                0.08824511994147102,
                0.11451683438754394,
                0.14298580844953995,
                0.17463871672793135,
                0.20756678673788131,
                0.23883854183463948,
                0.26976519242812236,
                0.29847059808545673,
                0.32596869446449217,
                0.3470964236903984
            ],
            "per": [
                0.2,
                0.21000000000000002,
                0.22,
                0.23,
                0.24,
                0.25,
                0.26,
                0.27,
                0.28,
                0.29,
                0.3
            ]
        }
    },
    "distance_array": [
        5,
        7,
        9,
        11,
        13,
        15,
        17,
        19,
        21,
        23,
        25,
        27,
        29
    ],
    "ler_distances": [
        [
            0.14957878613823472,
            0.16575391510747484,
            0.1810800337533183,
            0.19843947199225292,
            0.21580373944719713,
            0.2336645138376125,
            0.24942258671176226,
            0.2682417824129958,
            0.2850562130852204,
            0.3041196041579232,
            0.32257023966968806
        ],
        [
            0.12412830895039585,
            0.14178404022129654,
            0.1596826785811236,
            0.17734458407374698,
            0.19781845804468323,
            0.21709303739210475,
            0.23787322308702355,
            0.2588902926495868,
            0.2798392603288671,
            0.2998320940273447,
            0.32492851572654013
        ],
        [
            0.11414586928928216,
            0.13197069194873204,
            0.15452941158290656,
            0.17417900724933028,
            0.19715233172062727,
            0.21941854086670323,
            0.24426466565052565,
            0.2688490036455925,
            0.29151799249049654,
            0.3179205452973193,
            0.3417541557305337
        ],
        [
            0.10555760806460125,
            0.12489851995253856,
            0.14730881525412243,
            0.1696082388898123,
            0.1932740626207963,
            0.2165261412010272,
            0.24370628518509493,
            0.2716874507566496,
            0.29758007879920484,
            0.3225681586519232,
            0.348998722664675
        ],
        [
            0.08694850735497424,
            0.10669671246089565,
            0.12778278970275167,
            0.151376160676712,
            0.17971131174880672,
            0.20415912979212517,
            0.23415694134836934,
            0.26351155498168594,
            0.2927451887328232,
            0.32396428617709183,
            0.35482382996842066
        ],
        [
            0.09158112989134815,
            0.11321720267464319,
            0.13768074039194952,
            0.1642845408247084,
            0.19317624241300307,
            0.2223922287259594,
            0.25493035302755285,
            0.2844626500540479,
            0.3184186058359762,
            0.3508304155937103,
            0.38056384339036714
        ],
        [
            0.08771960603370538,
            0.11083132359199886,
            0.13572572545400255,
            0.16368648146086912,
            0.19316355544566696,
            0.2254710089376708,
            0.2573565365986731,
            0.289547899909082,
            0.3241343990872375,
            0.3535567812190638,
            0.3863689050305231
        ],
        [
            0.07563335370391659,
            0.09645359424673601,
            0.12132182555377348,
            0.14855618246264554,
            0.17900872130490197,
            0.2122529375806561,
            0.24749044686875088,
            0.2807206660939965,
            0.3202746675548951,
            0.3537894386776766,
            0.3886695065451945
        ],
        [
            0.07890455231924151,
            0.10247371549197631,
            0.1296882294962909,
            0.1589895893616886,
            0.19252168756810456,
            0.2277831686461024,
            0.26369221844263374,
            0.30047174063279347,
            0.33662326470707044,
            0.36995109246557606,
            0.4062761540274155
        ],
        [
            0.07736872075462356,
            0.10158410249429606,
            0.1292119877713775,
            0.16047603611352718,
            0.19396911235854802,
            0.22958949398475526,
            0.2680031088360625,
            0.3065303219794502,
            0.3415930533636668,
            0.3786559229359466,
            0.41075521453744857
        ],
        [
            0.0660911449762138,
            0.08948529846031596,
            0.11525225260527718,
            0.1454515835313899,
            0.18048261050047829,
            0.2161096799847859,
            0.2560203177724184,
            0.2958807482232361,
            0.33588606744592236,
            0.37420108069272107,
            0.4125923175310476
        ],
        [
            0.06936188453465805,
            0.09331787989242314,
            0.12215650202413324,
            0.1542224566403563,
            0.19105408358998266,
            0.2300214840066062,
            0.2687565173455456,
            0.3100179190357203,
            0.3488599257626078,
            0.3880210152181842,
            0.4244374082154105
        ]
    ],
    "n_logical_errors": 50000,
    "n_runs": 1000000,
    "per_list": [
        0.2,
        0.21000000000000002,
        0.22,
        0.23,
        0.24,
        0.25,
        0.26,
        0.27,
        0.28,
        0.29,
        0.3
    ]
}
