{
    "bias": 30,
    "data": {
        "27": {
            "ler": [
                0.06865067106030961,
                0.08149759989568307,
                0.09568645462548321,
                0.11257838269895415,
                0.12712941774726672,
                0.13871549452073798,
                0.16161877363674565,
                0.1795009872554299,
                0.19663749877101563,
                0.2178269582643548,
                0.23602719033232628,
                0.2477455158061639,
                0.25417482144218795,
                0.27461211039406835,
                0.2864016496735021,
                0.2948547840188707,
                0.31473263462688444,
                0.32076984763432237,
                0.33620225927918235,
                0.3464283239797686,
                0.3660858105139845
            ],
            "ler_eb": [
                0.0006625231984277011,
                0.0007810610244166015,
                0.0009099341854580485,
                0.001060522793672119,
                0.0011877389164586315,
                0.0012873549037026209,
                0.0014798325624604254,
                0.0016259450827533768,
                0.0017624715668493223,
                0.0019264735418688104,
                0.0020630083585499574,
                0.0021487614065557816,
                0.0021950835114108898,
                0.0023388632828717283,
                0.0024193707951894457,
                0.002475981871128152,
                0.0026053843622990667,
                0.0026436381852109727,
                0.0027391670104124377,
                0.0028006575199977343,
                0.002914728667892662
            ],
            "ler_x": [
                0.002684241238458106,
                0.003374000635681279,
                0.00404753703065794,
                0.004987222353563668,
                0.006318332062039156,
                0.007504508253571924,
                0.009196108219930827,
                0.009800753904146474,
                0.011110018680562384,
                0.013744881066480788,
                0.01418523413897281,
                0.0166237241105936,
                0.01664845080446331,
                0.019387614993821228,
                0.02193836636499026,
                0.022998673153471916,
                0.025178610770150756,
                0.02720128307939054,
                0.027736686390532544,
                0.030416406845423682,
                0.034302240445160344
            ],
            "ler_z": [
                0.06596642982185151,
                0.0781235992600018,
                0.09163891759482527,
                0.10759116034539047,
                0.12081108568522757,
                0.13121098626716604,
                0.15242266541681482,
                0.16970023335128342,
                0.18552748009045325,
                0.204082077197874,
                0.22184195619335348,
                0.23112179169557032,
                0.23752637063772464,
                0.25522449540024716,
                0.2644632833085119,
                0.2718561108653988,
                0.2895540238567337,
                0.29356856455493185,
                0.3084655728886498,
                0.3160119171343449,
                0.33178357006882414
            ],
            "per": [
                0.2,
                0.20500000000000002,
                0.21000000000000002,
                0.215,
                0.22,
                0.225,
                0.23,
                0.23500000000000001,
                0.24,
                0.245,
                0.25,
                0.255,
                0.26,
                0.265,
                0.27,
                0.275,
                0.28,
                0.28500000000000003,
                0.29,
                0.295,
                0.3
            ]
        }
    },
    "distance_array": [
        25,
        27,
        29
    ],
    "ler_distances": [
        [
            0.06504784268829725,
            0.07672948253636977,
            0.09106638739641199,
            0.1013890297069857,
            0.12045435382261892,
            0.13057898722937505,
            0.14507892293407615,
            0.16248801650878247,
            0.1747182667947934,
            0.18860095809286712,
            0.20558365198799392,
            0.22198051011121223,
            0.22683966972144087,
            0.24972530216761563,
            0.26449428692340243,
            0.2751334397182634,
            0.29007367871439343,
            0.3008876184744998,
            0.31393231619262885,
            0.33098335153741765,
            0.3433712186244549
        ],
        [
            0.06865067106030961,
            0.08149759989568307,
            0.09568645462548321,
            0.11257838269895415,
            0.12712941774726672,
            0.13871549452073798,
            0.16161877363674565,
            0.1795009872554299,
            0.19663749877101563,
            0.2178269582643548,
            0.23602719033232628,
            0.2477455158061639,
            0.25417482144218795,
            0.27461211039406835,
            0.2864016496735021,
            0.2948547840188707,
            0.31473263462688444,
            0.32076984763432237,
            0.33620225927918235,
            0.3464283239797686,
            0.3660858105139845
        ]
    ],
    "n_logical_errors": 10000,
    "n_runs": 1000000,
    "per_list": [
        0.2,
        0.20500000000000002,
        0.21000000000000002,
        0.215,
        0.22,
        0.225,
        0.23,
        0.23500000000000001,
        0.24,
        0.245,
        0.25,
        0.255,
        0.26,
        0.265,
        0.27,
        0.275,
        0.28,
        0.28500000000000003,
        0.29,
        0.295,
        0.3
    ]
}
