{
    "bias": 30,
    "data": {
        "9": {
            "ler": [
                0.11414586928928216,
                0.13197069194873204,
                0.15452941158290656,
                0.17417900724933028,
                0.19715233172062727,
                0.21941854086670323,
                0.24426466565052565,
                0.2688490036455925,
                0.29151799249049654,
                0.3179205452973193,
                0.3417541557305337
            ],
            "ler_eb": [
                0.00048045896898334665,
                0.0005498695696937462,
                0.0006354412456345066,
                0.0007078704254795123,
                0.0007900116411798075,
                0.0008669567578178099,
                0.0009496433034486909,
                0.001028080134101966,
                0.0010973490073844323,
                0.001174224334887151,
                0.001240003368951236
            ],
            "ler_x": [
                0.042854925165968095,
                0.0500828775945438,
                0.059209489342106486,
                0.06760235629361007,
                0.07793431672916395,
                0.08806582556226002,
                0.09785242505960058,
                0.10948069126455817,
                0.12114321695935074,
                0.13428963833358767,
                0.14573080708661418
            ],
            "ler_z": [
                0.07129094412331406,
                0.08188781435418822,
                0.09531992224080009,
                0.1065766509557202,
                0.1192180149914633,
                0.13135271530444323,
                0.14641224059092509,
                0.15936831238103433,
                0.17037477553114577,
                0.18363090696373163,
                0.19602334864391951
            ],
            "per": [
                0.2,
                0.21000000000000002,
                0.22,
                0.23,
                0.24,
                0.25,
                0.26,
                0.27,
                0.28,
                0.29,
                0.3
            ]
        }
    },
    "distance_array": [
        5,
        7,
        9,
        11,
        13,
        15,
        17,
        19,
        21,
        23,
        25,
        27,
        29
    ],
    "ler_distances": [
        [
            0.14957878613823472,
            0.16575391510747484,
            0.1810800337533183,
            0.19843947199225292,
            0.21580373944719713,
            0.2336645138376125,
            0.24942258671176226,
            0.2682417824129958,
            0.2850562130852204,
            0.3041196041579232,
            0.32257023966968806
        ],
        [
            0.12412830895039585,
            0.14178404022129654,
            0.1596826785811236,
            0.17734458407374698,
            0.19781845804468323,
            0.21709303739210475,
            0.23787322308702355,
            0.2588902926495868,
            0.2798392603288671,
            0.2998320940273447,
            0.32492851572654013
        ],
        [
            0.11414586928928216,
            0.13197069194873204,
            0.15452941158290656,
            0.17417900724933028,
            0.19715233172062727,
            0.21941854086670323,
            0.24426466565052565,
            0.2688490036455925,
            0.29151799249049654,
            0.3179205452973193,
            0.3417541557305337
        ]
    ],
    "n_logical_errors": 50000,
    "n_runs": 1000000,
    "per_list": [
        0.2,
        0.21000000000000002,
        0.22,
        0.23,
        0.24,
        0.25,
        0.26,
        0.27,
        0.28,
        0.29,
        0.3
    ]
}
