{
    "bias": 30,
    "code": "ColourCode",
    "data": {
        "9": {
            "ler": [
                0.20114248933944806,
                0.21278406672908332,
                0.22775930396756708,
                0.24864488537470783,
                0.2634629571082306,
                0.2847704749971523,
                0.3007518796992481,
                0.31855249745158004,
                0.34253613756251283,
                0.35834587543897367,
                0.37299515106303616,
                0.3920031360250882,
                0.4022526146419952,
                0.4305148958153952,
                0.44122837980938934,
                0.4551661356395084,
                0.46988065031482,
                0.48623942429252165,
                0.49460876446730634,
                0.5161556725508414,
                0.5315190815350271
            ],
            "ler_eb": [
                0.002542456199682941,
                0.0026699371640086806,
                0.002830528076459673,
                0.0030480153625581812,
                0.0031976568522130502,
                0.0034059061321295367,
                0.003556632576131674,
                0.003718880422797441,
                0.00392787209780394,
                0.004059456603562592,
                0.0041768957270556725,
                0.004322701122202662,
                0.004398177131506014,
                0.004594564629468149,
                0.004664398064745765,
                0.004751349611650903,
                0.004838262053543963,
                0.004928849459328794,
                0.00497268167300241,
                0.005077483599902701,
                0.005144934040840109
            ],
            "ler_x": [
                0.07434226405986001,
                0.07962379777002299,
                0.08536418712704413,
                0.09627529961708688,
                0.10201285699230689,
                0.10599157079394009,
                0.11765413533834586,
                0.12754841997961264,
                0.14002877303555525,
                0.1458467713036623,
                0.15747855277881387,
                0.1609564876519012,
                0.17103781174577634,
                0.18357155157568453,
                0.1901694316978468,
                0.19799726900318615,
                0.20825110421952825,
                0.21161139745210542,
                0.224750222573944,
                0.2312377413027769,
                0.24460508132241948
            ],
            "ler_z": [
                0.13701826373803203,
                0.14648055153630096,
                0.15665284926889264,
                0.17066984932119947,
                0.1823690589103172,
                0.19865588335801343,
                0.21076691729323307,
                0.2206294597349643,
                0.23559635541549634,
                0.250698774457106,
                0.25602387168966806,
                0.2745589964719718,
                0.28165728077232505,
                0.299552264508352,
                0.30991881397811505,
                0.3255348202093764,
                0.3305140494314444,
                0.3456189827871244,
                0.34879810070234446,
                0.37287085785072777,
                0.38333156160306153
            ],
            "per": [
                0.25,
                0.2575,
                0.265,
                0.2725,
                0.28,
                0.2875,
                0.29500000000000004,
                0.3025,
                0.31,
                0.3175,
                0.325,
                0.3325,
                0.34,
                0.34750000000000003,
                0.35500000000000004,
                0.36250000000000004,
                0.37,
                0.37750000000000006,
                0.385,
                0.3925,
                0.4
            ],
            "ratio": null
        }
    },
    "distance_array": [
        5,
        7,
        9,
        11
    ],
    "ler_distances": [
        [
            0.2133196808737574,
            0.22482014388489208,
            0.24102193299590263,
            0.24595405578237986,
            0.2651535238903325,
            0.2765945676826907,
            0.2864344637946838,
            0.30140454518054133,
            0.30955918771669144,
            0.33442579091699554,
            0.33967391304347827,
            0.3549371761198268,
            0.36496350364963503,
            0.3741674773628676,
            0.38633905115129036,
            0.3984381225595665,
            0.4206983592763988,
            0.4235493434985176,
            0.44029587883057414,
            0.44822949350067237,
            0.46511627906976744
        ],
        [
            0.21087259078065032,
            0.21771314116520074,
            0.23437866216659636,
            0.2462811545660526,
            0.26463427543135387,
            0.28088309645525533,
            0.2962962962962963,
            0.3111387678904792,
            0.3199795213106361,
            0.3354353951428955,
            0.35564407141332954,
            0.37064492216456635,
            0.3742795119395164,
            0.4000320025602048,
            0.4143875352229405,
            0.43694835270471033,
            0.4434983147064041,
            0.46420945130442853,
            0.4707654646455136,
            0.48369933249492114,
            0.4936321453253036
        ],
        [
            0.20114248933944806,
            0.21278406672908332,
            0.22775930396756708,
            0.24864488537470783,
            0.2634629571082306,
            0.2847704749971523,
            0.3007518796992481,
            0.31855249745158004,
            0.34253613756251283,
            0.35834587543897367,
            0.37299515106303616,
            0.3920031360250882,
            0.4022526146419952,
            0.4305148958153952,
            0.44122837980938934,
            0.4551661356395084,
            0.46988065031482,
            0.48623942429252165,
            0.49460876446730634,
            0.5161556725508414,
            0.5315190815350271
        ]
    ],
    "n_logical_errors": 5000,
    "n_runs": 1000000,
    "per_list": [
        0.25,
        0.2575,
        0.265,
        0.2725,
        0.28,
        0.2875,
        0.29500000000000004,
        0.3025,
        0.31,
        0.3175,
        0.325,
        0.3325,
        0.34,
        0.34750000000000003,
        0.35500000000000004,
        0.36250000000000004,
        0.37,
        0.37750000000000006,
        0.385,
        0.3925,
        0.4
    ]
}
