{
    "bias": 30,
    "data": {
        "15": {
            "ler": [
                0.09158112989134815,
                0.11321720267464319,
                0.13768074039194952,
                0.1642845408247084,
                0.19317624241300307,
                0.2223922287259594,
                0.25493035302755285,
                0.2844626500540479,
                0.3184186058359762,
                0.3508304155937103,
                0.38056384339036714
            ],
            "ler_eb": [
                0.0003903588848910241,
                0.0004767997817818937,
                0.0005717711438974675,
                0.0006716467444550175,
                0.0007759934417488773,
                0.0008770309125233884,
                0.0009840903674709412,
                0.0010761093466935795,
                0.0011756344330554065,
                0.0012641287761360346,
                0.0013394940786132922
            ],
            "ler_x": [
                0.017367445472595264,
                0.02221774385287198,
                0.02810339272880474,
                0.034838179727287664,
                0.042622406126005,
                0.05155051861867739,
                0.06109150979952277,
                0.07285088467884167,
                0.08238763007400049,
                0.09515924192563799,
                0.10765390001826707
            ],
            "ler_z": [
                0.07421368441875288,
                0.09099945882177121,
                0.1095773476631448,
                0.12944636109742072,
                0.1505538362869981,
                0.17084171010728202,
                0.1938388432280301,
                0.21161176537520623,
                0.23603097576197574,
                0.25567117366807235,
                0.2729099433721001
            ],
            "per": [
                0.2,
                0.21000000000000002,
                0.22,
                0.23,
                0.24,
                0.25,
                0.26,
                0.27,
                0.28,
                0.29,
                0.3
            ]
        }
    },
    "distance_array": [
        5,
        7,
        9,
        11,
        13,
        15,
        17,
        19,
        21,
        23,
        25,
        27,
        29
    ],
    "ler_distances": [
        [
            0.14957878613823472,
            0.16575391510747484,
            0.1810800337533183,
            0.19843947199225292,
            0.21580373944719713,
            0.2336645138376125,
            0.24942258671176226,
            0.2682417824129958,
            0.2850562130852204,
            0.3041196041579232,
            0.32257023966968806
        ],
        [
            0.12412830895039585,
            0.14178404022129654,
            0.1596826785811236,
            0.17734458407374698,
            0.19781845804468323,
            0.21709303739210475,
            0.23787322308702355,
            0.2588902926495868,
            0.2798392603288671,
            0.2998320940273447,
            0.32492851572654013
        ],
        [
            0.11414586928928216,
            0.13197069194873204,
            0.15452941158290656,
            0.17417900724933028,
            0.19715233172062727,
            0.21941854086670323,
            0.24426466565052565,
            0.2688490036455925,
            0.29151799249049654,
            0.3179205452973193,
            0.3417541557305337
        ],
        [
            0.10555760806460125,
            0.12489851995253856,
            0.14730881525412243,
            0.1696082388898123,
            0.1932740626207963,
            0.2165261412010272,
            0.24370628518509493,
            0.2716874507566496,
            0.29758007879920484,
            0.3225681586519232,
            0.348998722664675
        ],
        [
            0.08694850735497424,
            0.10669671246089565,
            0.12778278970275167,
            0.151376160676712,
            0.17971131174880672,
            0.20415912979212517,
            0.23415694134836934,
            0.26351155498168594,
            0.2927451887328232,
            0.32396428617709183,
            0.35482382996842066
        ],
        [
            0.09158112989134815,
            0.11321720267464319,
            0.13768074039194952,
            0.1642845408247084,
            0.19317624241300307,
            0.2223922287259594,
            0.25493035302755285,
            0.2844626500540479,
            0.3184186058359762,
            0.3508304155937103,
            0.38056384339036714
        ]
    ],
    "n_logical_errors": 50000,
    "n_runs": 1000000,
    "per_list": [
        0.2,
        0.21000000000000002,
        0.22,
        0.23,
        0.24,
        0.25,
        0.26,
        0.27,
        0.28,
        0.29,
        0.3
    ]
}
