{
    "bias": 30,
    "data": {
        "17": {
            "ler": [
                0.06346788525006347,
                0.07352941176470588,
                0.08424599831508003,
                0.08715356458079135,
                0.10401497815685459,
                0.1137009664582149,
                0.1267427122940431,
                0.145985401459854,
                0.15149219815179518,
                0.17073587160662454,
                0.17889087656529518,
                0.20358306188925082,
                0.21408691928923143,
                0.23894862604540024,
                0.25627883136852897,
                0.27129679869777534,
                0.2802690582959641,
                0.3053435114503817,
                0.31240237425804435,
                0.350754121360926,
                0.37835792659856227
            ],
            "ler_eb": [
                0.0019422957732477565,
                0.0022380867185112898,
                0.0025494041804039478,
                0.002633201030999677,
                0.003113481266964403,
                0.0033849658695468267,
                0.00374536464124219,
                0.004266208491564577,
                0.004412840061469455,
                0.004916671762271594,
                0.005126118375238524,
                0.005745289084236859,
                0.006001742954550965,
                0.006591913879271796,
                0.006989044512563434,
                0.007323522291991046,
                0.007519002706332139,
                0.008047736421888645,
                0.008191840920969525,
                0.008937321550033234,
                0.009433503980144248
            ],
            "ler_x": [
                0.027925869510027925,
                0.03154411764705883,
                0.03614153327716933,
                0.03843472198012899,
                0.04389432078219264,
                0.05093803297328027,
                0.055133079847908745,
                0.06569343065693431,
                0.06105135585517346,
                0.07819702919583404,
                0.07978533094812165,
                0.0893729641693811,
                0.09462641832584029,
                0.1037037037037037,
                0.11993849308047155,
                0.12289744981009224,
                0.13621076233183857,
                0.14870229007633587,
                0.1521399562636676,
                0.165906699403718,
                0.18501702610669693
            ],
            "ler_z": [
                0.036811373445036814,
                0.04352941176470588,
                0.04970513900589722,
                0.050636221021439776,
                0.06209694195964219,
                0.06560545764638999,
                0.07769328263624842,
                0.08613138686131387,
                0.09710649901530072,
                0.10056342837630186,
                0.10894454382826475,
                0.12255700325732899,
                0.13187754228216655,
                0.14767025089605734,
                0.1532547411583803,
                0.16711882799782962,
                0.16844170403587444,
                0.18778625954198475,
                0.19275226491721337,
                0.22237811294282708,
                0.24063564131668558
            ],
            "per": [
                0.2,
                0.20500000000000002,
                0.21000000000000002,
                0.215,
                0.22,
                0.225,
                0.23,
                0.23500000000000001,
                0.24,
                0.245,
                0.25,
                0.255,
                0.26,
                0.265,
                0.27,
                0.275,
                0.28,
                0.28500000000000003,
                0.29,
                0.295,
                0.3
            ]
        }
    },
    "distance_array": [
        5,
        9,
        13,
        17,
        21
    ],
    "ler_distances": [
        [
            0.1600768368817032,
            0.1631321370309951,
            0.1731301939058172,
            0.1798237727027513,
            0.175561797752809,
            0.1918649270913277,
            0.20056157240272765,
            0.2012477359629704,
            0.21454623471358078,
            0.21649707728945658,
            0.2349624060150376,
            0.2534854245880862,
            0.254841997961264,
            0.2735229759299781,
            0.2595380223202699,
            0.2728512960436562,
            0.2868617326448652,
            0.29568302779420463,
            0.3108486167236556,
            0.3076923076923077,
            0.3351206434316354
        ],
        [
            0.11656370206317752,
            0.1262945188178833,
            0.13145786775338503,
            0.1386001386001386,
            0.14374011786689664,
            0.15910898965791567,
            0.1782848992690319,
            0.1849112426035503,
            0.19657951641438962,
            0.20990764063811923,
            0.22266755733689603,
            0.22888532845044632,
            0.24473813020068527,
            0.2493143854400399,
            0.2664535038635758,
            0.28034763106251753,
            0.30349013657056145,
            0.3197953309881676,
            0.30441400304414,
            0.31525851197982346,
            0.3432887058015791
        ],
        [
            0.08311170212765957,
            0.09415309292910272,
            0.10204081632653061,
            0.11622501162250116,
            0.12973533990659056,
            0.13430029546065,
            0.14958863126402394,
            0.16539861065167052,
            0.18301610541727673,
            0.1852881230313137,
            0.19546520719311963,
            0.22168033695411218,
            0.2365744026496333,
            0.23809523809523808,
            0.24993751562109473,
            0.27824151363383415,
            0.30553009471432935,
            0.30284675953967294,
            0.33156498673740054,
            0.3439972480220158,
            0.34928396786587496
        ],
        [
            0.06346788525006347,
            0.07352941176470588,
            0.08424599831508003,
            0.08715356458079135,
            0.10401497815685459,
            0.1137009664582149,
            0.1267427122940431,
            0.145985401459854,
            0.15149219815179518,
            0.17073587160662454,
            0.17889087656529518,
            0.20358306188925082,
            0.21408691928923143,
            0.23894862604540024,
            0.25627883136852897,
            0.27129679869777534,
            0.2802690582959641,
            0.3053435114503817,
            0.31240237425804435,
            0.350754121360926,
            0.37835792659856227
        ]
    ],
    "n_logical_errors": 1000,
    "n_runs": 1000000,
    "per_list": [
        0.2,
        0.20500000000000002,
        0.21000000000000002,
        0.215,
        0.22,
        0.225,
        0.23,
        0.23500000000000001,
        0.24,
        0.245,
        0.25,
        0.255,
        0.26,
        0.265,
        0.27,
        0.275,
        0.28,
        0.28500000000000003,
        0.29,
        0.295,
        0.3
    ]
}
