{
    "bias": 30,
    "data": {
        "21": {
            "ler": [
                0.07890455231924151,
                0.10247371549197631,
                0.1296882294962909,
                0.1589895893616886,
                0.19252168756810456,
                0.2277831686461024,
                0.26369221844263374,
                0.30047174063279347,
                0.33662326470707044,
                0.36995109246557606,
                0.4062761540274155
            ],
            "ler_eb": [
                0.00033866426694780633,
                0.0004341612599977516,
                0.0005410694180305279,
                0.0006520552131183835,
                0.0007736777211164408,
                0.0008951715260565924,
                0.0010119102776517937,
                0.0011238834152861542,
                0.001226137694194736,
                0.0013132470787016205,
                0.0014000017432025161
            ],
            "ler_x": [
                0.007314451999993687,
                0.010253519972127149,
                0.01424754889246252,
                0.01971152928906215,
                0.025251144541432593,
                0.0326048827600031,
                0.04192178888800992,
                0.05112827138607614,
                0.06252440518669126,
                0.07402721360236177,
                0.08777190031608285
            ],
            "ler_z": [
                0.07159010031924781,
                0.09222019551984915,
                0.1154406806038284,
                0.13927806007262644,
                0.16727054302667196,
                0.1951782858860993,
                0.22177042955462384,
                0.24934346924671735,
                0.27409885952037916,
                0.2959238788632143,
                0.3185042537113327
            ],
            "per": [
                0.2,
                0.21000000000000002,
                0.22,
                0.23,
                0.24,
                0.25,
                0.26,
                0.27,
                0.28,
                0.29,
                0.3
            ]
        }
    },
    "distance_array": [
        5,
        7,
        9,
        11,
        13,
        15,
        17,
        19,
        21,
        23,
        25,
        27,
        29
    ],
    "ler_distances": [
        [
            0.14957878613823472,
            0.16575391510747484,
            0.1810800337533183,
            0.19843947199225292,
            0.21580373944719713,
            0.2336645138376125,
            0.24942258671176226,
            0.2682417824129958,
            0.2850562130852204,
            0.3041196041579232,
            0.32257023966968806
        ],
        [
            0.12412830895039585,
            0.14178404022129654,
            0.1596826785811236,
            0.17734458407374698,
            0.19781845804468323,
            0.21709303739210475,
            0.23787322308702355,
            0.2588902926495868,
            0.2798392603288671,
            0.2998320940273447,
            0.32492851572654013
        ],
        [
            0.11414586928928216,
            0.13197069194873204,
            0.15452941158290656,
            0.17417900724933028,
            0.19715233172062727,
            0.21941854086670323,
            0.24426466565052565,
            0.2688490036455925,
            0.29151799249049654,
            0.3179205452973193,
            0.3417541557305337
        ],
        [
            0.10555760806460125,
            0.12489851995253856,
            0.14730881525412243,
            0.1696082388898123,
            0.1932740626207963,
            0.2165261412010272,
            0.24370628518509493,
            0.2716874507566496,
            0.29758007879920484,
            0.3225681586519232,
            0.348998722664675
        ],
        [
            0.08694850735497424,
            0.10669671246089565,
            0.12778278970275167,
            0.151376160676712,
            0.17971131174880672,
            0.20415912979212517,
            0.23415694134836934,
            0.26351155498168594,
            0.2927451887328232,
            0.32396428617709183,
            0.35482382996842066
        ],
        [
            0.09158112989134815,
            0.11321720267464319,
            0.13768074039194952,
            0.1642845408247084,
            0.19317624241300307,
            0.2223922287259594,
            0.25493035302755285,
            0.2844626500540479,
            0.3184186058359762,
            0.3508304155937103,
            0.38056384339036714
        ],
        [
            0.08771960603370538,
            0.11083132359199886,
            0.13572572545400255,
            0.16368648146086912,
            0.19316355544566696,
            0.2254710089376708,
            0.2573565365986731,
            0.289547899909082,
            0.3241343990872375,
            0.3535567812190638,
            0.3863689050305231
        ],
        [
            0.07563335370391659,
            0.09645359424673601,
            0.12132182555377348,
            0.14855618246264554,
            0.17900872130490197,
            0.2122529375806561,
            0.24749044686875088,
            0.2807206660939965,
            0.3202746675548951,
            0.3537894386776766,
            0.3886695065451945
        ],
        [
            0.07890455231924151,
            0.10247371549197631,
            0.1296882294962909,
            0.1589895893616886,
            0.19252168756810456,
            0.2277831686461024,
            0.26369221844263374,
            0.30047174063279347,
            0.33662326470707044,
            0.36995109246557606,
            0.4062761540274155
        ]
    ],
    "n_logical_errors": 50000,
    "n_runs": 1000000,
    "per_list": [
        0.2,
        0.21000000000000002,
        0.22,
        0.23,
        0.24,
        0.25,
        0.26,
        0.27,
        0.28,
        0.29,
        0.3
    ]
}
