{
    "bias": 30,
    "data": {
        "5": {
            "ler": [
                0.1600768368817032,
                0.1631321370309951,
                0.1731301939058172,
                0.1798237727027513,
                0.175561797752809,
                0.1918649270913277,
                0.20056157240272765,
                0.2012477359629704,
                0.21454623471358078,
                0.21649707728945658,
                0.2349624060150376,
                0.2534854245880862,
                0.254841997961264,
                0.2735229759299781,
                0.2595380223202699,
                0.2728512960436562,
                0.2868617326448652,
                0.29568302779420463,
                0.3108486167236556,
                0.3076923076923077,
                0.3351206434316354
            ],
            "ler_eb": [
                0.004639255306534434,
                0.00471919551890228,
                0.004978418275130389,
                0.00514992250014927,
                0.005040911503445654,
                0.005454281778969522,
                0.005670746532961041,
                0.005687704885550366,
                0.0060128616329421306,
                0.006059996149040574,
                0.0064988987242074496,
                0.006925834959651838,
                0.006956570425043287,
                0.007372329794553967,
                0.007062400989162913,
                0.007357624814914148,
                0.007660541823494213,
                0.007847123246716542,
                0.0081603024433307,
                0.008095920178218731,
                0.008641171124177541
            ],
            "ler_x": [
                0.04530174483752201,
                0.04584013050570963,
                0.05418975069252078,
                0.0476532997662291,
                0.050912921348314606,
                0.059094397544128936,
                0.05475330926594465,
                0.06097806399678004,
                0.06093113065865694,
                0.062134661182074044,
                0.06907894736842106,
                0.0714828897338403,
                0.07517838939857288,
                0.07412472647702407,
                0.08902154165585258,
                0.07994542974079127,
                0.08347676419965576,
                0.09491425192193968,
                0.09418713086726764,
                0.09507692307692307,
                0.09953083109919571
            ],
            "ler_z": [
                0.1195773971506323,
                0.12202283849918434,
                0.1258656509695291,
                0.138104657435713,
                0.13114466292134833,
                0.14236377590176516,
                0.15202567188126756,
                0.15013081102837594,
                0.16369877708646213,
                0.1625893050443819,
                0.17739661654135339,
                0.1944233206590621,
                0.19699286442405708,
                0.2163566739606127,
                0.1881650661821957,
                0.20763983628922236,
                0.2214572576018359,
                0.22176227084565345,
                0.2393534348772148,
                0.23353846153846153,
                0.2613941018766756
            ],
            "per": [
                0.2,
                0.20500000000000002,
                0.21000000000000002,
                0.215,
                0.22,
                0.225,
                0.23,
                0.23500000000000001,
                0.24,
                0.245,
                0.25,
                0.255,
                0.26,
                0.265,
                0.27,
                0.275,
                0.28,
                0.28500000000000003,
                0.29,
                0.295,
                0.3
            ]
        }
    },
    "distance_array": [
        5,
        9,
        13,
        17,
        21
    ],
    "ler_distances": [
        [
            0.1600768368817032,
            0.1631321370309951,
            0.1731301939058172,
            0.1798237727027513,
            0.175561797752809,
            0.1918649270913277,
            0.20056157240272765,
            0.2012477359629704,
            0.21454623471358078,
            0.21649707728945658,
            0.2349624060150376,
            0.2534854245880862,
            0.254841997961264,
            0.2735229759299781,
            0.2595380223202699,
            0.2728512960436562,
            0.2868617326448652,
            0.29568302779420463,
            0.3108486167236556,
            0.3076923076923077,
            0.3351206434316354
        ]
    ],
    "n_logical_errors": 1000,
    "n_runs": 1000000,
    "per_list": [
        0.2,
        0.20500000000000002,
        0.21000000000000002,
        0.215,
        0.22,
        0.225,
        0.23,
        0.23500000000000001,
        0.24,
        0.245,
        0.25,
        0.255,
        0.26,
        0.265,
        0.27,
        0.275,
        0.28,
        0.28500000000000003,
        0.29,
        0.295,
        0.3
    ]
}
