{
    "bias": 30,
    "data": {
        "29": {
            "ler": [
                0.06778649964073155,
                0.0816359851422507,
                0.09517192808809113,
                0.10992514097899331,
                0.12624031105612643,
                0.1406034700936419,
                0.16100985380305274,
                0.1768409139138431,
                0.19657565213972597,
                0.21129141311697092,
                0.23143862247731903,
                0.24908461404339055,
                0.2612398443010528,
                0.2798298634430266,
                0.2840989800846615,
                0.30318649001000514,
                0.3193153878085385,
                0.3349747094094396,
                0.3475359699728922,
                0.36259472787265673,
                0.3756997407671789
            ],
            "ler_eb": [
                0.0006544868158678397,
                0.0007823283472694727,
                0.0009052987083579886,
                0.001037075318038931,
                0.0011800327435039228,
                0.001303445380026085,
                0.0014747923824557343,
                0.00160444427834493,
                0.0017619850514937836,
                0.0018764635479193677,
                0.0020289676084582846,
                0.002158452041126988,
                0.0022453867126498287,
                0.002374715652086615,
                0.002403788013198275,
                0.0025308600261657547,
                0.002634467311076553,
                0.0027316880314325713,
                0.0028072303326233884,
                0.0028948716343407586,
                0.0029685040995755564
            ],
            "ler_x": [
                0.0016811051910901424,
                0.0020980448181558433,
                0.0026552967936577425,
                0.003165844060195007,
                0.00372408917615573,
                0.0048367593712212815,
                0.005989566561473562,
                0.006454693357855273,
                0.008157889563798627,
                0.009170047329276539,
                0.010437881873727087,
                0.012753132239021596,
                0.012644008464170955,
                0.01511081262592344,
                0.01519929543452939,
                0.017402904526574295,
                0.017722004023373886,
                0.01946203061668844,
                0.021860012511294918,
                0.022263316291381122,
                0.026111131983318932
            ],
            "ler_z": [
                0.0661053944496414,
                0.07953794032409486,
                0.0925166312944334,
                0.1067592969187983,
                0.12251622187997072,
                0.13576671072242064,
                0.15502028724157918,
                0.17038622055598784,
                0.18841776257592735,
                0.20212136578769438,
                0.22100074060359193,
                0.23633148180436894,
                0.24859583583688183,
                0.2647190508171032,
                0.2688996846501321,
                0.28578358548343086,
                0.3015933837851646,
                0.31551267879275113,
                0.3256759574615973,
                0.3403314115812756,
                0.34958860878385994
            ],
            "per": [
                0.2,
                0.20500000000000002,
                0.21000000000000002,
                0.215,
                0.22,
                0.225,
                0.23,
                0.23500000000000001,
                0.24,
                0.245,
                0.25,
                0.255,
                0.26,
                0.265,
                0.27,
                0.275,
                0.28,
                0.28500000000000003,
                0.29,
                0.295,
                0.3
            ]
        }
    },
    "distance_array": [
        25,
        27,
        29
    ],
    "ler_distances": [
        [
            0.06504784268829725,
            0.07672948253636977,
            0.09106638739641199,
            0.1013890297069857,
            0.12045435382261892,
            0.13057898722937505,
            0.14507892293407615,
            0.16248801650878247,
            0.1747182667947934,
            0.18860095809286712,
            0.20558365198799392,
            0.22198051011121223,
            0.22683966972144087,
            0.24972530216761563,
            0.26449428692340243,
            0.2751334397182634,
            0.29007367871439343,
            0.3008876184744998,
            0.31393231619262885,
            0.33098335153741765,
            0.3433712186244549
        ],
        [
            0.06865067106030961,
            0.08149759989568307,
            0.09568645462548321,
            0.11257838269895415,
            0.12712941774726672,
            0.13871549452073798,
            0.16161877363674565,
            0.1795009872554299,
            0.19663749877101563,
            0.2178269582643548,
            0.23602719033232628,
            0.2477455158061639,
            0.25417482144218795,
            0.27461211039406835,
            0.2864016496735021,
            0.2948547840188707,
            0.31473263462688444,
            0.32076984763432237,
            0.33620225927918235,
            0.3464283239797686,
            0.3660858105139845
        ],
        [
            0.06778649964073155,
            0.0816359851422507,
            0.09517192808809113,
            0.10992514097899331,
            0.12624031105612643,
            0.1406034700936419,
            0.16100985380305274,
            0.1768409139138431,
            0.19657565213972597,
            0.21129141311697092,
            0.23143862247731903,
            0.24908461404339055,
            0.2612398443010528,
            0.2798298634430266,
            0.2840989800846615,
            0.30318649001000514,
            0.3193153878085385,
            0.3349747094094396,
            0.3475359699728922,
            0.36259472787265673,
            0.3756997407671789
        ]
    ],
    "n_logical_errors": 10000,
    "n_runs": 1000000,
    "per_list": [
        0.2,
        0.20500000000000002,
        0.21000000000000002,
        0.215,
        0.22,
        0.225,
        0.23,
        0.23500000000000001,
        0.24,
        0.245,
        0.25,
        0.255,
        0.26,
        0.265,
        0.27,
        0.275,
        0.28,
        0.28500000000000003,
        0.29,
        0.295,
        0.3
    ]
}
