{
    "bias": 30,
    "code": "ColourCode",
    "data": {
        "17": {
            "ler": [
                0.06022500060225001,
                0.06895505509508902,
                0.07994499784148505,
                0.08821453775582216,
                0.09937591922725285,
                0.10954582301776833,
                0.1231284475965327,
                0.13596932532020775,
                0.1479771523276806,
                0.16358580075249468,
                0.17899974940035085,
                0.19681939851991812,
                0.21496130696474636,
                0.23121387283236994,
                0.23965872597421273,
                0.2631440450502605,
                0.2759534190628622,
                0.29854310962502983,
                0.31430726678400805,
                0.3388452155055571,
                0.3476567932137394
            ],
            "ler_eb": [
                0.0008256647706057483,
                0.0009409497492624344,
                0.0010844591274389226,
                0.0011912461013135157,
                0.0013337300435594614,
                0.0014618964387028298,
                0.001630577300608429,
                0.0017873949267462848,
                0.0019316804469419783,
                0.0021157838632411326,
                0.002293712945150058,
                0.002494534435583914,
                0.0026935238362803195,
                0.0028670261553329227,
                0.002955374537010652,
                0.003194477569657921,
                0.0033207335558399147,
                0.003536083752444481,
                0.003680731969589358,
                0.003896439417618183,
                0.003971035685518821
            ],
            "ler_x": [
                0.02557153525571535,
                0.02919557032726069,
                0.03404058008090434,
                0.037155963302752296,
                0.04243351751003697,
                0.04802488881098964,
                0.05452127659574468,
                0.0592282381094825,
                0.06670810026931842,
                0.07178144937019466,
                0.07904628933519493,
                0.0882144544166273,
                0.09806534823731729,
                0.10816184971098265,
                0.10779849494320089,
                0.12267775380243146,
                0.13113306473867212,
                0.14031526152376403,
                0.15256474729695751,
                0.16542423420981295,
                0.17243776943401473
            ],
            "ler_z": [
                0.03544843535448435,
                0.041290286990939305,
                0.0476152407143885,
                0.05326393789696542,
                0.05948642524943356,
                0.06469776307429398,
                0.07271966115051222,
                0.08215266635846953,
                0.08804640563496996,
                0.09949288401766726,
                0.10893924748505351,
                0.11864273342780665,
                0.13005159071367153,
                0.13872832369942195,
                0.14786943392608926,
                0.16067575390768907,
                0.16805563220928307,
                0.18384284690709338,
                0.1922931858184561,
                0.21049064787205204,
                0.21513002364066194
            ],
            "per": [
                0.2,
                0.20500000000000002,
                0.21000000000000002,
                0.215,
                0.22,
                0.225,
                0.23,
                0.23500000000000001,
                0.24,
                0.245,
                0.25,
                0.255,
                0.26,
                0.265,
                0.27,
                0.275,
                0.28,
                0.28500000000000003,
                0.29,
                0.295,
                0.3
            ],
            "ratio": null
        }
    },
    "distance_array": [
        3,
        5,
        7,
        9,
        11,
        13,
        17,
        21
    ],