{
    "bias": 30,
    "data": {
        "21": {
            "ler": [
                0.045947436133063776,
                0.053581953598028184,
                0.06578081831337981,
                0.07339988256018791,
                0.08257638315441784,
                0.09733307377846992,
                0.11036309458117205,
                0.1268713524486171,
                0.1485884101040119,
                0.14641288433382138,
                0.17602534765006161,
                0.1893580761219466,
                0.20108586366378445,
                0.22722108611679165,
                0.23952095808383234,
                0.26997840172786175,
                0.29394473838918284,
                0.3179650238473768,
                0.322061191626409,
                0.3604902667627974,
                0.36791758646063283
            ],
            "ler_eb": [
                0.001419212521606973,
                0.001648390300502885,
                0.002010590665139758,
                0.0022343002828600373,
                0.002501156200015245,
                0.002924315348533793,
                0.0032917759276618343,
                0.0037488899207253064,
                0.004335654977534078,
                0.00427763004873057,
                0.005052800329484836,
                0.0053913603789157065,
                0.005683705849661508,
                0.006316496547858165,
                0.006605217838043532,
                0.0072945226412565395,
                0.007810611519666038,
                0.008303910765935606,
                0.008385590364232599,
                0.009116268809391117,
                0.009249907742387714
            ],
            "ler_x": [
                0.021089873185076272,
                0.023522477629534373,
                0.0286804367846336,
                0.030314151497357604,
                0.035672997522708506,
                0.041658555577185126,
                0.04878048780487805,
                0.054681552905353974,
                0.06909361069836553,
                0.06896046852122986,
                0.0788593557472276,
                0.09089187653853437,
                0.09511361351297004,
                0.10384003635537378,
                0.11353293413173653,
                0.1298596112311015,
                0.1472663139329806,
                0.16375198728139906,
                0.1533011272141707,
                0.17447728911319393,
                0.18653421633554085
            ],
            "ler_z": [
                0.025133247564785886,
                0.03102395113325832,
                0.038087093803446916,
                0.044553728714034055,
                0.04847233691164327,
                0.05869184348841736,
                0.06511422580289151,
                0.07536158335447855,
                0.08603268945022288,
                0.083601756954612,
                0.10244675233233586,
                0.10736602916114373,
                0.11803740197064147,
                0.1386048625312429,
                0.13964071856287424,
                0.16279697624190065,
                0.16696061140505586,
                0.18823529411764706,
                0.19742351046698872,
                0.22494592645998557,
                0.22332597498160411
            ],
            "per": [
                0.2,
                0.20500000000000002,
                0.21000000000000002,
                0.215,
                0.22,
                0.225,
                0.23,
                0.23500000000000001,
                0.24,
                0.245,
                0.25,
                0.255,
                0.26,
                0.265,
                0.27,
                0.275,
                0.28,
                0.28500000000000003,
                0.29,
                0.295,
                0.3
            ]
        }
    },
    "distance_array": [
        5,
        9,
        13,
        17,
        21
    ],
    "ler_distances": [
        [
            0.1600768368817032,
            0.1631321370309951,
            0.1731301939058172,
            0.1798237727027513,
            0.175561797752809,
            0.1918649270913277,
            0.20056157240272765,
            0.2012477359629704,
            0.21454623471358078,
            0.21649707728945658,
            0.2349624060150376,
            0.2534854245880862,
            0.254841997961264,
            0.2735229759299781,
            0.2595380223202699,
            0.2728512960436562,
            0.2868617326448652,
            0.29568302779420463,
            0.3108486167236556,
            0.3076923076923077,
            0.3351206434316354
        ],
        [
            0.11656370206317752,
            0.1262945188178833,
            0.13145786775338503,
            0.1386001386001386,
            0.14374011786689664,
            0.15910898965791567,
            0.1782848992690319,
            0.1849112426035503,
            0.19657951641438962,
            0.20990764063811923,
            0.22266755733689603,
            0.22888532845044632,
            0.24473813020068527,
            0.2493143854400399,
            0.2664535038635758,
            0.28034763106251753,
            0.30349013657056145,
            0.3197953309881676,
            0.30441400304414,
            0.31525851197982346,
            0.3432887058015791
        ],
        [
            0.08311170212765957,
            0.09415309292910272,
            0.10204081632653061,
            0.11622501162250116,
            0.12973533990659056,
            0.13430029546065,
            0.14958863126402394,
            0.16539861065167052,
            0.18301610541727673,
            0.1852881230313137,
            0.19546520719311963,
            0.22168033695411218,
            0.2365744026496333,
            0.23809523809523808,
            0.24993751562109473,
            0.27824151363383415,
            0.30553009471432935,
            0.30284675953967294,
            0.33156498673740054,
            0.3439972480220158,
            0.34928396786587496
        ],
        [
            0.06346788525006347,
            0.07352941176470588,
            0.08424599831508003,
            0.08715356458079135,
            0.10401497815685459,
            0.1137009664582149,
            0.1267427122940431,
            0.145985401459854,
            0.15149219815179518,
            0.17073587160662454,
            0.17889087656529518,
            0.20358306188925082,
            0.21408691928923143,
            0.23894862604540024,
            0.25627883136852897,
            0.27129679869777534,
            0.2802690582959641,
            0.3053435114503817,
            0.31240237425804435,
            0.350754121360926,
            0.37835792659856227
        ],
        [
            0.045947436133063776,
            0.053581953598028184,
            0.06578081831337981,
            0.07339988256018791,
            0.08257638315441784,
            0.09733307377846992,
            0.11036309458117205,
            0.1268713524486171,
            0.1485884101040119,
            0.14641288433382138,
            0.17602534765006161,
            0.1893580761219466,
            0.20108586366378445,
            0.22722108611679165,
            0.23952095808383234,
            0.26997840172786175,
            0.29394473838918284,
            0.3179650238473768,
            0.322061191626409,
            0.3604902667627974,
            0.36791758646063283
        ]
    ],
    "n_logical_errors": 1000,
    "n_runs": 1000000,
    "per_list": [
        0.2,
        0.20500000000000002,
        0.21000000000000002,
        0.215,
        0.22,
        0.225,
        0.23,
        0.23500000000000001,
        0.24,
        0.245,
        0.25,
        0.255,
        0.26,
        0.265,
        0.27,
        0.275,
        0.28,
        0.28500000000000003,
        0.29,
        0.295,
        0.3
    ]
}
