{
    "bias": 30,
    "code": "ColourCode",
    "data": {
        "13": {
            "ler": [
                0.1784121320249777,
                0.19604767879548307,
                0.21957753282684117,
                0.23729296189075033,
                0.2635323881305012,
                0.2789400278940028,
                0.30795762503079577,
                0.3244225279003374,
                0.3573725966692874,
                0.36321371494987653,
                0.3947264545669851,
                0.4142845306156268,
                0.42582183614375746,
                0.44385264092321347,
                0.46637440537263314,
                0.49304802287742827,
                0.5128731151913016,
                0.5339028296849974,
                0.5454942177612917,
                0.5538325210456359,
                0.5716245569909684
            ],
            "ler_eb": [
                0.002287001185354293,
                0.0024859469076585435,
                0.0027432651142552116,
                0.0029307497192921305,
                0.003198348778578778,
                0.003349743333971502,
                0.003623033114194529,
                0.0037710612070403333,
                0.004051500213368487,
                0.004098963843782113,
                0.004342972485842642,
                0.004483911807936452,
                0.004563165939732788,
                0.004681108912867079,
                0.004818013716130687,
                0.004964638490672952,
                0.005062277885600741,
                0.0051548431307926945,
                0.005200856315030103,
                0.0052316948815267226,
                0.005291004841454106
            ],
            "ler_x": [
                0.07111507582515611,
                0.08077164366373903,
                0.09086118308374687,
                0.10023254710265293,
                0.1092078216412797,
                0.1189958158995816,
                0.13131313131313133,
                0.14190241370360757,
                0.16210420984918877,
                0.16395467092837426,
                0.17865319333701746,
                0.19139945314441958,
                0.19919945494804975,
                0.21668885929871282,
                0.22227404160059697,
                0.24425599053347796,
                0.2588983485485691,
                0.26588360918312864,
                0.27831114990181105,
                0.28367301727957467,
                0.29838801874928544
            ],
            "ler_z": [
                0.11532560214094559,
                0.12652917189460477,
                0.1421105792455316,
                0.15428788382136585,
                0.17524903810678333,
                0.18220362622036262,
                0.20226656812022667,
                0.21398909940306254,
                0.2326495604317061,
                0.23993898009588843,
                0.26494039630536037,
                0.27400778854917557,
                0.284789644012945,
                0.29241011984021303,
                0.31685477101016696,
                0.32827137363179176,
                0.34424043491640166,
                0.3598505072076882,
                0.3706087715470216,
                0.37671688081524146,
                0.3863038756144964
            ],
            "per": [
                0.25,
                0.2575,
                0.265,
                0.2725,
                0.28,
                0.2875,
                0.29500000000000004,
                0.3025,
                0.31,
                0.3175,
                0.325,
                0.3325,
                0.34,
                0.34750000000000003,
                0.35500000000000004,
                0.36250000000000004,
                0.37,
                0.37750000000000006,
                0.385,
                0.3925,
                0.4
            ],
            "ratio": null
        }
    },
    "distance_array": [
        11,
        13,
        17,
        21
    ],
    "ler_distances": [
        [
            0.1843521864169309,
            0.20293031373026502,
            0.22239025041142196,
            0.24224806201550386,
            0.25745327223109005,
            0.28755463538072235,
            0.3013682116810319,
            0.3180054696940787,
            0.3349634889797012,
            0.36675713342624516,
            0.38162112654556557,
            0.39984006397441024,
            0.4177807486631016,
            0.4418132013784572,
            0.4475875033569063,
            0.46988065031482,
            0.48524844720496896,
            0.5049484952534842,
            0.5172770535899027,
            0.5278716216216216,
            0.5402485143165856
        ],
        [
            0.1784121320249777,
            0.19604767879548307,
            0.21957753282684117,
            0.23729296189075033,
            0.2635323881305012,
            0.2789400278940028,
            0.30795762503079577,
            0.3244225279003374,
            0.3573725966692874,
            0.36321371494987653,
            0.3947264545669851,
            0.4142845306156268,
            0.42582183614375746,
            0.44385264092321347,
            0.46637440537263314,
            0.49304802287742827,
            0.5128731151913016,
            0.5339028296849974,
            0.5454942177612917,
            0.5538325210456359,
            0.5716245569909684
        ]
    ],
    "n_logical_errors": 5000,
    "n_runs": 1000000,
    "per_list": [
        0.25,
        0.2575,
        0.265,
        0.2725,
        0.28,
        0.2875,
        0.29500000000000004,
        0.3025,
        0.31,
        0.3175,
        0.325,
        0.3325,
        0.34,
        0.34750000000000003,
        0.35500000000000004,
        0.36250000000000004,
        0.37,
        0.37750000000000006,
        0.385,
        0.3925,
        0.4
    ]
}
