{
    "bias": 30,
    "code": "ColourCode",
    "data": {
        "9": {
            "ler": [
                0.19741777549650572,
                0.2115506663845991,
                0.23233121137493612,
                0.25301082886347537,
                0.2704749540192578,
                0.2820078962210942,
                0.30140454518054133,
                0.32146071750032146,
                0.33604408898447474,
                0.3501891021151422,
                0.3771592366297051,
                0.3911750899702707,
                0.409970482125287,
                0.4199210548416898,
                0.43859649122807015,
                0.4481089801039613,
                0.47085412939071475,
                0.4898599000685804,
                0.4943642475776152,
                0.5160491278769739,
                0.529436679373147
            ],
            "ler_eb": [
                0.002501186179009793,
                0.002656539579214907,
                0.0028787867592997866,
                0.003092511050877955,
                0.0032670979624032596,
                0.003379372772010797,
                0.0035626870312583598,
                0.0037448153229553277,
                0.0038724059542345726,
                0.003992189240467993,
                0.004209478154457012,
                0.004316506463763841,
                0.00445353075674972,
                0.004522995958982968,
                0.004647481954614188,
                0.004707879179799044,
                0.004843832167752091,
                0.00494802196489475,
                0.004971425550942678,
                0.005076994403586818,
                0.005136154269134983
            ],
            "ler_x": [
                0.07316302759900502,
                0.07861222762851702,
                0.08521908833232657,
                0.0965489322943022,
                0.10288867250892568,
                0.10913705583756345,
                0.12044125625414431,
                0.12633406197762634,
                0.13603064722091537,
                0.1425970023812859,
                0.15124085388851172,
                0.16476294789547802,
                0.17177763201049526,
                0.1752750482909213,
                0.1919298245614035,
                0.1933142140168489,
                0.20792918353893963,
                0.21416674830998333,
                0.23037373937116867,
                0.2392403756837651,
                0.24661160525201187
            ],
            "ler_z": [
                0.13400718600702807,
                0.145123757139835,
                0.16058733330235583,
                0.17503289140775224,
                0.18765552309856107,
                0.19481105470953186,
                0.20857194526493458,
                0.22457245724572458,
                0.23220646548827206,
                0.24359153943129289,
                0.26657614844987554,
                0.2761696135190111,
                0.2882912430305018,
                0.29730410682791636,
                0.3076315789473684,
                0.31690267072952144,
                0.3323288445239665,
                0.35152346428921327,
                0.34783468459561007,
                0.36505315306017133,
                0.3771706903854299
            ],
            "per": [
                0.25,
                0.2575,
                0.265,
                0.2725,
                0.28,
                0.2875,
                0.29500000000000004,
                0.3025,
                0.31,
                0.3175,
                0.325,
                0.3325,
                0.34,
                0.34750000000000003,
                0.35500000000000004,
                0.36250000000000004,
                0.37,
                0.37750000000000006,
                0.385,
                0.3925,
                0.4
            ],
            "ratio": null
        }
    },
    "distance_array": [
        9,
        11,
        13,
        17,
        21
    ],
    "ler_distances": [
        [
            0.19741777549650572,
            0.2115506663845991,
            0.23233121137493612,
            0.25301082886347537,
            0.2704749540192578,
            0.2820078962210942,
            0.30140454518054133,
            0.32146071750032146,
            0.33604408898447474,
            0.3501891021151422,
            0.3771592366297051,
            0.3911750899702707,
            0.409970482125287,
            0.4199210548416898,
            0.43859649122807015,
            0.4481089801039613,
            0.47085412939071475,
            0.4898599000685804,
            0.4943642475776152,
            0.5160491278769739,
            0.529436679373147
        ]
    ],
    "n_logical_errors": 5000,
    "n_runs": 1000000,
    "per_list": [
        0.25,
        0.2575,
        0.265,
        0.2725,
        0.28,
        0.2875,
        0.29500000000000004,
        0.3025,
        0.31,
        0.3175,
        0.325,
        0.3325,
        0.34,
        0.34750000000000003,
        0.35500000000000004,
        0.36250000000000004,
        0.37,
        0.37750000000000006,
        0.385,
        0.3925,
        0.4
    ]
}
