{
    "bias": 30,
    "data": {
        "13": {
            "ler": [
                0.08021240244166553,
                0.09270246217739543,
                0.10047827659659982,
                0.10905601116733554,
                0.12076419583121996,
                0.1267443186859149,
                0.13829154623777848,
                0.14424602602198308,
                0.15613290032475644,
                0.16770925922820198,
                0.1783707614647807,
                0.18912887241366266,
                0.19555312200559283,
                0.20377389248889433,
                0.2174764038101866,
                0.22842001873044154,
                0.23804422861767716,
                0.24676125848241826,
                0.2567921524318217,
                0.2652379184128163,
                0.27975940691005735
            ],
            "ler_eb": [
                0.000769281518135585,
                0.000883011043784409,
                0.0009529673150727107,
                0.001029377828575879,
                0.0011323765738600012,
                0.0011844022154879664,
                0.0012837362628953517,
                0.0013343762989885698,
                0.001434271784164873,
                0.0015300110671122391,
                0.0016168197633007499,
                0.0017030749134158986,
                0.001753934776065216,
                0.0018183050638966613,
                0.0019238041796837977,
                0.0020064328908115897,
                0.0020778899278819725,
                0.002141624374394735,
                0.002213792393698365,
                0.0022735733963909154,
                0.0023742338688494645
            ],
            "ler_x": [
                0.024344464141045487,
                0.02762533372886384,
                0.030354487359832805,
                0.03379645786075729,
                0.03800449242808492,
                0.03864434276733546,
                0.04469582774405001,
                0.04543749819692468,
                0.04944728953285036,
                0.05403592332332668,
                0.057916986247614294,
                0.06192079282823316,
                0.06253788841738858,
                0.0657578351061662,
                0.06835283371754165,
                0.07160967587199342,
                0.07650741507772144,
                0.07898827884022208,
                0.0809408864465102,
                0.08437218184711687,
                0.08638970485382572
            ],
            "ler_z": [
                0.05586793830062004,
                0.0650771284485316,
                0.07012378923676701,
                0.07525955330657826,
                0.08275970340313504,
                0.08809997591857945,
                0.09359571849372848,
                0.09880852782505842,
                0.10668561079190607,
                0.11367333590487531,
                0.12045377521716641,
                0.1272080795854295,
                0.13301523358820425,
                0.13801605738272812,
                0.14912357009264496,
                0.1568103428584481,
                0.16153681353995572,
                0.16777297964219617,
                0.17585126598531148,
                0.18086573656569943,
                0.19336970205623163
            ],
            "per": [
                0.2,
                0.20500000000000002,
                0.21000000000000002,
                0.215,
                0.22,
                0.225,
                0.23,
                0.23500000000000001,
                0.24,
                0.245,
                0.25,
                0.255,
                0.26,
                0.265,
                0.27,
                0.275,
                0.28,
                0.28500000000000003,
                0.29,
                0.295,
                0.3
            ]
        }
    },
    "distance_array": [
        9,
        11,
        13,
        15,
        17,
        19,
        21,
        23,
        25,
        27,
        29
    ],
    "ler_distances": [
        [
            0.1052321421054847,
            0.11409143287430547,
            0.11880153016370851,
            0.13493091537132987,
            0.1400246443374034,
            0.14866130494893484,
            0.159382869529183,
            0.16469038208168643,
            0.17114203077133713,
            0.18467220683287167,
            0.18685302141335625,
            0.19506866416978777,
            0.2008637139700713,
            0.21130927225086638,
            0.2220297963986767,
            0.23013900395839088,
            0.2341262408690766,
            0.23710166919575112,
            0.24712103988533585,
            0.2535754133279237,
            0.26337275145513445
        ],
        [
            0.10336451496201354,
            0.11583727180057456,
            0.12352846713525131,
            0.13581051716644937,
            0.14443979027342452,
            0.15340952673161004,
            0.16290890134236935,
            0.17308824038494824,
            0.1828186986965027,
            0.19350594063237742,
            0.2049306309814128,
            0.21445881318492782,
            0.22008495279177762,
            0.2384642899725766,
            0.24907220603252883,
            0.2542329791020491,
            0.2674511901577962,
            0.28037907250602817,
            0.28799354894450363,
            0.3043491493441276,
            0.3089375637183725
        ],
        [
            0.08021240244166553,
            0.09270246217739543,
            0.10047827659659982,
            0.10905601116733554,
            0.12076419583121996,
            0.1267443186859149,
            0.13829154623777848,
            0.14424602602198308,
            0.15613290032475644,
            0.16770925922820198,
            0.1783707614647807,
            0.18912887241366266,
            0.19555312200559283,
            0.20377389248889433,
            0.2174764038101866,
            0.22842001873044154,
            0.23804422861767716,
            0.24676125848241826,
            0.2567921524318217,
            0.2652379184128163,
            0.27975940691005735
        ]
    ],
    "n_logical_errors": 10000,
    "n_runs": 1000000,
    "per_list": [
        0.2,
        0.20500000000000002,
        0.21000000000000002,
        0.215,
        0.22,
        0.225,
        0.23,
        0.23500000000000001,
        0.24,
        0.245,
        0.25,
        0.255,
        0.26,
        0.265,
        0.27,
        0.275,
        0.28,
        0.28500000000000003,
        0.29,
        0.295,
        0.3
    ]
}
