{
    "bias": 30,
    "code": "ColourCode",
    "data": {
        "21": {
            "ler": [
                0.045449174188505,
                0.05364173756316314,
                0.061141885860327476,
                0.07169897900653895,
                0.08340144451301897,
                0.09409285082519431,
                0.10603779186902212,
                0.1189117199391172,
                0.13500378010584296,
                0.14615182251322675,
                0.1625487646293888,
                0.17849493074396688,
                0.201922300298845,
                0.2152667154604555,
                0.23755226149752945,
                0.2591747874766743,
                0.2811041772080733,
                0.2943427326779302,
                0.31841049480990896,
                0.33674568965517243,
                0.35788418867654426
            ],
            "ler_eb": [
                0.0006279723518343292,
                0.000737981753372897,
                0.0008378259542124213,
                0.000976950103516153,
                0.0011292189424682163,
                0.0012665241296349443,
                0.0014178662110303224,
                0.0015785173904116951,
                0.0017756936086945098,
                0.0019098953049017796,
                0.002103673977838316,
                0.002287947255346672,
                0.0025510670346227367,
                0.002696825953458154,
                0.0029334534936193255,
                0.003154754918031087,
                0.0033706625605103334,
                0.0034967551618626702,
                0.0037176099243932267,
                0.003878440058767889,
                0.004055684766567286
            ],
            "ler_x": [
                0.019261360021088417,
                0.023108860542210685,
                0.026339924428629077,
                0.03169094872089021,
                0.03794765725342363,
                0.040648111556483936,
                0.0474413080822005,
                0.054009703196347035,
                0.06175072902041257,
                0.066265236327497,
                0.07379713914174252,
                0.081893474225332,
                0.0917131087957354,
                0.09992680931674344,
                0.11055682250095021,
                0.12326352892390628,
                0.13712261764209815,
                0.14358038500029435,
                0.15659428134751321,
                0.16615032327586207,
                0.18101782263259608
            ],
            "ler_z": [
                0.026769563597029443,
                0.03136968812693781,
                0.03613485454345354,
                0.041398990478375586,
                0.04722189788327134,
                0.056323980503961306,
                0.06192607045150892,
                0.0688974505327245,
                0.07827519170536774,
                0.08643418783432229,
                0.09616384915474642,
                0.10516921319434529,
                0.12070915111864955,
                0.12791148232660265,
                0.14215127328012162,
                0.15410532863363052,
                0.1671445437679204,
                0.17907811856125272,
                0.1919378462714131,
                0.20534752155172414,
                0.21702097201345644
            ],
            "per": [
                0.2,
                0.20500000000000002,
                0.21000000000000002,
                0.215,
                0.22,
                0.225,
                0.23,
                0.23500000000000001,
                0.24,
                0.245,
                0.25,
                0.255,
                0.26,
                0.265,
                0.27,
                0.275,
                0.28,
                0.28500000000000003,
                0.29,
                0.295,
                0.3
            ],
            "ratio": null
        }
    },
    "distance_array": [
        3,
        5,
        7,
        9,
        11,
        13,
        17,
        21
    ],