{
    "bias": 30,
    "data": {
        "17": {
            "ler": [
                0.08666036934649415,
                0.09940456664579171,
                0.1124568446858518,
                0.12765848801286797,
                0.1385847723052191,
                0.15121729925903524,
                0.16516094934513684,
                0.1767658912536237,
                0.1897137219935118,
                0.20139770003826557,
                0.2169385629989587,
                0.2309308823869016,
                0.23578232575686126,
                0.2564694416660255,
                0.26387312979919253,
                0.27474037035001925,
                0.2872902780969892,
                0.30298439630359036,
                0.3146138115463269,
                0.3225494307002548,
                0.3429708131837981
            ],
            "ler_eb": [
                0.0008282027856516785,
                0.0009433464220266895,
                0.001059450410191935,
                0.0011923203769400998,
                0.0012862393297010876,
                0.001393155959450617,
                0.0015090677858807758,
                0.0016038366936754422,
                0.0017077251983205848,
                0.0017997815063605558,
                0.0019197058024579795,
                0.0020251849961065386,
                0.0020611983494330712,
                0.0022114902932092767,
                0.0022639743576405662,
                0.002339748789574922,
                0.0024253659222028905,
                0.002529539777537148,
                0.0026046265218359716,
                0.0026548200306357635,
                0.002780030075711846
            ],
            "ler_x": [
                0.007426793652994549,
                0.009175041501406574,
                0.00989620233235496,
                0.011463732223555545,
                0.013137836414534771,
                0.014017843641312566,
                0.016020612086478273,
                0.01841900586862759,
                0.018535030638766103,
                0.02018004954383421,
                0.02162877473099618,
                0.025171466180172273,
                0.02551164764689239,
                0.02633941165910082,
                0.028498298018312794,
                0.028490576405296994,
                0.029389795449321996,
                0.031934555370398424,
                0.03567720622935347,
                0.035932006580008384,
                0.0388928902150427
            ],
            "ler_z": [
                0.0792335756934996,
                0.09022952514438513,
                0.10256064235349685,
                0.11619475578931243,
                0.12544693589068434,
                0.13719945561772268,
                0.14914033725865855,
                0.1583468853849961,
                0.1711786913547457,
                0.18121765049443136,
                0.19530978826796253,
                0.20575941620672933,
                0.21027067810996888,
                0.23013003000692467,
                0.23537483178087976,
                0.24624979394472224,
                0.2579004826476672,
                0.27104984093319195,
                0.2789366053169734,
                0.28661742412024643,
                0.30407792296875535
            ],
            "per": [
                0.2,
                0.20500000000000002,
                0.21000000000000002,
                0.215,
                0.22,
                0.225,
                0.23,
                0.23500000000000001,
                0.24,
                0.245,
                0.25,
                0.255,
                0.26,
                0.265,
                0.27,
                0.275,
                0.28,
                0.28500000000000003,
                0.29,
                0.295,
                0.3
            ]
        }
    },
    "distance_array": [
        9,
        11,
        13,
        15,
        17,
        19,
        21,
        23,
        25,
        27,
        29
    ],
    "ler_distances": [
        [
            0.1052321421054847,
            0.11409143287430547,
            0.11880153016370851,
            0.13493091537132987,
            0.1400246443374034,
            0.14866130494893484,
            0.159382869529183,
            0.16469038208168643,
            0.17114203077133713,
            0.18467220683287167,
            0.18685302141335625,
            0.19506866416978777,
            0.2008637139700713,
            0.21130927225086638,
            0.2220297963986767,
            0.23013900395839088,
            0.2341262408690766,
            0.23710166919575112,
            0.24712103988533585,
            0.2535754133279237,
            0.26337275145513445
        ],
        [
            0.10336451496201354,
            0.11583727180057456,
            0.12352846713525131,
            0.13581051716644937,
            0.14443979027342452,
            0.15340952673161004,
            0.16290890134236935,
            0.17308824038494824,
            0.1828186986965027,
            0.19350594063237742,
            0.2049306309814128,
            0.21445881318492782,
            0.22008495279177762,
            0.2384642899725766,
            0.24907220603252883,
            0.2542329791020491,
            0.2674511901577962,
            0.28037907250602817,
            0.28799354894450363,
            0.3043491493441276,
            0.3089375637183725
        ],
        [
            0.08021240244166553,
            0.09270246217739543,
            0.10047827659659982,
            0.10905601116733554,
            0.12076419583121996,
            0.1267443186859149,
            0.13829154623777848,
            0.14424602602198308,
            0.15613290032475644,
            0.16770925922820198,
            0.1783707614647807,
            0.18912887241366266,
            0.19555312200559283,
            0.20377389248889433,
            0.2174764038101866,
            0.22842001873044154,
            0.23804422861767716,
            0.24676125848241826,
            0.2567921524318217,
            0.2652379184128163,
            0.27975940691005735
        ],
        [
            0.08767238582863555,
            0.10043690051725004,
            0.11005216472608016,
            0.12310419539097893,
            0.13857901082302074,
            0.147815290013599,
            0.1607587814484366,
            0.17352374672473928,
            0.18784987038358944,
            0.19473817452435202,
            0.20794776352180333,
            0.2192742023900888,
            0.2292105986980838,
            0.2416626389560174,
            0.25218136884047004,
            0.2677447856702991,
            0.27407772844378664,
            0.2862294988121476,
            0.29344445096543226,
            0.3077870113881194,
            0.315387769262308
        ],
        [
            0.08666036934649415,
            0.09940456664579171,
            0.1124568446858518,
            0.12765848801286797,
            0.1385847723052191,
            0.15121729925903524,
            0.16516094934513684,
            0.1767658912536237,
            0.1897137219935118,
            0.20139770003826557,
            0.2169385629989587,
            0.2309308823869016,
            0.23578232575686126,
            0.2564694416660255,
            0.26387312979919253,
            0.27474037035001925,
            0.2872902780969892,
            0.30298439630359036,
            0.3146138115463269,
            0.3225494307002548,
            0.3429708131837981
        ]
    ],
    "n_logical_errors": 10000,
    "n_runs": 1000000,