{
    "bias": 30,
    "data": {
        "31": {
            "ler": [
                0.05817538715720153,
                0.08079058434213843,
                0.10829331895198058,
                0.14114844016858769,
                0.1792725121457127,
                0.2180340307515197,
                0.2613094740362907,
                0.30206187435434273,
                0.34586757422318143,
                0.3880963099802847,
                0.4275879762261085
            ],
            "ler_eb": [
                0.0002524871603052651,
                0.0003464040646175147,
                0.00045732787389279563,
                0.0005849922806532222,
                0.0007263203153795696,
                0.0008622500098697287,
                0.0010043877752922176,
                0.0011285462764443349,
                0.0012510010803453882,
                0.0013576757076238142,
                0.0014467545472237196
            ],
            "ler_x": [
                0.002407297520564999,
                0.003734140808293638,
                0.006473774606949399,
                0.0102840753506833,
                0.014635807891575984,
                0.020992316480756317,
                0.029240530144660926,
                0.03938282717831921,
                0.05069726902963393,
                0.06609280158964248,
                0.08168640697823577
            ],
            "ler_z": [
                0.055768089636636535,
                0.07705644353384479,
                0.10181954434503118,
                0.1308643648179044,
                0.1646367042541367,
                0.1970417142707634,
                0.23206894389162974,
                0.26267904717602353,
                0.2951703051935475,
                0.32200350839064223,
                0.34590156924787274
            ],
            "per": [
                0.2,
                0.21000000000000002,
                0.22,
                0.23,
                0.24,
                0.25,
                0.26,
                0.27,
                0.28,
                0.29,
                0.3
            ]
        }
    },
    "distance_array": [
        31,
        33,
        35
    ],
    "ler_distances": [
        [
            0.05817538715720153,
            0.08079058434213843,
            0.10829331895198058,
            0.14114844016858769,
            0.1792725121457127,
            0.2180340307515197,
            0.2613094740362907,
            0.30206187435434273,
            0.34586757422318143,
            0.3880963099802847,
            0.4275879762261085
        ]
    ],
    "n_logical_errors": 50000,
    "n_runs": 1000000,
    "per_list": [
        0.2,
        0.21000000000000002,
        0.22,
        0.23,
        0.24,
        0.25,
        0.26,
        0.27,
        0.28,
        0.29,
        0.3
    ]
}
