{
    "bias": 30,
    "code": "ColourCode",
    "data": {
        "11": {
            "ler": [
                0.1843521864169309,
                0.20293031373026502,
                0.22239025041142196,
                0.24224806201550386,
                0.25745327223109005,
                0.28755463538072235,
                0.3013682116810319,
                0.3180054696940787,
                0.3349634889797012,
                0.36675713342624516,
                0.38162112654556557,
                0.39984006397441024,
                0.4177807486631016,
                0.4418132013784572,
                0.4475875033569063,
                0.46988065031482,
                0.48524844720496896,
                0.5049484952534842,
                0.5172770535899027,
                0.5278716216216216,
                0.5402485143165856
            ],
            "ler_eb": [
                0.0023545863864192444,
                0.0025621825609452352,
                0.002773394118623121,
                0.0029822142226586185,
                0.003137439126110273,
                0.0034325048000586884,
                0.003562350193166424,
                0.003713984043443861,
                0.00386309344845662,
                0.004127420534901797,
                0.004243993684432351,
                0.004380612180049631,
                0.004508236619668172,
                0.004668135641290153,
                0.004704621594218708,
                0.004838262053543963,
                0.004923545830126527,
                0.0050244354674716584,
                0.005082614641415961,
                0.005129480291864918,
                0.005180481769712324
            ],
            "ler_x": [
                0.11931273504903768,
                0.1330005276188157,
                0.1459769603700574,
                0.1623062015503876,
                0.17146387930590598,
                0.18846330802852543,
                0.20101259719124825,
                0.20912039687082618,
                0.2183961948147652,
                0.24602068510232525,
                0.25248053732254616,
                0.269172331067573,
                0.28108288770053474,
                0.2990191746929398,
                0.30597081729478115,
                0.3221501738558406,
                0.33346273291925466,
                0.3366996566350232,
                0.3540244154769294,
                0.3625422297297297,
                0.38184764991896275
            ],
            "ler_z": [
                0.07399896762775607,
                0.081172125492106,
                0.09100209046835386,
                0.09869186046511629,
                0.10591627619587045,
                0.12359098228663445,
                0.12796094267976613,
                0.1385231825987407,
                0.15093454813425336,
                0.16306022152130858,
                0.17356128835292323,
                0.18272690923630547,
                0.18892045454545456,
                0.20606167712291243,
                0.20803867156029004,
                0.21830655013626538,
                0.2294254658385093,
                0.25015148454857605,
                0.2527415683840265,
                0.26013513513513514,
                0.26212857914640736
            ],
            "per": [
                0.25,
                0.2575,
                0.265,
                0.2725,
                0.28,
                0.2875,
                0.29500000000000004,
                0.3025,
                0.31,
                0.3175,
                0.325,
                0.3325,
                0.34,
                0.34750000000000003,
                0.35500000000000004,
                0.36250000000000004,
                0.37,
                0.37750000000000006,
                0.385,
                0.3925,
                0.4
            ],
            "ratio": null
        }
    },
    "distance_array": [
        11,
        13,
        17,
        21
    ],
    "ler_distances": [
        [
            0.1843521864169309,
            0.20293031373026502,
            0.22239025041142196,
            0.24224806201550386,
            0.25745327223109005,
            0.28755463538072235,
            0.3013682116810319,
            0.3180054696940787,
            0.3349634889797012,
            0.36675713342624516,
            0.38162112654556557,
            0.39984006397441024,
            0.4177807486631016,
            0.4418132013784572,
            0.4475875033569063,
            0.46988065031482,
            0.48524844720496896,
            0.5049484952534842,
            0.5172770535899027,
            0.5278716216216216,
            0.5402485143165856
        ]
    ],
    "n_logical_errors": 5000,
    "n_runs": 1000000,
    "per_list": [
        0.25,
        0.2575,
        0.265,
        0.2725,
        0.28,
        0.2875,
        0.29500000000000004,
        0.3025,
        0.31,
        0.3175,
        0.325,
        0.3325,
        0.34,
        0.34750000000000003,
        0.35500000000000004,
        0.36250000000000004,
        0.37,
        0.37750000000000006,
        0.385,
        0.3925,
        0.4
    ]
}
