{
    "bias": 30,
    "code": "ColourCode",
    "data": {
        "5": {
            "ler": [
                0.2133196808737574,
                0.22482014388489208,
                0.24102193299590263,
                0.24595405578237986,
                0.2651535238903325,
                0.2765945676826907,
                0.2864344637946838,
                0.30140454518054133,
                0.30955918771669144,
                0.33442579091699554,
                0.33967391304347827,
                0.3549371761198268,
                0.36496350364963503,
                0.3741674773628676,
                0.38633905115129036,
                0.3984381225595665,
                0.4206983592763988,
                0.4235493434985176,
                0.44029587883057414,
                0.44822949350067237,
                0.46511627906976744
            ],
            "ler_eb": [
                0.0026757471146418876,
                0.0027993129840971223,
                0.0029695194616726137,
                0.0030204238470418884,
                0.0032144798597728637,
                0.003326974919987066,
                0.0034218203287328932,
                0.0035626870312583598,
                0.0036376584846124858,
                0.0038584511218402945,
                0.0039035200968896423,
                0.004031507706237875,
                0.004113047999150408,
                0.0041861048111571375,
                0.004280040221558891,
                0.004370348158601847,
                0.00452833132442922,
                0.0045477866222387794,
                0.004658422456283563,
                0.004708631122869979,
                0.004810677330002615
            ],
            "ler_x": [
                0.05290328085669184,
                0.058048561151079134,
                0.062039045553145336,
                0.06301342909144572,
                0.06867476268759612,
                0.07230181999225535,
                0.076076993583868,
                0.08186147447103502,
                0.08642892521050025,
                0.09343856598220855,
                0.09279891304347826,
                0.09725278625683254,
                0.10233576642335766,
                0.10693706503030756,
                0.11234739607479524,
                0.11291736393338114,
                0.12351703828355069,
                0.12308343922066921,
                0.13393800634026065,
                0.13984760197220977,
                0.14418604651162792
            ],
            "ler_z": [
                0.17052775289048167,
                0.1781025179856115,
                0.19233550253073028,
                0.19725515273746863,
                0.21148645065492921,
                0.22254798915749294,
                0.23012144821264893,
                0.24124419796250526,
                0.2478949975235265,
                0.26733997725904624,
                0.27241847826086957,
                0.28735713778661176,
                0.2921897810218978,
                0.2994088153857667,
                0.30914850873126254,
                0.32361144314287993,
                0.3416912074042911,
                0.3452774248199915,
                0.3571680169073618,
                0.3612729717615419,
                0.3776744186046512
            ],
            "per": [
                0.25,
                0.2575,
                0.265,
                0.2725,
                0.28,
                0.2875,
                0.29500000000000004,
                0.3025,
                0.31,
                0.3175,
                0.325,
                0.3325,
                0.34,
                0.34750000000000003,
                0.35500000000000004,
                0.36250000000000004,
                0.37,
                0.37750000000000006,
                0.385,
                0.3925,
                0.4
            ],
            "ratio": null
        }
    },
    "distance_array": [
        5,
        7,
        9,
        11
    ],
    "ler_distances": [
        [
            0.2133196808737574,
            0.22482014388489208,
            0.24102193299590263,
            0.24595405578237986,
            0.2651535238903325,
            0.2765945676826907,
            0.2864344637946838,
            0.30140454518054133,
            0.30955918771669144,
            0.33442579091699554,
            0.33967391304347827,
            0.3549371761198268,
            0.36496350364963503,
            0.3741674773628676,
            0.38633905115129036,
            0.3984381225595665,
            0.4206983592763988,
            0.4235493434985176,
            0.44029587883057414,
            0.44822949350067237,
            0.46511627906976744
        ]
    ],
    "n_logical_errors": 5000,
    "n_runs": 1000000,
    "per_list": [
        0.25,
        0.2575,
        0.265,
        0.2725,
        0.28,
        0.2875,
        0.29500000000000004,
        0.3025,
        0.31,
        0.3175,
        0.325,
        0.3325,
        0.34,
        0.34750000000000003,
        0.35500000000000004,
        0.36250000000000004,
        0.37,
        0.37750000000000006,
        0.385,
        0.3925,
        0.4
    ]
}
