{
    "bias": 30,
    "data": {
        "23": {
            "ler": [
                0.07765241227218724,
                0.09041182586682338,
                0.1047548213406522,
                0.11952143616957701,
                0.1344465507737399,
                0.1458682809423091,
                0.16359918200409,
                0.17900615781182871,
                0.19577900465954032,
                0.21081035500463782,
                0.22870734607995608,
                0.24241248909143798,
                0.2530044275774826,
                0.2674726509214433,
                0.2836798956057984,
                0.2930574685695865,
                0.31306743472543985,
                0.3241701244813278,
                0.3343251646551436,
                0.3489305279318888,
                0.3586543289577505
            ],
            "ler_eb": [
                0.0007457654506385291,
                0.0008622786687617906,
                0.0009911628502696764,
                0.0011215152840114355,
                0.0012508251663193297,
                0.0013481036665772517,
                0.0014961955278960833,
                0.0016219517134256607,
                0.0017557141917172558,
                0.0018727621731691039,
                0.0020085826726735667,
                0.0021099462608551393,
                0.0021866895788956713,
                0.002289239884944881,
                0.0024009445416760373,
                0.002464023521062971,
                0.0025947465748577996,
                0.0026649660505662456,
                0.002727722191481088,
                0.002815481212369537,
                0.0028722494898797512
            ],
            "ler_x": [
                0.003401175657521801,
                0.0042131910853939695,
                0.005007280460083175,
                0.006167306106350174,
                0.006870218744538109,
                0.007658084749471227,
                0.009079754601226994,
                0.010543462695116712,
                0.012216609890755315,
                0.013913483430306097,
                0.014225596926173268,
                0.015102298070396586,
                0.017103099304237823,
                0.020006954288923958,
                0.020651896400102124,
                0.022389590598716407,
                0.02416880596080396,
                0.024799014522821575,
                0.02751496105111832,
                0.029310164346278655,
                0.030700810558783445
            ],
            "ler_z": [
                0.07425123661466543,
                0.08619863478142942,
                0.09974754088056903,
                0.11335413006322684,
                0.1275763320292018,
                0.13821019619283786,
                0.15451942740286298,
                0.16846269511671202,
                0.183562394768785,
                0.19689687157433172,
                0.21448174915378282,
                0.2273101910210414,
                0.23590132827324478,
                0.24746569663251933,
                0.2630279992056963,
                0.2706678779708701,
                0.2888986287646359,
                0.29937110995850624,
                0.3068102036040253,
                0.3196203635856101,
                0.3279535183989671
            ],
            "per": [
                0.2,
                0.20500000000000002,
                0.21000000000000002,
                0.215,
                0.22,
                0.225,
                0.23,
                0.23500000000000001,
                0.24,
                0.245,
                0.25,
                0.255,
                0.26,
                0.265,
                0.27,
                0.275,
                0.28,
                0.28500000000000003,
                0.29,
                0.295,
                0.3
            ]
        }
    },
    "distance_array": [
        9,
        11,
        13,
        15,
        17,
        19,
        21,
        23,
        25,
        27,
        29
    ],