{
    "bias": 30,
    "data": {
        "9": {
            "ler": [
                0.11656370206317752,
                0.1262945188178833,
                0.13145786775338503,
                0.1386001386001386,
                0.14374011786689664,
                0.15910898965791567,
                0.1782848992690319,
                0.1849112426035503,
                0.19657951641438962,
                0.20990764063811923,
                0.22266755733689603,
                0.22888532845044632,
                0.24473813020068527,
                0.2493143854400399,
                0.2664535038635758,
                0.28034763106251753,
                0.30349013657056145,
                0.3197953309881676,
                0.30441400304414,
                0.31525851197982346,
                0.3432887058015791
            ],
            "ler_eb": [
                0.0034645828542812064,
                0.0037330777285520447,
                0.0038741999307055066,
                0.004067860614187793,
                0.004206111633438794,
                0.004613861703592896,
                0.005110638873509781,
                0.005279171472432759,
                0.0055719820977702264,
                0.005900206044585891,
                0.006208123413244632,
                0.0063559056018648,
                0.006725900177150278,
                0.006830875733691009,
                0.0072166436207229305,
                0.00752070009125961,
                0.008009551838902965,
                0.008340496857922304,
                0.008028604072126468,
                0.008249547784696037,
                0.008797246438067383
            ],
            "ler_x": [
                0.03974822240354354,
                0.04496084869916646,
                0.05087419482056001,
                0.051143451143451146,
                0.05735230702889176,
                0.059506762132060464,
                0.06863968621857729,
                0.07063609467455621,
                0.0776489089836839,
                0.08249370277078086,
                0.08283233132932531,
                0.08468757152666515,
                0.09985315712187959,
                0.09598603839441536,
                0.10418332001065814,
                0.11466218110456966,
                0.12109256449165402,
                0.1400703549728174,
                0.13485540334855403,
                0.13366960907944514,
                0.14658427737727428
            ],
            "ler_z": [
                0.07937988110502389,
                0.08512250568325334,
                0.08465886683317997,
                0.09133749133749133,
                0.09285611614201524,
                0.10660302307080351,
                0.11802460331609912,
                0.12074704142011834,
                0.12836642421859643,
                0.13581024349286314,
                0.15341794700512135,
                0.1581597619592584,
                0.1595692608908468,
                0.1700324108701072,
                0.1795896616040501,
                0.1839080459770115,
                0.20606980273141123,
                0.2110649184521906,
                0.19604261796042619,
                0.20586380832282472,
                0.2334363199450738
            ],
            "per": [
                0.2,
                0.20500000000000002,
                0.21000000000000002,
                0.215,
                0.22,
                0.225,
                0.23,
                0.23500000000000001,
                0.24,
                0.245,
                0.25,
                0.255,
                0.26,
                0.265,
                0.27,
                0.275,
                0.28,
                0.28500000000000003,
                0.29,
                0.295,
                0.3
            ]
        }
    },
    "distance_array": [
        5,
        9,
        13,
        17,
        21
    ],
    "ler_distances": [
        [
            0.1600768368817032,
            0.1631321370309951,
            0.1731301939058172,
            0.1798237727027513,
            0.175561797752809,
            0.1918649270913277,
            0.20056157240272765,
            0.2012477359629704,
            0.21454623471358078,
            0.21649707728945658,
            0.2349624060150376,
            0.2534854245880862,
            0.254841997961264,
            0.2735229759299781,
            0.2595380223202699,
            0.2728512960436562,
            0.2868617326448652,
            0.29568302779420463,
            0.3108486167236556,
            0.3076923076923077,
            0.3351206434316354
        ],
        [
            0.11656370206317752,
            0.1262945188178833,
            0.13145786775338503,
            0.1386001386001386,
            0.14374011786689664,
            0.15910898965791567,
            0.1782848992690319,
            0.1849112426035503,
            0.19657951641438962,
            0.20990764063811923,
            0.22266755733689603,
            0.22888532845044632,
            0.24473813020068527,
            0.2493143854400399,
            0.2664535038635758,
            0.28034763106251753,
            0.30349013657056145,
            0.3197953309881676,
            0.30441400304414,
            0.31525851197982346,
            0.3432887058015791
        ]
    ],
    "n_logical_errors": 1000,
    "n_runs": 1000000,
    "per_list": [
        0.2,
        0.20500000000000002,
        0.21000000000000002,
        0.215,
        0.22,
        0.225,
        0.23,
        0.23500000000000001,
        0.24,
        0.245,
        0.25,
        0.255,
        0.26,
        0.265,
        0.27,
        0.275,
        0.28,
        0.28500000000000003,
        0.29,
        0.295,
        0.3
    ]
}
