{
    "bias": 30,
    "data": {
        "19": {
            "ler": [
                0.0730785813985779,
                0.08600153082724872,
                0.09539163033835411,
                0.10760787689658884,
                0.12178932881900888,
                0.12897068496330785,
                0.1440341072766031,
                0.15789058182679402,
                0.1684125433662299,
                0.18187439754105814,
                0.1961668987974969,
                0.20660303293252344,
                0.2221432379598365,
                0.23473627379638975,
                0.24657264029983234,
                0.2589935510605786,
                0.2718129926610492,
                0.28306960681631615,
                0.28969552999797216,
                0.3085562652349656,
                0.32340480579541414
            ],
            "ler_eb": [
                0.0007035768917176956,
                0.0008222027327873953,
                0.0009072784013438477,
                0.0010165340419143812,
                0.001141323059837553,
                0.0012036698775798145,
                0.0013325808722519275,
                0.0014489069225403581,
                0.0015357778499569081,
                0.0016450593070394303,
                0.0017587684625243259,
                0.0018402717556421926,
                0.0019592186831772153,
                0.00205345774388285,
                0.0021402552897450415,
                0.0022294613309624877,
                0.002319485570160905,
                0.0023967996780785267,
                0.002441541260348023,
                0.0025657408694882,
                0.0026601793850399135
            ],
            "ler_x": [
                0.010691396458611946,
                0.012590624113109213,
                0.013755473094790664,
                0.015850640266867534,
                0.019108745691702494,
                0.0192295291280292,
                0.02222446275277986,
                0.024283571484960922,
                0.026491293071507965,
                0.031100521979520943,
                0.03325028934617573,
                0.03549440105780753,
                0.03983028256619869,
                0.04091453252271073,
                0.04556662392740901,
                0.04770661210535858,
                0.04960587116064148,
                0.0510374501089818,
                0.053941307685622414,
                0.05853312351507298,
                0.06238478703793538
            ],
            "ler_z": [
                0.062387184939965944,
                0.07341090671413951,
                0.08163615724356345,
                0.0917572366297213,
                0.10268058312730638,
                0.10974115583527864,
                0.12180964452382324,
                0.13360701034183312,
                0.14192125029472194,
                0.1507738755615372,
                0.1629166094513212,
                0.17110863187471592,
                0.18231295539363782,
                0.19382174127367902,
                0.20100601637242332,
                0.21128693895522002,
                0.22220712150040772,
                0.23203215670733435,
                0.23575422231234971,
                0.25002314171989265,
                0.2610200187574787
            ],
            "per": [
                0.2,
                0.20500000000000002,
                0.21000000000000002,
                0.215,
                0.22,
                0.225,
                0.23,
                0.23500000000000001,
                0.24,
                0.245,
                0.25,
                0.255,
                0.26,
                0.265,
                0.27,
                0.275,
                0.28,
                0.28500000000000003,
                0.29,
                0.295,
                0.3
            ]
        }
    },
    "distance_array": [
        9,
        11,
        13,
        15,
        17,
        19,
        21,
        23,
        25,
        27,
        29
    ],