{
    "bias": 30,
    "data": {
        "9": {
            "ler": [
                0.1052321421054847,
                0.11409143287430547,
                0.11880153016370851,
                0.13493091537132987,
                0.1400246443374034,
                0.14866130494893484,
                0.159382869529183,
                0.16469038208168643,
                0.17114203077133713,
                0.18467220683287167,
                0.18685302141335625,
                0.19506866416978777,
                0.2008637139700713,
                0.21130927225086638,
                0.2220297963986767,
                0.23013900395839088,
                0.2341262408690766,
                0.23710166919575112,
                0.24712103988533585,
                0.2535754133279237,
                0.26337275145513445
            ],
            "ler_eb": [
                0.0009954136649716735,
                0.0010738595536910049,
                0.0011152157687543247,
                0.0012549801668715504,
                0.0012985165258739611,
                0.0013716683803729878,
                0.001461304627603048,
                0.0015051922658271836,
                0.0015581050664092754,
                0.001667506987731645,
                0.0016849408172973576,
                0.0017501163709123392,
                0.001795609580839237,
                0.0018766009067978145,
                0.001958360958566692,
                0.0020192792743904562,
                0.002048937386519854,
                0.0020709420371862516,
                0.0021442346170372443,
                0.0021907867731367323,
                0.0022604490924265086
            ],
            "ler_x": [
                0.03535799974744286,
                0.03887095118027587,
                0.04068952408107016,
                0.04344775474956822,
                0.045073933012210146,
                0.04899876611116892,
                0.05165598801440821,
                0.05159749670619236,
                0.05473122144067361,
                0.06033240997229917,
                0.059176351881609926,
                0.061056491885143574,
                0.06315155167219041,
                0.06586510016059505,
                0.07069428717333866,
                0.07182638313541378,
                0.07175969282637198,
                0.07274279210925645,
                0.07596500766075223,
                0.07784765189167259,
                0.07814269535673839
            ],
            "ler_z": [
                0.06987414235804185,
                0.07522048169402959,
                0.07811200608263834,
                0.09148316062176166,
                0.09495071132519324,
                0.09966253883776592,
                0.10772688151477479,
                0.11309288537549407,
                0.11641080933066351,
                0.12433979686057249,
                0.12767666953174633,
                0.13401217228464418,
                0.13771216229788089,
                0.14544417209027133,
                0.15133550922533803,
                0.1583126208229771,
                0.16236654804270462,
                0.1643588770864947,
                0.1711560322245836,
                0.17572776143625113,
                0.18523005609839607
            ],
            "per": [
                0.2,
                0.20500000000000002,
                0.21000000000000002,
                0.215,
                0.22,
                0.225,
                0.23,
                0.23500000000000001,
                0.24,
                0.245,
                0.25,
                0.255,
                0.26,
                0.265,
                0.27,
                0.275,
                0.28,
                0.28500000000000003,
                0.29,
                0.295,
                0.3
            ]
        }
    },
    "distance_array": [
        9,
        11,
        13,
        15,
        17,
        19,
        21,
        23,
        25,
        27,
        29
    ],
    "ler_distances": [
        [
            0.1052321421054847,
            0.11409143287430547,
            0.11880153016370851,
            0.13493091537132987,
            0.1400246443374034,
            0.14866130494893484,
            0.159382869529183,
            0.16469038208168643,
            0.17114203077133713,
            0.18467220683287167,
            0.18685302141335625,
            0.19506866416978777,
            0.2008637139700713,
            0.21130927225086638,
            0.2220297963986767,
            0.23013900395839088,
            0.2341262408690766,
            0.23710166919575112,
            0.24712103988533585,
            0.2535754133279237,
            0.26337275145513445
        ]
    ],
    "n_logical_errors": 10000,
    "n_runs": 1000000,
    "per_list": [
        0.2,
        0.20500000000000002,
        0.21000000000000002,
        0.215,
        0.22,
        0.225,
        0.23,
        0.23500000000000001,
        0.24,
        0.245,
        0.25,
        0.255,
        0.26,
        0.265,
        0.27,
        0.275,
        0.28,
        0.28500000000000003,
        0.29,
        0.295,
        0.3
    ]
}
