{
    "bias": 30,
    "code": "ColourCode",
    "data": {
        "9": {
            "ler": [
                0.11223596489259018,
                0.11847779726079333,
                0.1298802504091228,
                0.14036663765756155,
                0.1515059693351918,
                0.15642597922662996,
                0.16858289220809872,
                0.18353338472268105,
                0.19664136547764188,
                0.2012072434607646,
                0.2154615185727829,
                0.22412479268456675,
                0.23685457129322596,
                0.24742676167854316,
                0.25646286417726716,
                0.276441643169127,
                0.2915621902151729,
                0.2932379332590464,
                0.3056234718826406,
                0.3241491085899514,
                0.33770093205457247
            ],
            "ler_eb": [
                0.0014955323642840853,
                0.001573144429019574,
                0.0017133560727253959,
                0.0018404987457755978,
                0.0019736454506308738,
                0.002031821157771997,
                0.0021738920606801737,
                0.0023453047734990624,
                0.002492554207671694,
                0.0025431716176555013,
                0.002698931359434594,
                0.0027919062819347735,
                0.0029261758547074797,
                0.003035540658671853,
                0.0031274531895414304,
                0.0033254869316067504,
                0.0034705401071896077,
                0.003486356256303826,
                0.0036016310258373116,
                0.0037686453936525127,
                0.0038866401170813197
            ],
            "ler_x": [
                0.043390424027475366,
                0.04544808302924032,
                0.0485492376029301,
                0.05496757530670111,
                0.058935822071389615,
                0.06091227631084971,
                0.06618564348089956,
                0.07345006056601695,
                0.07574625398198766,
                0.07979879275653924,
                0.08596914591054038,
                0.08915684252992066,
                0.09573661771672193,
                0.10451306413301663,
                0.10453426343865409,
                0.11682423840327306,
                0.12356405621319028,
                0.11975837194299455,
                0.12878973105134475,
                0.13588330632090762,
                0.1449412400378225
            ],
            "ler_z": [
                0.07210038384699993,
                0.07691578598170702,
                0.08650024677247578,
                0.09123831447741501,
                0.09953942185322101,
                0.1024277311975973,
                0.11055666071007114,
                0.11973718019307712,
                0.13171038659692452,
                0.13279678068410464,
                0.14263552529518228,
                0.14846026267425702,
                0.15783988630980578,
                0.16038202692003167,
                0.1730098481739844,
                0.18272792613479294,
                0.19254767041810017,
                0.19881531874963346,
                0.20678484107579462,
                0.21828200972447326,
                0.2274078076455491
            ],
            "per": [
                0.2,
                0.20500000000000002,
                0.21000000000000002,
                0.215,
                0.22,
                0.225,
                0.23,
                0.23500000000000001,
                0.24,
                0.245,
                0.25,
                0.255,
                0.26,
                0.265,
                0.27,
                0.275,
                0.28,
                0.28500000000000003,
                0.29,
                0.295,
                0.3
            ],
            "ratio": null
        }
    },
    "distance_array": [
        3,
        5,
        7,
        9,
        11,
        13,
        17,
        21
    ],
    "ler_distances": [
        [
            0.1590077913817777,
            0.1670843776106934,
            0.17188037126160194,
            0.1775000887500444,
            0.182368603421235,
            0.19061415881971713,
            0.2009323259926057,
            0.20463288859785544,
            0.21257599591854087,
            0.21178364183150494,
            0.2284669865204478,
            0.22848786729424667,
            0.23563787171874265,
            0.235393813850572,
            0.24501396579605036,
            0.2541425231269696,
            0.2590270942340569,
            0.26308866087871613,
            0.27427317608337903,
            0.2819124943617501,
            0.2860248269549797
        ],
        [
            0.14613046527940146,
            0.15480834726608458,
            0.16403661297201536,
            0.1680728763992067,
            0.17774617845716317,
            0.1849796522382538,
            0.19645593493379435,
            0.20215088542087814,
            0.21423368610480312,
            0.21610407572286813,
            0.22543847783939763,
            0.2369106846718787,
            0.24596615505706415,
            0.25463434508046445,
            0.26047093144405087,
            0.2704749540192578,
            0.28425241614553726,
            0.29619098394644866,
            0.3001020346917952,
            0.3021695775669306,
            0.3191217768700536
        ],
        [
            0.12088682575372936,
            0.12766826677561025,
            0.13910527487202315,
            0.14624159110851126,
            0.15319096786053493,
            0.16220600162206,
            0.17312419930057824,
            0.18121194549144679,
            0.1899335232668566,
            0.20032051282051283,
            0.21181055663814286,
            0.2181500872600349,
            0.23582680879162343,
            0.24715768660405338,
            0.25372982847863595,
            0.25794469665703673,
            0.27206442485580584,
            0.2820078962210942,
            0.29282576866764276,
            0.30350855894136214,
            0.3133224714876551
        ],
        [
            0.11223596489259018,
            0.11847779726079333,
            0.1298802504091228,
            0.14036663765756155,
            0.1515059693351918,
            0.15642597922662996,
            0.16858289220809872,
            0.18353338472268105,
            0.19664136547764188,
            0.2012072434607646,
            0.2154615185727829,
            0.22412479268456675,
            0.23685457129322596,
            0.24742676167854316,
            0.25646286417726716,
            0.276441643169127,
            0.2915621902151729,
            0.2932379332590464,
            0.3056234718826406,
            0.3241491085899514,
            0.33770093205457247
        ]
    ],
    "n_logical_errors": 5000,
    "n_runs": 1000000,
    "per_list": [
        0.2,
        0.20500000000000002,
        0.21000000000000002,
        0.215,
        0.22,
        0.225,
        0.23,
        0.23500000000000001,
        0.24,
        0.245,
        0.25,
        0.255,
        0.26,
        0.265,
        0.27,
        0.275,
        0.28,
        0.28500000000000003,
        0.29,
        0.295,
        0.3
    ]
}
