{
    "bias": 30,
    "code": "ColourCode",
    "data": {
        "7": {
            "ler": [
                0.12088682575372936,
                0.12766826677561025,
                0.13910527487202315,
                0.14624159110851126,
                0.15319096786053493,
                0.16220600162206,
                0.17312419930057824,
                0.18121194549144679,
                0.1899335232668566,
                0.20032051282051283,
                0.21181055663814286,
                0.2181500872600349,
                0.23582680879162343,
                0.24715768660405338,
                0.25372982847863595,
                0.25794469665703673,
                0.27206442485580584,
                0.2820078962210942,
                0.29282576866764276,
                0.30350855894136214,
                0.3133224714876551
            ],
            "ler_eb": [
                0.0016029366765551417,
                0.0016863153602703065,
                0.0018252973361685622,
                0.0019109679287323293,
                0.0019936131915693728,
                0.002099667564618023,
                0.002226347317609384,
                0.002318929630173992,
                0.002417558279427233,
                0.0025333686920069507,
                0.0026593647403940655,
                0.0027279228579714953,
                0.0029154397502285387,
                0.00303278155205591,
                0.003099806362234115,
                0.0031423874936606726,
                0.00328271535955826,
                0.003379372772010797,
                0.003482470958231403,
                0.003582150534495252,
                0.003671833325015617
            ],
            "ler_x": [
                0.0822755736079882,
                0.08737616178122766,
                0.0948976185176942,
                0.10058496636443405,
                0.10499708937161065,
                0.11017031630170317,
                0.1166164606488695,
                0.12626848361844012,
                0.13082621082621082,
                0.1373798076923077,
                0.14686943997288826,
                0.15039267015706806,
                0.1645127818130365,
                0.17157686604053385,
                0.17664670658682635,
                0.17643417251341312,
                0.1916965937534008,
                0.19740552735476594,
                0.20339677891654465,
                0.21275949981789485,
                0.215127208923424
            ],
            "ler_z": [
                0.04267304949106646,
                0.045015830865080174,
                0.04935455152459381,
                0.052032758116408305,
                0.05514874842979258,
                0.05978913219789132,
                0.06440220213981511,
                0.06429399826036532,
                0.07008547008547009,
                0.07475961538461538,
                0.0773955773955774,
                0.08089005235602094,
                0.08796339967927554,
                0.09100346020761246,
                0.09560539937075002,
                0.10106273215022699,
                0.10202415932092719,
                0.10862944162436548,
                0.11490483162518302,
                0.1184290396989195,
                0.1246396791577892
            ],
            "per": [
                0.2,
                0.20500000000000002,
                0.21000000000000002,
                0.215,
                0.22,
                0.225,
                0.23,
                0.23500000000000001,
                0.24,
                0.245,
                0.25,
                0.255,
                0.26,
                0.265,
                0.27,
                0.275,
                0.28,
                0.28500000000000003,
                0.29,
                0.295,
                0.3
            ],
            "ratio": null
        }
    },
    "distance_array": [
        3,
        5,
        7,
        9,
        11,
        13,
        17,
        21
    ],
    "ler_distances": [
        [
            0.1590077913817777,
            0.1670843776106934,
            0.17188037126160194,
            0.1775000887500444,
            0.182368603421235,
            0.19061415881971713,
            0.2009323259926057,
            0.20463288859785544,
            0.21257599591854087,
            0.21178364183150494,
            0.2284669865204478,
            0.22848786729424667,
            0.23563787171874265,
            0.235393813850572,
            0.24501396579605036,
            0.2541425231269696,
            0.2590270942340569,
            0.26308866087871613,
            0.27427317608337903,
            0.2819124943617501,
            0.2860248269549797
        ],
        [
            0.14613046527940146,
            0.15480834726608458,
            0.16403661297201536,
            0.1680728763992067,
            0.17774617845716317,
            0.1849796522382538,
            0.19645593493379435,
            0.20215088542087814,
            0.21423368610480312,
            0.21610407572286813,
            0.22543847783939763,
            0.2369106846718787,
            0.24596615505706415,
            0.25463434508046445,
            0.26047093144405087,
            0.2704749540192578,
            0.28425241614553726,
            0.29619098394644866,
            0.3001020346917952,
            0.3021695775669306,
            0.3191217768700536
        ],
        [
            0.12088682575372936,
            0.12766826677561025,
            0.13910527487202315,
            0.14624159110851126,
            0.15319096786053493,
            0.16220600162206,
            0.17312419930057824,
            0.18121194549144679,
            0.1899335232668566,
            0.20032051282051283,
            0.21181055663814286,
            0.2181500872600349,
            0.23582680879162343,
            0.24715768660405338,
            0.25372982847863595,
            0.25794469665703673,
            0.27206442485580584,
            0.2820078962210942,
            0.29282576866764276,
            0.30350855894136214,
            0.3133224714876551
        ]
    ],
    "n_logical_errors": 5000,
    "n_runs": 1000000,
    "per_list": [
        0.2,
        0.20500000000000002,
        0.21000000000000002,
        0.215,
        0.22,
        0.225,
        0.23,
        0.23500000000000001,
        0.24,
        0.245,
        0.25,
        0.255,
        0.26,
        0.265,
        0.27,
        0.275,
        0.28,
        0.28500000000000003,
        0.29,
        0.295,
        0.3
    ]
}
