{
    "bias": 30,
    "code": "ColourCode",
    "data": {
        "21": {
            "ler": [
                0.14946789429630516,
                0.17152658662092624,
                0.19179133103183735,
                0.222637812806127,
                0.253151739152448,
                0.27975158059643035,
                0.3076733739462187,
                0.3401360544217687,
                0.3615590425916552,
                0.39041149371437495,
                0.41935754424222094,
                0.4466279589102278,
                0.4745183638606814,
                0.4999000199960008,
                0.5203996669442131,
                0.5405405405405406,
                0.5621135469364812,
                0.594106463878327,
                0.6002400960384153,
                0.6228201295465869,
                0.6317119393556538
            ],
            "ler_eb": [
                0.0019494328046697805,
                0.002207932189271663,
                0.0024384043432523505,
                0.0027760394305690983,
                0.0030939415166543614,
                0.0033575980482184907,
                0.0036204322851185163,
                0.003907462935476132,
                0.004085588248167491,
                0.004310781174220353,
                0.004519119774929877,
                0.004698611211670725,
                0.004864596173424734,
                0.004999499975037483,
                0.005096731389471935,
                0.005181635602912549,
                0.005260412541898001,
                0.005352853320532923,
                0.005367099130701484,
                0.005409434815642347,
                0.005421605371561928
            ],
            "ler_x": [
                0.06663278727729284,
                0.07698113207547169,
                0.08588415803605677,
                0.1011666221391041,
                0.12055085818439573,
                0.13159514351256085,
                0.1465755953479786,
                0.17136054421768707,
                0.17781473714657603,
                0.19520574685718747,
                0.21185943135117,
                0.23224653863331846,
                0.24684445288032647,
                0.2601479704059188,
                0.2823688592839301,
                0.2921081081081081,
                0.31231028667790894,
                0.3354325095057034,
                0.3452581032412965,
                0.35949177877429,
                0.37106759317751103
            ],
            "ler_z": [
                0.08941169436804974,
                0.10298456260720412,
                0.11676256233218259,
                0.13665508950040076,
                0.1504227634043846,
                0.1719912717506854,
                0.18940372900129224,
                0.20537414965986395,
                0.22402198278978958,
                0.24642773483251346,
                0.26201459364253965,
                0.28182224207235373,
                0.30255290879757046,
                0.3212357528494301,
                0.33388842631140714,
                0.34702702702702704,
                0.36481169196177626,
                0.3903279467680608,
                0.39171668667466986,
                0.4063278525161933,
                0.4173089071383449
            ],
            "per": [
                0.25,
                0.2575,
                0.265,
                0.2725,
                0.28,
                0.2875,
                0.29500000000000004,
                0.3025,
                0.31,
                0.3175,
                0.325,
                0.3325,
                0.34,
                0.34750000000000003,
                0.35500000000000004,
                0.36250000000000004,
                0.37,
                0.37750000000000006,
                0.385,
                0.3925,
                0.4
            ],
            "ratio": null
        }
    },
    "distance_array": [
        11,
        13,
        17,
        21
    ],
    "ler_distances": [
        [
            0.1843521864169309,
            0.20293031373026502,
            0.22239025041142196,
            0.24224806201550386,
            0.25745327223109005,
            0.28755463538072235,
            0.3013682116810319,
            0.3180054696940787,
            0.3349634889797012,
            0.36675713342624516,
            0.38162112654556557,
            0.39984006397441024,
            0.4177807486631016,
            0.4418132013784572,
            0.4475875033569063,
            0.46988065031482,
            0.48524844720496896,
            0.5049484952534842,
            0.5172770535899027,
            0.5278716216216216,
            0.5402485143165856
        ],
        [
            0.1784121320249777,
            0.19604767879548307,
            0.21957753282684117,
            0.23729296189075033,
            0.2635323881305012,
            0.2789400278940028,
            0.30795762503079577,
            0.3244225279003374,
            0.3573725966692874,
            0.36321371494987653,
            0.3947264545669851,
            0.4142845306156268,
            0.42582183614375746,
            0.44385264092321347,
            0.46637440537263314,
            0.49304802287742827,
            0.5128731151913016,
            0.5339028296849974,
            0.5454942177612917,
            0.5538325210456359,
            0.5716245569909684
        ],
        [
            0.1693996476487329,
            0.18940111367854842,
            0.20801264716894788,
            0.2313208420078649,
            0.25546699366441855,
            0.2747705665769083,
            0.3024803387779794,
            0.33651904697805896,
            0.3504099796762212,
            0.380575430050236,
            0.4025440785766041,
            0.429000429000429,
            0.4468674591116275,
            0.473798919738463,
            0.4924167815639157,
            0.5184570717544588,
            0.5378078950198989,
            0.5516328331862312,
            0.5765682656826568,
            0.598014591556034,
            0.5977286312014346
        ],
        [
            0.14946789429630516,
            0.17152658662092624,
            0.19179133103183735,
            0.222637812806127,
            0.253151739152448,
            0.27975158059643035,
            0.3076733739462187,
            0.3401360544217687,
            0.3615590425916552,
            0.39041149371437495,
            0.41935754424222094,
            0.4466279589102278,
            0.4745183638606814,
            0.4999000199960008,
            0.5203996669442131,
            0.5405405405405406,
            0.5621135469364812,
            0.594106463878327,
            0.6002400960384153,
            0.6228201295465869,
            0.6317119393556538
        ]
    ],
    "n_logical_errors": 5000,
    "n_runs": 1000000,
    "per_list": [
        0.25,
        0.2575,
        0.265,
        0.2725,
        0.28,
        0.2875,
        0.29500000000000004,
        0.3025,
        0.31,
        0.3175,
        0.325,
        0.3325,
        0.34,
        0.34750000000000003,
        0.35500000000000004,
        0.36250000000000004,
        0.37,
        0.37750000000000006,
        0.385,
        0.3925,
        0.4
    ]
}
