{
    "bias": 1,
    "code": "XZZX",
    "data": {
        "7": {
            "ler": [
                0.06071203069600272,
                0.08551247627028784,
                0.11244040658451021,
                0.15117157974300832,
                0.18576311487591024,
                0.22414488725512172,
                0.2658019244059327,
                0.3074274471224791,
                0.3534817956875221,
                0.3787591849102341,
                0.42434015106509376
            ],
            "ler_eb": [
                0.0008321260867124122,
                0.0011564673422958282,
                0.0014980840027853488,
                0.0019696774158040175,
                0.0023705540864121517,
                0.0027921204409550072,
                0.0032209185282209493,
                0.003618180882646295,
                0.004019503668653021,
                0.004221902130366327,
                0.00455315142728772
            ],
            "ler_x": [
                0.06048132497935791,
                0.08498229891741205,
                0.11097868129891157,
                0.14851095993953137,
                0.18082181602021102,
                0.21553772358452503,
                0.2523523470309925,
                0.2878750614854894,
                0.3250618593142453,
                0.34588288766002573,
                0.38224560807943647
            ],
            "ler_z": [
                0.00026713293506241194,
                0.00063279232440013,
                0.0018215345866690654,
                0.0031746031746031746,
                0.0066131668895824045,
                0.011431389250011208,
                0.019244059326989527,
                0.028775209050664042,
                0.04496288441145281,
                0.05279903037648663,
                0.072392429771705
            ],
            "per": [
                0.1,
                0.11,
                0.12000000000000001,
                0.13,
                0.14,
                0.15000000000000002,
                0.16,
                0.17,
                0.18,
                0.19,
                0.2
            ],
            "ratio": 3.0
        }
    },
    "distance_array": [
        [
            3,
            9
        ],
        [
            5,
            15
        ],
        [
            7,
            21
        ],
        [
            9,
            27
        ]
    ],
    "ler_distances": [
        [
            0.14152679102154037,
            0.1658539821541115,
            0.18905736000302492,
            0.211864406779661,
            0.23566008389498988,
            0.262412091949197,
            0.28192839018889204,
            0.3104433130510369,
            0.3263707571801567,
            0.3546853940554728,
            0.3766478342749529
        ],
        [
            0.09544899205864386,
            0.12101556260135053,
            0.1494276919398703,
            0.1768033946251768,
            0.2054316118164263,
            0.24105679298042618,
            0.28253376278465275,
            0.3066732090284593,
            0.3419271011420365,
            0.37114014251781474,
            0.39789909279006846
        ],
        [
            0.06071203069600272,
            0.08551247627028784,
            0.11244040658451021,
            0.15117157974300832,
            0.18576311487591024,
            0.22414488725512172,
            0.2658019244059327,
            0.3074274471224791,
            0.3534817956875221,
            0.3787591849102341,
            0.42434015106509376
        ]
    ],
    "n_logical_errors": 5000,
    "n_runs": 100000,
    "per_list": [
        0.1,
        0.11,
        0.12000000000000001,
        0.13,
        0.14,
        0.15000000000000002,
        0.16,
        0.17,
        0.18,
        0.19,
        0.2
    ]
}
