{
    "bias": 1,
    "code": "XZZX",
    "data": {
        "9": {
            "ler": [
                0.038894615040547635,
                0.060738581146744415,
                0.09295408068414203,
                0.12516427811502598,
                0.16560404073859403,
                0.1987281399046105,
                0.24909702329057168,
                0.307739652254193,
                0.3512469265893923,
                0.3849114703618168,
                0.4357298474945534
            ],
            "ler_eb": [
                0.000852628773996042,
                0.0013162636457141447,
                0.0019795573995371493,
                0.0026177529347460537,
                0.003382532886237096,
                0.003977720973241365,
                0.00482664605892619,
                0.005725365134349787,
                0.006326117427416409,
                0.006750169363850801,
                0.007318900644510116
            ],
            "ler_x": [
                0.03881682581046654,
                0.060495626822157436,
                0.0922104480386689,
                0.12303648538707053,
                0.16162954376086777,
                0.1930643879173291,
                0.23701581766097896,
                0.28973688259732266,
                0.32543027748507203,
                0.34565050038491146,
                0.3906318082788671
            ],
            "ler_z": [
                0.00011668384512164291,
                0.00024295432458697764,
                0.0009295408068414204,
                0.0025658677013580323,
                0.005382131324004306,
                0.008247217806041336,
                0.016814049072113587,
                0.026773349746114786,
                0.039690902704601336,
                0.05908391070053887,
                0.07734204793028322
            ],
            "per": [
                0.1,
                0.11,
                0.12000000000000001,
                0.13,
                0.14,
                0.15000000000000002,
                0.16,
                0.17,
                0.18,
                0.19,
                0.2
            ],
            "ratio": 3.0
        }
    },
    "distance_array": [
        [
            3,
            9
        ],
        [
            5,
            15
        ],
        [
            7,
            21
        ],
        [
            9,
            27
        ]
    ],
    "ler_distances": [
        [
            0.1386577925679423,
            0.16333197223356472,
            0.1891968593321351,
            0.2216557685913776,
            0.23250406882120436,
            0.2574002574002574,
            0.2810567734682406,
            0.2962962962962963,
            0.3411222923418045,
            0.34584125886218225,
            0.3714020427112349
        ],
        [
            0.09592326139088729,
            0.11953143676786995,
            0.14956625785222855,
            0.18357044515832951,
            0.2146613716861651,
            0.25100401606425704,
            0.27476301689792554,
            0.3089757454039858,
            0.34088972217487645,
            0.3705762460626274,
            0.3947887879984208
        ],
        [
            0.06041383476816191,
            0.0868357068426537,
            0.11538017768547364,
            0.14877631481068215,
            0.18258170531312762,
            0.23038820412394886,
            0.2640612622128334,
            0.3053435114503817,
            0.33984706881903143,
            0.3994407829039345,
            0.4206983592763988
        ],
        [
            0.038894615040547635,
            0.060738581146744415,
            0.09295408068414203,
            0.12516427811502598,
            0.16560404073859403,
            0.1987281399046105,
            0.24909702329057168,
            0.307739652254193,
            0.3512469265893923,
            0.3849114703618168,
            0.4357298474945534
        ]
    ],
    "n_logical_errors": 2000,
    "n_runs": 100000,
    "per_list": [
        0.1,
        0.11,
        0.12000000000000001,
        0.13,
        0.14,
        0.15000000000000002,
        0.16,
        0.17,
        0.18,
        0.19,
        0.2
    ]
}
