{
    "bias": 1,
    "code": "XZZX",
    "data": {
        "9": {
            "ler": [
                0.04005,
                0.06052682548905675,
                0.08838919530476595,
                0.12523167860542003,
                0.1641874363773684,
                0.20473343706494146,
                0.2519653295706511,
                0.30337964929312544,
                0.3516916367728775,
                0.39457070707070707,
                0.43790506218251884
            ],
            "ler_eb": [
                0.00062004836504905,
                0.0008296694262374407,
                0.0011934903446180916,
                0.0016564400533161912,
                0.002122801408800719,
                0.0025820231793725907,
                0.00308188654981923,
                0.003580960426120692,
                0.004004680294465122,
                0.004341817381206981,
                0.0046430119404234005
            ],
            "ler_x": [
                0.03999,
                0.060224191361611466,
                0.08759369254702305,
                0.12400440815508691,
                0.16080517518799461,
                0.19822291376627632,
                0.24163475105825438,
                0.2859049814938414,
                0.32418935077723854,
                0.3590593434343434,
                0.3860571028201086
            ],
            "ler_z": [
                6e-05,
                0.0003147394925430951,
                0.0009722811483524254,
                0.0015027801432650402,
                0.004465898269464421,
                0.008230284170010645,
                0.014613989115097762,
                0.027061464716946787,
                0.04262502637687276,
                0.05737058080808081,
                0.08635487826239271
            ],
            "per": [
                0.1,
                0.11,
                0.12000000000000001,
                0.13,
                0.14,
                0.15000000000000002,
                0.16,
                0.17,
                0.18,
                0.19,
                0.2
            ],
            "ratio": 3.0
        }
    },
    "distance_array": [
        [
            3,
            9
        ],
        [
            5,
            15
        ],
        [
            7,
            21
        ],
        [
            9,
            27
        ]
    ],
    "ler_distances": [
        [
            0.14152679102154037,
            0.1658539821541115,
            0.18905736000302492,
            0.211864406779661,
            0.23566008389498988,
            0.262412091949197,
            0.28192839018889204,
            0.3104433130510369,
            0.3263707571801567,
            0.3546853940554728,
            0.3766478342749529
        ],
        [
            0.09544899205864386,
            0.12101556260135053,
            0.1494276919398703,
            0.1768033946251768,
            0.2054316118164263,
            0.24105679298042618,
            0.28253376278465275,
            0.3066732090284593,
            0.3419271011420365,
            0.37114014251781474,
            0.39789909279006846
        ],
        [
            0.06071203069600272,
            0.08551247627028784,
            0.11244040658451021,
            0.15117157974300832,
            0.18576311487591024,
            0.22414488725512172,
            0.2658019244059327,
            0.3074274471224791,
            0.3534817956875221,
            0.3787591849102341,
            0.42434015106509376
        ],
        [
            0.04005,
            0.06052682548905675,
            0.08838919530476595,
            0.12523167860542003,
            0.1641874363773684,
            0.20473343706494146,
            0.2519653295706511,
            0.30337964929312544,
            0.3516916367728775,
            0.39457070707070707,
            0.43790506218251884
        ]
    ],
    "n_logical_errors": 5000,
    "n_runs": 100000,
    "per_list": [
        0.1,
        0.11,
        0.12000000000000001,
        0.13,
        0.14,
        0.15000000000000002,
        0.16,
        0.17,
        0.18,
        0.19,
        0.2
    ]
}
