{
    "bias": 1,
    "code": "XZZX",
    "data": {
        "3": {
            "ler": [
                0.14152679102154037,
                0.1658539821541115,
                0.18905736000302492,
                0.211864406779661,
                0.23566008389498988,
                0.262412091949197,
                0.28192839018889204,
                0.3104433130510369,
                0.3263707571801567,
                0.3546853940554728,
                0.3766478342749529
            ],
            "ler_eb": [
                0.0018544581228786912,
                0.0021422095035178185,
                0.002407707109911591,
                0.002659949979773445,
                0.0029136963904431747,
                0.003187173717686176,
                0.0033786070784411902,
                0.0036457114698988037,
                0.003788233173509837,
                0.004029434030220696,
                0.004205495850129556
            ],
            "ler_x": [
                0.13804523196241048,
                0.160911533485919,
                0.18262940976292208,
                0.20288135593220338,
                0.22199179902908045,
                0.24850425107588958,
                0.26100930363687624,
                0.2893952564261766,
                0.29921671018276763,
                0.3204937220685252,
                0.3368738229755179
            ],
            "ler_z": [
                0.0045571626708936,
                0.006932696454041862,
                0.009263810640148222,
                0.01364406779661017,
                0.01908846679549418,
                0.02099296735593576,
                0.03135043698900479,
                0.0336520551347324,
                0.04321148825065274,
                0.05632404057600908,
                0.06583804143126178
            ],
            "per": [
                0.1,
                0.11,
                0.12000000000000001,
                0.13,
                0.14,
                0.15000000000000002,
                0.16,
                0.17,
                0.18,
                0.19,
                0.2
            ],
            "ratio": 3.0
        }
    },
    "distance_array": [
        [
            3,
            9
        ],
        [
            5,
            15
        ],
        [
            7,
            21
        ],
        [
            9,
            27
        ]
    ],
    "ler_distances": [
        [
            0.14152679102154037,
            0.1658539821541115,
            0.18905736000302492,
            0.211864406779661,
            0.23566008389498988,
            0.262412091949197,
            0.28192839018889204,
            0.3104433130510369,
            0.3263707571801567,
            0.3546853940554728,
            0.3766478342749529
        ]
    ],
    "n_logical_errors": 5000,
    "n_runs": 100000,
    "per_list": [
        0.1,
        0.11,
        0.12000000000000001,
        0.13,
        0.14,
        0.15000000000000002,
        0.16,
        0.17,
        0.18,
        0.19,
        0.2
    ]
}
