{
    "bias": 1,
    "code": "XZZX",
    "data": {
        "5": {
            "ler": [
                0.09592326139088729,
                0.11953143676786995,
                0.14956625785222855,
                0.18357044515832951,
                0.2146613716861651,
                0.25100401606425704,
                0.27476301689792554,
                0.3089757454039858,
                0.34088972217487645,
                0.3705762460626274,
                0.3947887879984208
            ],
            "ler_eb": [
                0.0020394430672860996,
                0.002507980001091732,
                0.0030841739984136707,
                0.003708917064822463,
                0.004253705140982692,
                0.004857417318907652,
                0.005232186907815161,
                0.0057432277188819705,
                0.00618839393107165,
                0.006574067276447948,
                0.006867573164257867
            ],
            "ler_x": [
                0.09510791366906475,
                0.11785799665311977,
                0.14687406521088842,
                0.1787058283616338,
                0.20747021573467855,
                0.2394578313253012,
                0.2593762879516417,
                0.2907461764251506,
                0.3136185444008863,
                0.3364832314248657,
                0.3543229372285827
            ],
            "ler_z": [
                0.0012470023980815348,
                0.0020320344250537893,
                0.0035895901884534847,
                0.006241395135383203,
                0.009874423097563593,
                0.01618975903614458,
                0.02294271191097678,
                0.02935269581337865,
                0.043463439577296745,
                0.05484528441726885,
                0.07086458744571654
            ],
            "per": [
                0.1,
                0.11,
                0.12000000000000001,
                0.13,
                0.14,
                0.15000000000000002,
                0.16,
                0.17,
                0.18,
                0.19,
                0.2
            ],
            "ratio": 3.0
        }
    },
    "distance_array": [
        [
            3,
            9
        ],
        [
            5,
            15
        ],
        [
            7,
            21
        ],
        [
            9,
            27
        ]
    ],
    "ler_distances": [
        [
            0.1386577925679423,
            0.16333197223356472,
            0.1891968593321351,
            0.2216557685913776,
            0.23250406882120436,
            0.2574002574002574,
            0.2810567734682406,
            0.2962962962962963,
            0.3411222923418045,
            0.34584125886218225,
            0.3714020427112349
        ],
        [
            0.09592326139088729,
            0.11953143676786995,
            0.14956625785222855,
            0.18357044515832951,
            0.2146613716861651,
            0.25100401606425704,
            0.27476301689792554,
            0.3089757454039858,
            0.34088972217487645,
            0.3705762460626274,
            0.3947887879984208
        ]
    ],
    "n_logical_errors": 2000,
    "n_runs": 100000,
    "per_list": [
        0.1,
        0.11,
        0.12000000000000001,
        0.13,
        0.14,
        0.15000000000000002,
        0.16,
        0.17,
        0.18,
        0.19,
        0.2
    ]
}
