{
    "bias": 1,
    "code": "XZZX",
    "data": {
        "3": {
            "ler": [
                0.1386577925679423,
                0.16333197223356472,
                0.1891968593321351,
                0.2216557685913776,
                0.23250406882120436,
                0.2574002574002574,
                0.2810567734682406,
                0.2962962962962963,
                0.3411222923418045,
                0.34584125886218225,
                0.3714020427112349
            ],
            "ler_eb": [
                0.0028775120343885636,
                0.003340663984582953,
                0.0038094005147539826,
                0.004372702149415555,
                0.004554635223935022,
                0.004959882363710391,
                0.005328762404420823,
                0.005557841322184076,
                0.006191523286070847,
                0.0062546552959073095,
                0.00658439342989037
            ],
            "ler_x": [
                0.13539933444259566,
                0.15851367905267455,
                0.18257496925551037,
                0.2116812590047656,
                0.2222738897930714,
                0.24247104247104248,
                0.26363125351320965,
                0.27570370370370373,
                0.3044516459150606,
                0.3114300536053951,
                0.3340761374187558
            ],
            "ler_z": [
                0.00478369384359401,
                0.006369946917109024,
                0.009365244536940686,
                0.014961764379917987,
                0.014647756335735876,
                0.023938223938223938,
                0.028105677346824058,
                0.03362962962962963,
                0.054579566774688726,
                0.054124157011931524,
                0.06499535747446611
            ],
            "per": [
                0.1,
                0.11,
                0.12000000000000001,
                0.13,
                0.14,
                0.15000000000000002,
                0.16,
                0.17,
                0.18,
                0.19,
                0.2
            ],
            "ratio": 3.0
        }
    },
    "distance_array": [
        [
            3,
            9
        ],
        [
            5,
            15
        ],
        [
            7,
            21
        ],
        [
            9,
            27
        ]
    ],
    "ler_distances": [
        [
            0.1386577925679423,
            0.16333197223356472,
            0.1891968593321351,
            0.2216557685913776,
            0.23250406882120436,
            0.2574002574002574,
            0.2810567734682406,
            0.2962962962962963,
            0.3411222923418045,
            0.34584125886218225,
            0.3714020427112349
        ]
    ],
    "n_logical_errors": 2000,
    "n_runs": 100000,
    "per_list": [
        0.1,
        0.11,
        0.12000000000000001,
        0.13,
        0.14,
        0.15000000000000002,
        0.16,
        0.17,
        0.18,
        0.19,
        0.2
    ]
}
