{
    "bias": 1,
    "code": "XZZX",
    "data": {
        "7": {
            "ler": [
                0.06041383476816191,
                0.0868357068426537,
                0.11538017768547364,
                0.14877631481068215,
                0.18258170531312762,
                0.23038820412394886,
                0.2640612622128334,
                0.3053435114503817,
                0.33984706881903143,
                0.3994407829039345,
                0.4206983592763988
            ],
            "ler_eb": [
                0.001309452389047964,
                0.0018554865328326627,
                0.0024265795817890734,
                0.003069309254443894,
                0.003691173318998354,
                0.0045194033102722445,
                0.0050653624764287804,
                0.005690608997119424,
                0.006174343805876018,
                0.0069217406827830315,
                0.007159920492541605
            ],
            "ler_x": [
                0.06023259326385742,
                0.08605418548106981,
                0.11393792546440522,
                0.14550323588484712,
                0.17801716268029943,
                0.220711899550743,
                0.25231053604436227,
                0.28488549618320613,
                0.31622769753610874,
                0.3622927900938686,
                0.37463188893563315
            ],
            "ler_z": [
                0.00024165533907264763,
                0.0009117749218478638,
                0.0016730125764393678,
                0.0037937960276723946,
                0.006664232243929158,
                0.012325768920631263,
                0.018088196461579085,
                0.02732824427480916,
                0.034664401019541206,
                0.06011583782704214,
                0.07888094236432477
            ],
            "per": [
                0.1,
                0.11,
                0.12000000000000001,
                0.13,
                0.14,
                0.15000000000000002,
                0.16,
                0.17,
                0.18,
                0.19,
                0.2
            ],
            "ratio": 3.0
        }
    },
    "distance_array": [
        [
            3,
            9
        ],
        [
            5,
            15
        ],
        [
            7,
            21
        ],
        [
            9,
            27
        ]
    ],
    "ler_distances": [
        [
            0.1386577925679423,
            0.16333197223356472,
            0.1891968593321351,
            0.2216557685913776,
            0.23250406882120436,
            0.2574002574002574,
            0.2810567734682406,
            0.2962962962962963,
            0.3411222923418045,
            0.34584125886218225,
            0.3714020427112349
        ],
        [
            0.09592326139088729,
            0.11953143676786995,
            0.14956625785222855,
            0.18357044515832951,
            0.2146613716861651,
            0.25100401606425704,
            0.27476301689792554,
            0.3089757454039858,
            0.34088972217487645,
            0.3705762460626274,
            0.3947887879984208
        ],
        [
            0.06041383476816191,
            0.0868357068426537,
            0.11538017768547364,
            0.14877631481068215,
            0.18258170531312762,
            0.23038820412394886,
            0.2640612622128334,
            0.3053435114503817,
            0.33984706881903143,
            0.3994407829039345,
            0.4206983592763988
        ]
    ],
    "n_logical_errors": 2000,
    "n_runs": 100000,
    "per_list": [
        0.1,
        0.11,
        0.12000000000000001,
        0.13,
        0.14,
        0.15000000000000002,
        0.16,
        0.17,
        0.18,
        0.19,
        0.2
    ]
}
