{
    "bias": 1,
    "code": "XZZX",
    "data": {
        "5": {
            "ler": [
                0.09544899205864386,
                0.12101556260135053,
                0.1494276919398703,
                0.1768033946251768,
                0.2054316118164263,
                0.24105679298042618,
                0.28253376278465275,
                0.3066732090284593,
                0.3419271011420365,
                0.37114014251781474,
                0.39789909279006846
            ],
            "ler_eb": [
                0.001283816270363999,
                0.001604526207181539,
                0.001948954525306081,
                0.002268597151670981,
                0.0025896907933476167,
                0.0029698807494760275,
                0.0033844342829616562,
                0.0036112688900661436,
                0.003922703880474247,
                0.0041622663167382975,
                0.004366390642249237
            ],
            "ler_x": [
                0.09458995113011606,
                0.11932134472493162,
                0.14625982487074504,
                0.1721004243281471,
                0.19869345494884752,
                0.23064313952367177,
                0.26682488557382605,
                0.28569676153091267,
                0.31600902687547017,
                0.3380344418052256,
                0.3541301925831609
            ],
            "ler_z": [
                0.0009735797189981673,
                0.002129873901783769,
                0.0041242042975404205,
                0.006506364922206506,
                0.010025062656641603,
                0.015572268826535531,
                0.023054755043227664,
                0.03183267909715407,
                0.04007385625384668,
                0.05426068883610451,
                0.07098519815374821
            ],
            "per": [
                0.1,
                0.11,
                0.12000000000000001,
                0.13,
                0.14,
                0.15000000000000002,
                0.16,
                0.17,
                0.18,
                0.19,
                0.2
            ],
            "ratio": 3.0
        }
    },
    "distance_array": [
        [
            3,
            9
        ],
        [
            5,
            15
        ],
        [
            7,
            21
        ],
        [
            9,
            27
        ]
    ],
    "ler_distances": [
        [
            0.14152679102154037,
            0.1658539821541115,
            0.18905736000302492,
            0.211864406779661,
            0.23566008389498988,
            0.262412091949197,
            0.28192839018889204,
            0.3104433130510369,
            0.3263707571801567,
            0.3546853940554728,
            0.3766478342749529
        ],
        [
            0.09544899205864386,
            0.12101556260135053,
            0.1494276919398703,
            0.1768033946251768,
            0.2054316118164263,
            0.24105679298042618,
            0.28253376278465275,
            0.3066732090284593,
            0.3419271011420365,
            0.37114014251781474,
            0.39789909279006846
        ]
    ],
    "n_logical_errors": 5000,
    "n_runs": 100000,
    "per_list": [
        0.1,
        0.11,
        0.12000000000000001,
        0.13,
        0.14,
        0.15000000000000002,
        0.16,
        0.17,
        0.18,
        0.19,
        0.2
    ]
}
