{
    "bias": 3,
    "data": {
        "13": {
            "ler": [
                0.06265664160401002,
                0.07630675314765356,
                0.08760402978537013,
                0.10330578512396695,
                0.11652295502213936,
                0.135666802333469,
                0.15659254619480112,
                0.17577781683951485,
                0.19331142470520007,
                0.2269117313365101,
                0.23105360443622922,
                0.2675943270002676,
                0.26157467957101754,
                0.31675641431738993,
                0.32733224222585927,
                0.351123595505618,
                0.3505082369435682,
                0.4043671653861706,
                0.40916530278232405,
                0.44385264092321347,
                0.4522840343735866
            ],
            "ler_eb": [
                0.0019182997325344901,
                0.002319139425369064,
                0.0026461579475819184,
                0.0030934765386928255,
                0.0034634516142164635,
                0.003988542148211723,
                0.004547679010570852,
                0.005046452801291552,
                0.0054904820335106,
                0.006309159270520051,
                0.006407089352628361,
                0.00724190380820802,
                0.007108025743537498,
                0.008279673281236572,
                0.008489636416799236,
                0.008944189788000524,
                0.008932747379010382,
                0.009868819342034348,
                0.009945618453593374,
                0.010467277739250927,
                0.010584953578279734
            ],
            "ler_x": [
                0.031265664160401004,
                0.038916444105303316,
                0.04713096802452913,
                0.05371900826446281,
                0.06152412025168958,
                0.06701940035273368,
                0.08142812402129658,
                0.09597468799437511,
                0.10187512081964044,
                0.11322895393691854,
                0.1171441774491682,
                0.14396574792614397,
                0.14229662568663354,
                0.17136522014570796,
                0.1728314238952537,
                0.19838483146067415,
                0.19908867858394672,
                0.2312980186008896,
                0.2430441898527005,
                0.23746116289391922,
                0.24197195838986885
            ],
            "ler_z": [
                0.032518796992481204,
                0.03853491033956505,
                0.043451598773543584,
                0.05309917355371901,
                0.05872756933115824,
                0.07380274046940713,
                0.08189790165988099,
                0.08595535243452276,
                0.10110187512081964,
                0.1279782164737917,
                0.12546210720887246,
                0.14396574792614397,
                0.14386607376405963,
                0.17516629711751663,
                0.18919803600654664,
                0.18890449438202248,
                0.18962495618647038,
                0.21876263647391833,
                0.22504091653027825,
                0.26764314247669774,
                0.2731795567616463
            ],
            "per": [
                0.12,
                0.125,
                0.13,
                0.135,
                0.13999999999999999,
                0.145,
                0.15,
                0.155,
                0.16,
                0.16499999999999998,
                0.16999999999999998,
                0.175,
                0.18,
                0.185,
                0.19,
                0.195,
                0.2,
                0.20500000000000002,
                0.21,
                0.215,
                0.22
            ]
        }
    },
    "distance_array": [
        5,
        9,
        13,
        17,
        21
    ],
    "ler_distances": [
        [
            0.11376564277588168,
            0.12886597938144329,
            0.13738150844896277,
            0.15337423312883436,
            0.16194331983805668,
            0.1763979537837361,
            0.18860807242549982,
            0.20370747606437156,
            0.20802995631370919,
            0.23212627669452182,
            0.2331002331002331,
            0.24594195769798327,
            0.25068939583855604,
            0.27631942525559544,
            0.31026993484331367,
            0.2924831822170225,
            0.30165912518853694,
            0.33178500331785005,
            0.335345405767941,
            0.37523452157598497,
            0.3688675765400221
        ],
        [
            0.08916629514043692,
            0.10082677959265982,
            0.11270145384875464,
            0.129366106080207,
            0.13772207684891888,
            0.15432098765432098,
            0.1783166904422254,
            0.18392495861688432,
            0.2070393374741201,
            0.21891418563922943,
            0.24301336573511542,
            0.26939655172413796,
            0.26666666666666666,
            0.28977108084613157,
            0.31525851197982346,
            0.3255208333333333,
            0.3463803255975061,
            0.3677822728944465,
            0.4025764895330113,
            0.39215686274509803,
            0.4319654427645788
        ],
        [
            0.06265664160401002,
            0.07630675314765356,
            0.08760402978537013,
            0.10330578512396695,
            0.11652295502213936,
            0.135666802333469,
            0.15659254619480112,
            0.17577781683951485,
            0.19331142470520007,
            0.2269117313365101,
            0.23105360443622922,
            0.2675943270002676,
            0.26157467957101754,
            0.31675641431738993,
            0.32733224222585927,
            0.351123595505618,
            0.3505082369435682,
            0.4043671653861706,
            0.40916530278232405,
            0.44385264092321347,
            0.4522840343735866
        ]
    ],
    "n_logical_errors": 1000,
    "n_runs": 1000000,
    "per_list": [
        0.12,
        0.125,
        0.13,
        0.135,
        0.13999999999999999,
        0.145,
        0.15,
        0.155,
        0.16,
        0.16499999999999998,
        0.16999999999999998,
        0.175,
        0.18,
        0.185,
        0.19,
        0.195,
        0.2,
        0.20500000000000002,
        0.21,
        0.215,
        0.22
    ]
}
