{
    "bias": 3,
    "data": {
        "9": {
            "ler": [
                0.1701258931609391,
                0.185901249256395,
                0.20335122824141857,
                0.2179361447096001,
                0.23838470523731198,
                0.2508214402167097,
                0.2677734636497523,
                0.2861312197773899,
                0.30501753850846425,
                0.32036906516306785,
                0.340657468915006
            ],
            "ler_eb": [
                0.0015498031004525603,
                0.0016773390288422536,
                0.0018150151118694756,
                0.0019273046588674883,
                0.0020803969869498504,
                0.0021709875219459666,
                0.0022913438595466656,
                0.002417544299422844,
                0.0025427972580812272,
                0.0026411139749045807,
                0.00276613556632663
            ],
            "ler_x": [
                0.09054100034025178,
                0.09616671624033314,
                0.10627135187896534,
                0.11212814645308924,
                0.12503277789697012,
                0.13230830971431437,
                0.14117017003614943,
                0.15182122521388308,
                0.16486197956382492,
                0.17152559748830654,
                0.18715721342190428
            ],
            "ler_z": [
                0.07958489282068731,
                0.08973453301606187,
                0.09707987636245323,
                0.10580799825651084,
                0.11335192734034184,
                0.11851313050239534,
                0.1266032936136029,
                0.1343099945635068,
                0.14015555894463932,
                0.14884346767476134,
                0.15350025549310167
            ],
            "per": [
                0.15,
                0.155,
                0.16,
                0.165,
                0.17,
                0.175,
                0.18,
                0.185,
                0.19,
                0.195,
                0.2
            ]
        }
    },
    "distance_array": [
        5,
        7,
        9,
        11,
        13
    ],
    "ler_distances": [
        [
            0.1871747838131247,
            0.19528198718950163,
            0.2114299004165169,
            0.21791239921551536,
            0.23087223530498222,
            0.2398541686654514,
            0.25666692333359,
            0.26783083804269225,
            0.27667874830534267,
            0.28591851322373124,
            0.3024437454633438
        ],
        [
            0.17582417582417584,
            0.1916332905352318,
            0.2081902025690671,
            0.22346368715083798,
            0.23165307635285395,
            0.24743288383026105,
            0.26087863925701765,
            0.27542139473394295,
            0.29049500348594004,
            0.30262680062946373,
            0.3195398625978591
        ],
        [
            0.1701258931609391,
            0.185901249256395,
            0.20335122824141857,
            0.2179361447096001,
            0.23838470523731198,
            0.2508214402167097,
            0.2677734636497523,
            0.2861312197773899,
            0.30501753850846425,
            0.32036906516306785,
            0.340657468915006
        ]
    ],
    "n_logical_errors": 10000,
    "n_runs": 1000000,
    "per_list": [
        0.15,
        0.155,
        0.16,
        0.165,
        0.17,
        0.175,
        0.18,
        0.185,
        0.19,
        0.195,
        0.2
    ]
}
