{
    "bias": 3,
    "data": {
        "5": {
            "ler": [
                0.1871747838131247,
                0.19528198718950163,
                0.2114299004165169,
                0.21791239921551536,
                0.23087223530498222,
                0.2398541686654514,
                0.25666692333359,
                0.26783083804269225,
                0.27667874830534267,
                0.28591851322373124,
                0.3024437454633438
            ],
            "ler_eb": [
                0.0016875083260969124,
                0.001751798084606276,
                0.0018775285865695952,
                0.0019271239226591266,
                0.002024747877639876,
                0.0020912007692191086,
                0.0022128992109427623,
                0.0022917450222413325,
                0.002353105586228549,
                0.0024161070006202922,
                0.0025260051187261817
            ],
            "ler_x": [
                0.09778010706397634,
                0.10111701296672394,
                0.1094149734655475,
                0.11159293963826541,
                0.11776792722907144,
                0.12170200518085005,
                0.12971946305279639,
                0.13704903982644562,
                0.14132750463436902,
                0.14696211579699786,
                0.15941809823372852
            ],
            "ler_z": [
                0.08939467674914836,
                0.0941649742227777,
                0.1020149269509694,
                0.10631945957724995,
                0.11310430807591079,
                0.11815216348460136,
                0.12694746028079362,
                0.1307817982162466,
                0.13535124367097362,
                0.13895639742673338,
                0.1430256472296153
            ],
            "per": [
                0.15,
                0.155,
                0.16,
                0.165,
                0.17,
                0.175,
                0.18,
                0.185,
                0.19,
                0.195,
                0.2
            ]
        }
    },
    "distance_array": [
        5,
        7,
        9,
        11,
        13
    ],
    "ler_distances": [
        [
            0.1871747838131247,
            0.19528198718950163,
            0.2114299004165169,
            0.21791239921551536,
            0.23087223530498222,
            0.2398541686654514,
            0.25666692333359,
            0.26783083804269225,
            0.27667874830534267,
            0.28591851322373124,
            0.3024437454633438
        ]
    ],
    "n_logical_errors": 10000,
    "n_runs": 1000000,
    "per_list": [
        0.15,
        0.155,
        0.16,
        0.165,
        0.17,
        0.175,
        0.18,
        0.185,
        0.19,
        0.195,
        0.2
    ]
}
