{
    "bias": 3,
    "data": {
        "7": {
            "ler": [
                0.17582417582417584,
                0.1916332905352318,
                0.2081902025690671,
                0.22346368715083798,
                0.23165307635285395,
                0.24743288383026105,
                0.26087863925701765,
                0.27542139473394295,
                0.29049500348594004,
                0.30262680062946373,
                0.3195398625978591
            ],
            "ler_eb": [
                0.0015962044817638746,
                0.0017229598882656204,
                0.0018525533485588234,
                0.001969191012611966,
                0.0020305643184312014,
                0.002146495763700191,
                0.0022428302105941514,
                0.002344447038726682,
                0.0024469009864469637,
                0.002527202328479839,
                0.00263588457332729
            ],
            "ler_x": [
                0.09575384615384615,
                0.10589655634976908,
                0.1132554701975725,
                0.12404469273743017,
                0.12872961452928094,
                0.13663243845107015,
                0.14705728894918085,
                0.15363005398259336,
                0.16264815245177783,
                0.17367752088124924,
                0.1811791020929861
            ],
            "ler_z": [
                0.08007032967032968,
                0.0857367341854627,
                0.09493473237149459,
                0.09941899441340782,
                0.10292346182357302,
                0.1108004453791909,
                0.1138213503078368,
                0.12179134075134956,
                0.1278468510341622,
                0.1289492797482145,
                0.13836076050487298
            ],
            "per": [
                0.15,
                0.155,
                0.16,
                0.165,
                0.17,
                0.175,
                0.18,
                0.185,
                0.19,
                0.195,
                0.2
            ]
        }
    },
    "distance_array": [
        5,
        7,
        9,
        11,
        13
    ],
    "ler_distances": [
        [
            0.1871747838131247,
            0.19528198718950163,
            0.2114299004165169,
            0.21791239921551536,
            0.23087223530498222,
            0.2398541686654514,
            0.25666692333359,
            0.26783083804269225,
            0.27667874830534267,
            0.28591851322373124,
            0.3024437454633438
        ],
        [
            0.17582417582417584,
            0.1916332905352318,
            0.2081902025690671,
            0.22346368715083798,
            0.23165307635285395,
            0.24743288383026105,
            0.26087863925701765,
            0.27542139473394295,
            0.29049500348594004,
            0.30262680062946373,
            0.3195398625978591
        ]
    ],
    "n_logical_errors": 10000,
    "n_runs": 1000000,
    "per_list": [
        0.15,
        0.155,
        0.16,
        0.165,
        0.17,
        0.175,
        0.18,
        0.185,
        0.19,
        0.195,
        0.2
    ]
}
