{
    "bias": 3,
    "data": {
        "21": {
            "ler": [
                0.03189385724309498,
                0.04027548431269886,
                0.05596910505401018,
                0.06605892456070815,
                0.08480325644504749,
                0.09867771857114664,
                0.12298610257040954,
                0.15513496742165683,
                0.16871941960519657,
                0.20230629172567266,
                0.22527596305474207,
                0.2654632333421821,
                0.27442371020856204,
                0.3186743148502231,
                0.3282994090610637,
                0.3929273084479371,
                0.42140750105351876,
                0.41736227045075125,
                0.45808520384791573,
                0.4972650422675286,
                0.5288207297726071
            ],
            "ler_eb": [
                0.000992358362702015,
                0.0012477111781264785,
                0.0017196555526827395,
                0.002018790430004274,
                0.0025654866706546933,
                0.002962505420878247,
                0.003642162148618685,
                0.004509240165150747,
                0.004864507645200555,
                0.005713832077395593,
                0.006270300727656633,
                0.007194674480304222,
                0.007392020675821316,
                0.008318105830633105,
                0.00850859723328547,
                0.009681275117833874,
                0.010136514857863852,
                0.010074244538819792,
                0.010663794536143476,
                0.01114955340035868,
                0.011478933997518852
            ],
            "ler_x": [
                0.015340945333928685,
                0.021023802811228804,
                0.028320367157329156,
                0.032368873034746996,
                0.04358887381275441,
                0.05298993487270574,
                0.06272291231090887,
                0.08035991312441824,
                0.09043360890838535,
                0.10196237102973903,
                0.12187429601261546,
                0.14281921953809398,
                0.1525795828759605,
                0.17176545570427024,
                0.18778726198292844,
                0.2180746561886051,
                0.246944795617362,
                0.25125208681135225,
                0.26385707741639947,
                0.29835902536051717,
                0.30248545742993127
            ],
            "ler_z": [
                0.016712381195381768,
                0.020016915703411332,
                0.028208428947221136,
                0.03501123001717532,
                0.042995251017639076,
                0.04933885928557332,
                0.06469068995203542,
                0.08284207260316476,
                0.08925257297114898,
                0.11005462269876592,
                0.12074791619734174,
                0.1422882930714096,
                0.1437980241492865,
                0.17654557042702357,
                0.1762967826657912,
                0.22357563850687623,
                0.23430257058575643,
                0.2262103505843072,
                0.26706367384333485,
                0.28443560417702635,
                0.3209941829719725
            ],
            "per": [
                0.12,
                0.125,
                0.13,
                0.135,
                0.13999999999999999,
                0.145,
                0.15,
                0.155,
                0.16,
                0.16499999999999998,
                0.16999999999999998,
                0.175,
                0.18,
                0.185,
                0.19,
                0.195,
                0.2,
                0.20500000000000002,
                0.21,
                0.215,
                0.22
            ]
        }
    },
    "distance_array": [
        5,
        9,
        13,
        17,
        21
    ],
    "ler_distances": [
        [
            0.11376564277588168,
            0.12886597938144329,
            0.13738150844896277,
            0.15337423312883436,
            0.16194331983805668,
            0.1763979537837361,
            0.18860807242549982,
            0.20370747606437156,
            0.20802995631370919,
            0.23212627669452182,
            0.2331002331002331,
            0.24594195769798327,
            0.25068939583855604,
            0.27631942525559544,
            0.31026993484331367,
            0.2924831822170225,
            0.30165912518853694,
            0.33178500331785005,
            0.335345405767941,
            0.37523452157598497,
            0.3688675765400221
        ],
        [
            0.08916629514043692,
            0.10082677959265982,
            0.11270145384875464,
            0.129366106080207,
            0.13772207684891888,
            0.15432098765432098,
            0.1783166904422254,
            0.18392495861688432,
            0.2070393374741201,
            0.21891418563922943,
            0.24301336573511542,
            0.26939655172413796,
            0.26666666666666666,
            0.28977108084613157,
            0.31525851197982346,
            0.3255208333333333,
            0.3463803255975061,
            0.3677822728944465,
            0.4025764895330113,
            0.39215686274509803,
            0.4319654427645788
        ],
        [
            0.06265664160401002,
            0.07630675314765356,
            0.08760402978537013,
            0.10330578512396695,
            0.11652295502213936,
            0.135666802333469,
            0.15659254619480112,
            0.17577781683951485,
            0.19331142470520007,
            0.2269117313365101,
            0.23105360443622922,
            0.2675943270002676,
            0.26157467957101754,
            0.31675641431738993,
            0.32733224222585927,
            0.351123595505618,
            0.3505082369435682,
            0.4043671653861706,
            0.40916530278232405,
            0.44385264092321347,
            0.4522840343735866
        ],
        [
            0.041473125414731256,
            0.05941417622244668,
            0.07127075760815338,
            0.08448086508405846,
            0.09881422924901186,
            0.11977482333213559,
            0.1405086412814388,
            0.16113438607798905,
            0.18521948508983144,
            0.19952114924181963,
            0.22794620469569182,
            0.2587991718426501,
            0.27862914460852606,
            0.32247662044501774,
            0.33738191632928477,
            0.3633720930232558,
            0.3799392097264438,
            0.4329004329004329,
            0.44228217602830605,
            0.44563279857397503,
            0.49455984174085066
        ],
        [
            0.03189385724309498,
            0.04027548431269886,
            0.05596910505401018,
            0.06605892456070815,
            0.08480325644504749,
            0.09867771857114664,
            0.12298610257040954,
            0.15513496742165683,
            0.16871941960519657,
            0.20230629172567266,
            0.22527596305474207,
            0.2654632333421821,
            0.27442371020856204,
            0.3186743148502231,
            0.3282994090610637,
            0.3929273084479371,
            0.42140750105351876,
            0.41736227045075125,
            0.45808520384791573,
            0.4972650422675286,
            0.5288207297726071
        ]
    ],
    "n_logical_errors": 1000,
    "n_runs": 1000000,
    "per_list": [
        0.12,
        0.125,
        0.13,
        0.135,
        0.13999999999999999,
        0.145,
        0.15,
        0.155,
        0.16,
        0.16499999999999998,
        0.16999999999999998,
        0.175,
        0.18,
        0.185,
        0.19,
        0.195,
        0.2,
        0.20500000000000002,
        0.21,
        0.215,
        0.22
    ]
}
