{
    "bias": 3,
    "code": "ColourCode",
    "data": {
        "13": {
            "ler": [
                0.055957203930434005,
                0.0678877408317606,
                0.07910891715714195,
                0.09432182607055273,
                0.10734681609343467,
                0.12267831292784062,
                0.13731736790069207,
                0.1570006594027695,
                0.1730223544881999,
                0.19418983998757186,
                0.20620257340811612,
                0.23424689622862496,
                0.25255076270330334,
                0.2736127831892306,
                0.29627873903768664,
                0.3111581305619516,
                0.3356831151393085,
                0.35141973573235874,
                0.37441964954320806,
                0.3864286266326609,
                0.42112355765181503
            ],
            "ler_eb": [
                0.0007688946598228443,
                0.000926916182295267,
                0.001073605114092871,
                0.0012694457583657256,
                0.0014343183175983428,
                0.0016250331517962996,
                0.0018037070196638763,
                0.0020385909492511263,
                0.0022251746336339902,
                0.0024652324239070747,
                0.002598148213483485,
                0.0028988999443123695,
                0.0030878381870207043,
                0.003297884776712893,
                0.0035149230487157585,
                0.0036522115010685138,
                0.0038692976546604784,
                0.004002423228166709,
                0.00418808203360439,
                0.00428072011915056,
                0.004531244245912113
            ],
            "ler_x": [
                0.029052980280681335,
                0.03481283349852684,
                0.04112081513828239,
                0.04834936804376533,
                0.05483275366052643,
                0.06315479549525235,
                0.07085576183675711,
                0.08217414513140955,
                0.09049069139732853,
                0.10264874941743048,
                0.11386506103596172,
                0.12911688920121808,
                0.13526618850388927,
                0.14906424428149284,
                0.15987200758473571,
                0.1702657290434999,
                0.18643840214837193,
                0.1974978914815856,
                0.21424292346862364,
                0.2223510317644331,
                0.24298829276509729
            ],
            "ler_z": [
                0.028526982563735256,
                0.035179427299018344,
                0.04066198341877096,
                0.04923599320882852,
                0.056872343166301687,
                0.06477414922589984,
                0.0738492804569922,
                0.08393255251672058,
                0.09273998200567514,
                0.10509554140127389,
                0.10870999670075883,
                0.12443195127664558,
                0.1408728154359026,
                0.15158148188683376,
                0.169056648494904,
                0.17511979588026635,
                0.18744545149378986,
                0.1984818667416362,
                0.20757825370675453,
                0.2201870314552902,
                0.23742946180409333
            ],
            "per": [
                0.12,
                0.125,
                0.13,
                0.135,
                0.13999999999999999,
                0.145,
                0.15,
                0.155,
                0.16,
                0.16499999999999998,
                0.16999999999999998,
                0.175,
                0.18,
                0.185,
                0.19,
                0.195,
                0.2,
                0.20500000000000002,
                0.21,
                0.215,
                0.22
            ],
            "ratio": null
        }
    },
    "distance_array": [
        3,
        5,
        7,
        9,
        11,
        13,
        17,
        21
    ],