{
    "bias": 3,
    "data": {
        "9": {
            "ler": [
                0.08916629514043692,
                0.10082677959265982,
                0.11270145384875464,
                0.129366106080207,
                0.13772207684891888,
                0.15432098765432098,
                0.1783166904422254,
                0.18392495861688432,
                0.2070393374741201,
                0.21891418563922943,
                0.24301336573511542,
                0.26939655172413796,
                0.26666666666666666,
                0.28977108084613157,
                0.31525851197982346,
                0.3255208333333333,
                0.3463803255975061,
                0.3677822728944465,
                0.4025764895330113,
                0.39215686274509803,
                0.4319654427645788
            ],
            "ler_eb": [
                0.002691040714930355,
                0.00302341370982229,
                0.003357100969384804,
                0.003817141779973004,
                0.004044149453299812,
                0.004487740853327298,
                0.0051114513048856995,
                0.005254189290215761,
                0.005830136069288409,
                0.006118194510161722,
                0.006686121528644049,
                0.0072817018256158515,
                0.00722136747078752,
                0.0077224342028787045,
                0.008249547784696037,
                0.008454015864934583,
                0.008855554786921068,
                0.009247495464023318,
                0.009839874586974915,
                0.009668421566474376,
                0.010295237822588808
            ],
            "ler_x": [
                0.04422648238965671,
                0.05051421657592257,
                0.054660205116646,
                0.06351875808538163,
                0.07313042280677592,
                0.07777777777777778,
                0.09771754636233952,
                0.1031819017840721,
                0.1062111801242236,
                0.11646234676007006,
                0.12199270959902794,
                0.14493534482758622,
                0.12986666666666666,
                0.1605331787887569,
                0.17749054224464061,
                0.16015625,
                0.1884308971250433,
                0.20706141963957336,
                0.22544283413848631,
                0.21411764705882352,
                0.24319654427645787
            ],
            "ler_z": [
                0.046990637539010255,
                0.053942327082073,
                0.06198579961681506,
                0.0705045278137128,
                0.06968737088555295,
                0.08179012345679013,
                0.08862339514978602,
                0.09361780393599411,
                0.11262939958592133,
                0.11558669001751314,
                0.13462940461725395,
                0.1478987068965517,
                0.15706666666666666,
                0.15299913068675747,
                0.16960907944514503,
                0.19205729166666666,
                0.19120193972982336,
                0.20191246781905112,
                0.22262479871175522,
                0.22745098039215686,
                0.24535637149028078
            ],
            "per": [
                0.12,
                0.125,
                0.13,
                0.135,
                0.13999999999999999,
                0.145,
                0.15,
                0.155,
                0.16,
                0.16499999999999998,
                0.16999999999999998,
                0.175,
                0.18,
                0.185,
                0.19,
                0.195,
                0.2,
                0.20500000000000002,
                0.21,
                0.215,
                0.22
            ]
        }
    },
    "distance_array": [
        5,
        9,
        13,
        17,
        21
    ],
    "ler_distances": [
        [
            0.11376564277588168,
            0.12886597938144329,
            0.13738150844896277,
            0.15337423312883436,
            0.16194331983805668,
            0.1763979537837361,
            0.18860807242549982,
            0.20370747606437156,
            0.20802995631370919,
            0.23212627669452182,
            0.2331002331002331,
            0.24594195769798327,
            0.25068939583855604,
            0.27631942525559544,
            0.31026993484331367,
            0.2924831822170225,
            0.30165912518853694,
            0.33178500331785005,
            0.335345405767941,
            0.37523452157598497,
            0.3688675765400221
        ],
        [
            0.08916629514043692,
            0.10082677959265982,
            0.11270145384875464,
            0.129366106080207,
            0.13772207684891888,
            0.15432098765432098,
            0.1783166904422254,
            0.18392495861688432,
            0.2070393374741201,
            0.21891418563922943,
            0.24301336573511542,
            0.26939655172413796,
            0.26666666666666666,
            0.28977108084613157,
            0.31525851197982346,
            0.3255208333333333,
            0.3463803255975061,
            0.3677822728944465,
            0.4025764895330113,
            0.39215686274509803,
            0.4319654427645788
        ]
    ],
    "n_logical_errors": 1000,
    "n_runs": 1000000,
    "per_list": [
        0.12,
        0.125,
        0.13,
        0.135,
        0.13999999999999999,
        0.145,
        0.15,
        0.155,
        0.16,
        0.16499999999999998,
        0.16999999999999998,
        0.175,
        0.18,
        0.185,
        0.19,
        0.195,
        0.2,
        0.20500000000000002,
        0.21,
        0.215,
        0.22
    ]
}
