{
    "bias": 3,
    "code": "ColourCode",
    "data": {
        "3": {
            "ler": [
                0.12116218770446119,
                0.13011684492674422,
                0.13886960144424385,
                0.14976785981728322,
                0.1545069682642687,
                0.1657550140891762,
                0.17390699453932038,
                0.1821161901293025,
                0.18982536066818528,
                0.19968848596189945,
                0.20718518211577508,
                0.22338381807621857,
                0.22209390130147025,
                0.23633957269805256,
                0.2467186420605941,
                0.2526273241713824,
                0.26055237102657636,
                0.26949819436209776,
                0.28041052100274805,
                0.29301453352086265,
                0.29580547831745846
            ],
            "ler_eb": [
                0.0016063362914321912,
                0.0017162438037610988,
                0.0018224543016717892,
                0.0019530006174609163,
                0.002009176477668345,
                0.0021410582111035894,
                0.0022353550829869564,
                0.0023292138282705963,
                0.002416342840467702,
                0.0025263734845014443,
                0.0026089128303172443,
                0.002784004450420813,
                0.0027702261144834234,
                0.0029207984326810655,
                0.0030282768302391113,
                0.0030886160776520677,
                0.003168573150366557,
                0.0032574780987319565,
                0.00336396682851979,
                0.003484250754583626,
                0.0035104883148770415
            ],
            "ler_x": [
                0.0749266968764388,
                0.07939729877429932,
                0.08757117067074018,
                0.092227048075483,
                0.09703037606996076,
                0.10313276976628544,
                0.10604848527007757,
                0.11327627026042615,
                0.11958997722095673,
                0.12472542833180239,
                0.1301537314051299,
                0.14229549211455123,
                0.13978590147914538,
                0.14497069389298545,
                0.1575545248198954,
                0.15683104284559418,
                0.1641479937467431,
                0.1722093461973805,
                0.17755594189894006,
                0.1838373183309892,
                0.18405016860912263
            ],
            "ler_z": [
                0.05573460634405215,
                0.062143805137013036,
                0.06310234689626441,
                0.07039089411412311,
                0.07128951515713358,
                0.07773910160782364,
                0.0849013947340962,
                0.08686942269167729,
                0.08864844343204252,
                0.09493190622628699,
                0.0970041022666059,
                0.10539248536835992,
                0.10736019188913072,
                0.11642087351106069,
                0.11891838547320635,
                0.12530315278900567,
                0.1280354351224596,
                0.13022152751576566,
                0.14059783523077785,
                0.14639006094702298,
                0.14967757202863397
            ],
            "per": [
                0.12,
                0.125,
                0.13,
                0.135,
                0.13999999999999999,
                0.145,
                0.15,
                0.155,
                0.16,
                0.16499999999999998,
                0.16999999999999998,
                0.175,
                0.18,
                0.185,
                0.19,
                0.195,
                0.2,
                0.20500000000000002,
                0.21,
                0.215,
                0.22
            ],
            "ratio": null
        }
    },
    "distance_array": [
        3,
        5,
        7,
        9,
        11,
        13,
        17,
        21
    ],
    "ler_distances": [
        [
            0.12116218770446119,
            0.13011684492674422,
            0.13886960144424385,
            0.14976785981728322,
            0.1545069682642687,
            0.1657550140891762,
            0.17390699453932038,
            0.1821161901293025,
            0.18982536066818528,
            0.19968848596189945,
            0.20718518211577508,
            0.22338381807621857,
            0.22209390130147025,
            0.23633957269805256,
            0.2467186420605941,
            0.2526273241713824,
            0.26055237102657636,
            0.26949819436209776,
            0.28041052100274805,
            0.29301453352086265,
            0.29580547831745846
        ]
    ],
    "n_logical_errors": 5000,
    "n_runs": 1000000,
    "per_list": [
        0.12,
        0.125,
        0.13,
        0.135,
        0.13999999999999999,
        0.145,
        0.15,
        0.155,
        0.16,
        0.16499999999999998,
        0.16999999999999998,
        0.175,
        0.18,
        0.185,
        0.19,
        0.195,
        0.2,
        0.20500000000000002,
        0.21,
        0.215,
        0.22
    ]
}
