{
    "bias": 3,
    "data": {
        "5": {
            "ler": [
                0.11376564277588168,
                0.12886597938144329,
                0.13738150844896277,
                0.15337423312883436,
                0.16194331983805668,
                0.1763979537837361,
                0.18860807242549982,
                0.20370747606437156,
                0.20802995631370919,
                0.23212627669452182,
                0.2331002331002331,
                0.24594195769798327,
                0.25068939583855604,
                0.27631942525559544,
                0.31026993484331367,
                0.2924831822170225,
                0.30165912518853694,
                0.33178500331785005,
                0.335345405767941,
                0.37523452157598497,
                0.3688675765400221
            ],
            "ler_eb": [
                0.0033867677547720354,
                0.003803476752206506,
                0.0040349454012953275,
                0.004462704648792964,
                0.004688130951831436,
                0.005062350972518821,
                0.005372490026387749,
                0.005748351110437532,
                0.00585437119373399,
                0.006432343203013269,
                0.006455234308947657,
                0.0067535950081496566,
                0.006862255801743147,
                0.007433355005868829,
                0.008148530080228934,
                0.007779815235977341,
                0.007971686271723719,
                0.008576594183052183,
                0.008645505002014891,
                0.009379102862437063,
                0.009266820023325777
            ],
            "ler_x": [
                0.056427758816837315,
                0.06855670103092784,
                0.07240005495260338,
                0.07837423312883436,
                0.08712550607287449,
                0.09013935438348915,
                0.0990192380233874,
                0.10959462212263191,
                0.11212814645308924,
                0.12325905292479108,
                0.12564102564102564,
                0.1337924249877029,
                0.13888192529456003,
                0.15501519756838905,
                0.17064846416382254,
                0.15618601930389003,
                0.15957767722473604,
                0.1838088918380889,
                0.18947015425888666,
                0.2052532833020638,
                0.20472150497971228
            ],
            "ler_z": [
                0.06018202502844141,
                0.0643041237113402,
                0.06978980629207308,
                0.08052147239263803,
                0.08275303643724696,
                0.0938437114129476,
                0.0995850622406639,
                0.10409452026889388,
                0.11150405658414812,
                0.12372330547818013,
                0.12494172494172494,
                0.12985735366453516,
                0.1301077964402106,
                0.14202818458137606,
                0.16599441514117283,
                0.16671541386370284,
                0.16772247360482653,
                0.17783676177836763,
                0.18846411804158283,
                0.20600375234521576,
                0.20545924013279232
            ],
            "per": [
                0.12,
                0.125,
                0.13,
                0.135,
                0.13999999999999999,
                0.145,
                0.15,
                0.155,
                0.16,
                0.16499999999999998,
                0.16999999999999998,
                0.175,
                0.18,
                0.185,
                0.19,
                0.195,
                0.2,
                0.20500000000000002,
                0.21,
                0.215,
                0.22
            ]
        }
    },
    "distance_array": [
        5,
        9,
        13,
        17,
        21
    ],
    "ler_distances": [
        [
            0.11376564277588168,
            0.12886597938144329,
            0.13738150844896277,
            0.15337423312883436,
            0.16194331983805668,
            0.1763979537837361,
            0.18860807242549982,
            0.20370747606437156,
            0.20802995631370919,
            0.23212627669452182,
            0.2331002331002331,
            0.24594195769798327,
            0.25068939583855604,
            0.27631942525559544,
            0.31026993484331367,
            0.2924831822170225,
            0.30165912518853694,
            0.33178500331785005,
            0.335345405767941,
            0.37523452157598497,
            0.3688675765400221
        ]
    ],
    "n_logical_errors": 1000,
    "n_runs": 1000000,
    "per_list": [
        0.12,
        0.125,
        0.13,
        0.135,
        0.13999999999999999,
        0.145,
        0.15,
        0.155,
        0.16,
        0.16499999999999998,
        0.16999999999999998,
        0.175,
        0.18,
        0.185,
        0.19,
        0.195,
        0.2,
        0.20500000000000002,
        0.21,
        0.215,
        0.22
    ]
}
