{
    "bias": 3,
    "code": "ColourCode",
    "data": {
        "9": {
            "ler": [
                0.08085120144885354,
                0.09131586156515387,
                0.1041297873669742,
                0.11450294272562805,
                0.1294632453846353,
                0.1427510991834637,
                0.1557923599426684,
                0.17361713948400986,
                0.18354012187064092,
                0.20177562550443906,
                0.21202612161818335,
                0.22680880018144703,
                0.24384296513045597,
                0.2625636716903849,
                0.2815949538184276,
                0.29931158335827596,
                0.3162555344718533,
                0.3263281555932646,
                0.3501155381275821,
                0.3559732308130429,
                0.37503750375037503
            ],
            "ler_eb": [
                0.0010962115854737822,
                0.0012310273235149533,
                0.0013938387294702445,
                0.0015237903087530025,
                0.0017082642159813321,
                0.0018691662352319275,
                0.0020243508901980297,
                0.00223202083851302,
                0.002345381188381697,
                0.0025494482023113198,
                0.0026617071884202587,
                0.0028204496434972416,
                0.0029986876222901637,
                0.0031886870571268067,
                0.0033753946128797186,
                0.0035432434357867935,
                0.003698282174587286,
                0.003787858460636443,
                0.003991576524593404,
                0.004040027280828986,
                0.0041929209566177765
            ],
            "ler_x": [
                0.040635813848193786,
                0.04631540498584604,
                0.05387675198367245,
                0.06036595140495111,
                0.0681235597213951,
                0.07685719180037687,
                0.08135477036206144,
                0.09191291364283483,
                0.09900154173702372,
                0.10710250201775626,
                0.11241624968196082,
                0.12061691993649354,
                0.13265057303096806,
                0.1414693063067794,
                0.15442667267402568,
                0.16408260999700688,
                0.17678684376976597,
                0.18078579819866858,
                0.2051677053427631,
                0.20155204328634488,
                0.21272127212721273
            ],
            "ler_z": [
                0.04319071181397756,
                0.048908775454296415,
                0.054918049857342194,
                0.06032015022786086,
                0.06794231117785661,
                0.07414492091589105,
                0.08412787436904094,
                0.09375325532136533,
                0.09775346890830336,
                0.11037126715092817,
                0.11614790942244084,
                0.12583352234066683,
                0.13347963911241162,
                0.14672057974058708,
                0.15470826762784412,
                0.16773421131397784,
                0.1748260594560405,
                0.18502806422138102,
                0.18927245991177089,
                0.20226398974797094,
                0.20934593459345935
            ],
            "per": [
                0.12,
                0.125,
                0.13,
                0.135,
                0.13999999999999999,
                0.145,
                0.15,
                0.155,
                0.16,
                0.16499999999999998,
                0.16999999999999998,
                0.175,
                0.18,
                0.185,
                0.19,
                0.195,
                0.2,
                0.20500000000000002,
                0.21,
                0.215,
                0.22
            ],
            "ratio": null
        }
    },
    "distance_array": [
        3,
        5,
        7,
        9,
        11,
        13,
        17,
        21
    ],
    "ler_distances": [
        [
            0.12116218770446119,
            0.13011684492674422,
            0.13886960144424385,
            0.14976785981728322,
            0.1545069682642687,
            0.1657550140891762,
            0.17390699453932038,
            0.1821161901293025,
            0.18982536066818528,
            0.19968848596189945,
            0.20718518211577508,
            0.22338381807621857,
            0.22209390130147025,
            0.23633957269805256,
            0.2467186420605941,
            0.2526273241713824,
            0.26055237102657636,
            0.26949819436209776,
            0.28041052100274805,
            0.29301453352086265,
            0.29580547831745846
        ],
        [
            0.11186182826972124,
            0.12118568069996849,
            0.13117506624340844,
            0.14042182716881513,
            0.15103458692040478,
            0.15834811249049913,
            0.1737740242588538,
            0.18577691907557406,
            0.19511433700148287,
            0.2083420142505938,
            0.21962575770886408,
            0.23024498065942162,
            0.24066230265691183,
            0.2557021581262146,
            0.2679672008146203,
            0.2790801518196026,
            0.28498147620404674,
            0.30031833743768394,
            0.3119930113565456,
            0.3268614761064261,
            0.33386752136752135
        ],
        [
            0.09383503800319039,
            0.10246741536191491,
            0.11570324431897071,
            0.12777593212542485,
            0.13988753042553786,
            0.15300345787814804,
            0.16542049890822472,
            0.1799143607642762,
            0.19276736833988742,
            0.20636427421684758,
            0.2214937538761407,
            0.23329600597237776,
            0.24634182391486426,
            0.25849144393320583,
            0.2750426316078992,
            0.2869605142332415,
            0.30588523186100575,
            0.3193459794341189,
            0.32339434706681325,
            0.3468849729429721,
            0.3629764065335753
        ],
        [
            0.08085120144885354,
            0.09131586156515387,
            0.1041297873669742,
            0.11450294272562805,
            0.1294632453846353,
            0.1427510991834637,
            0.1557923599426684,
            0.17361713948400986,
            0.18354012187064092,
            0.20177562550443906,
            0.21202612161818335,
            0.22680880018144703,
            0.24384296513045597,
            0.2625636716903849,
            0.2815949538184276,
            0.29931158335827596,
            0.3162555344718533,
            0.3263281555932646,
            0.3501155381275821,
            0.3559732308130429,
            0.37503750375037503
        ]
    ],
    "n_logical_errors": 5000,
    "n_runs": 1000000,
    "per_list": [
        0.12,
        0.125,
        0.13,
        0.135,
        0.13999999999999999,
        0.145,
        0.15,
        0.155,
        0.16,
        0.16499999999999998,
        0.16999999999999998,
        0.175,
        0.18,
        0.185,
        0.19,
        0.195,
        0.2,
        0.20500000000000002,
        0.21,
        0.215,
        0.22
    ]
}
