{
    "bias": 3,
    "data": {
        "13": {
            "ler": [
                0.15517589187343855,
                0.17428282617030919,
                0.19315833188464585,
                0.21294718909710392,
                0.23620001417200084,
                0.258732212160414,
                0.28252578047746857,
                0.3030670384289005,
                0.32196786760681284,
                0.34346556757685043,
                0.36646144825564353
            ],
            "ler_eb": [
                0.001426288561980008,
                0.0015836902848970968,
                0.0017350324649537119,
                0.0018891822171484664,
                0.0020642854064994685,
                0.002227604393466271,
                0.002393102131469094,
                0.0025300797320089215,
                0.002651170564469419,
                0.0027829920102547478,
                0.0029168548450290354
            ],
            "ler_x": [
                0.0766413729962913,
                0.08719369793300569,
                0.09733248343667304,
                0.11164821124361159,
                0.12124146727448804,
                0.1339974126778784,
                0.1447662099166549,
                0.1580191538368287,
                0.16819601403779902,
                0.1812124334535463,
                0.19711961301671063
            ],
            "ler_z": [
                0.07853451887714724,
                0.0870891282373035,
                0.0958258484479728,
                0.10129897785349233,
                0.11495854689751281,
                0.12473479948253557,
                0.13775957056081367,
                0.14504788459207177,
                0.15377185356901382,
                0.16225313412330414,
                0.16934183523893287
            ],
            "per": [
                0.15,
                0.155,
                0.16,
                0.165,
                0.17,
                0.175,
                0.18,
                0.185,
                0.19,
                0.195,
                0.2
            ]
        }
    },
    "distance_array": [
        5,
        7,
        9,
        11,
        13
    ],
    "ler_distances": [
        [
            0.1871747838131247,
            0.19528198718950163,
            0.2114299004165169,
            0.21791239921551536,
            0.23087223530498222,
            0.2398541686654514,
            0.25666692333359,
            0.26783083804269225,
            0.27667874830534267,
            0.28591851322373124,
            0.3024437454633438
        ],
        [
            0.17582417582417584,
            0.1916332905352318,
            0.2081902025690671,
            0.22346368715083798,
            0.23165307635285395,
            0.24743288383026105,
            0.26087863925701765,
            0.27542139473394295,
            0.29049500348594004,
            0.30262680062946373,
            0.3195398625978591
        ],
        [
            0.1701258931609391,
            0.185901249256395,
            0.20335122824141857,
            0.2179361447096001,
            0.23838470523731198,
            0.2508214402167097,
            0.2677734636497523,
            0.2861312197773899,
            0.30501753850846425,
            0.32036906516306785,
            0.340657468915006
        ],
        [
            0.16008196196452584,
            0.1787661559913477,
            0.19906439733253709,
            0.21735350373848025,
            0.23703984639817954,
            0.2554996295255372,
            0.2791580592931718,
            0.2961734391659756,
            0.3094729675362857,
            0.3284503711489194,
            0.3562014675500463
        ],
        [
            0.15517589187343855,
            0.17428282617030919,
            0.19315833188464585,
            0.21294718909710392,
            0.23620001417200084,
            0.258732212160414,
            0.28252578047746857,
            0.3030670384289005,
            0.32196786760681284,
            0.34346556757685043,
            0.36646144825564353
        ]
    ],
    "n_logical_errors": 10000,
    "n_runs": 1000000,
    "per_list": [
        0.15,
        0.155,
        0.16,
        0.165,
        0.17,
        0.175,
        0.18,
        0.185,
        0.19,
        0.195,
        0.2
    ]
}
