{
    "bias": 3,
    "code": "ColourCode",
    "data": {
        "5": {
            "ler": [
                0.11186182826972124,
                0.12118568069996849,
                0.13117506624340844,
                0.14042182716881513,
                0.15103458692040478,
                0.15834811249049913,
                0.1737740242588538,
                0.18577691907557406,
                0.19511433700148287,
                0.2083420142505938,
                0.21962575770886408,
                0.23024498065942162,
                0.24066230265691183,
                0.2557021581262146,
                0.2679672008146203,
                0.2790801518196026,
                0.28498147620404674,
                0.30031833743768394,
                0.3119930113565456,
                0.3268614761064261,
                0.33386752136752135
            ],
            "ler_eb": [
                0.0014908610861054,
                0.0016066262808544006,
                0.0017291490403345358,
                0.0018411632898152057,
                0.0019680512724599393,
                0.0020544432046696822,
                0.002233825677501466,
                0.002370710147882832,
                0.002475547570171644,
                0.00262156514917163,
                0.002743782828303579,
                0.0028568105034388743,
                0.002965791021169034,
                0.0031197713910744783,
                0.00324236503662367,
                0.0033511004004242394,
                0.003407926943819245,
                0.003552606408147354,
                0.0036597910322076015,
                0.0037925468858037124,
                0.003853625217887763
            ],
            "ler_x": [
                0.059219651885990425,
                0.0642284107709833,
                0.07059842065220243,
                0.0755750273822563,
                0.08210240144993203,
                0.08550798074486952,
                0.09481110763563062,
                0.09950211785687746,
                0.10848357137282448,
                0.11525480228342848,
                0.12070631643679171,
                0.12377970160250507,
                0.13448209472468234,
                0.14145443387542192,
                0.14823945549064793,
                0.15701049341370843,
                0.15873468224565404,
                0.16943960598234128,
                0.17690003743916136,
                0.1830424266195986,
                0.18656517094017094
            ],
            "ler_z": [
                0.05897355586379704,
                0.06459196781308321,
                0.06923419996327099,
                0.07490100261184598,
                0.0802597794895031,
                0.08452622244742843,
                0.09303861258819032,
                0.10214015010775061,
                0.1035666900803871,
                0.11171298804116839,
                0.11851005885970306,
                0.128983238165408,
                0.1317866769349249,
                0.1413521530121714,
                0.1474355538882041,
                0.15444295601696809,
                0.15679680820746653,
                0.1666766772779146,
                0.17390490453013852,
                0.1827809374387135,
                0.19103899572649571
            ],
            "per": [
                0.12,
                0.125,
                0.13,
                0.135,
                0.13999999999999999,
                0.145,
                0.15,
                0.155,
                0.16,
                0.16499999999999998,
                0.16999999999999998,
                0.175,
                0.18,
                0.185,
                0.19,
                0.195,
                0.2,
                0.20500000000000002,
                0.21,
                0.215,
                0.22
            ],
            "ratio": null
        }
    },
    "distance_array": [
        3,
        5,
        7,
        9,
        11,
        13,
        17,
        21
    ],
    "ler_distances": [
        [
            0.12116218770446119,
            0.13011684492674422,
            0.13886960144424385,
            0.14976785981728322,
            0.1545069682642687,
            0.1657550140891762,
            0.17390699453932038,
            0.1821161901293025,
            0.18982536066818528,
            0.19968848596189945,
            0.20718518211577508,
            0.22338381807621857,
            0.22209390130147025,
            0.23633957269805256,
            0.2467186420605941,
            0.2526273241713824,
            0.26055237102657636,
            0.26949819436209776,
            0.28041052100274805,
            0.29301453352086265,
            0.29580547831745846
        ],
        [
            0.11186182826972124,
            0.12118568069996849,
            0.13117506624340844,
            0.14042182716881513,
            0.15103458692040478,
            0.15834811249049913,
            0.1737740242588538,
            0.18577691907557406,
            0.19511433700148287,
            0.2083420142505938,
            0.21962575770886408,
            0.23024498065942162,
            0.24066230265691183,
            0.2557021581262146,
            0.2679672008146203,
            0.2790801518196026,
            0.28498147620404674,
            0.30031833743768394,
            0.3119930113565456,
            0.3268614761064261,
            0.33386752136752135
        ]
    ],
    "n_logical_errors": 5000,
    "n_runs": 1000000,
    "per_list": [
        0.12,
        0.125,
        0.13,
        0.135,
        0.13999999999999999,
        0.145,
        0.15,
        0.155,
        0.16,
        0.16499999999999998,
        0.16999999999999998,
        0.175,
        0.18,
        0.185,
        0.19,
        0.195,
        0.2,
        0.20500000000000002,
        0.21,
        0.215,
        0.22
    ]
}
