{
    "bias": 3,
    "code": "ColourCode",
    "data": {
        "21": {
            "ler": [
                0.02792048246593701,
                0.03598209530937405,
                0.046451133407655144,
                0.05805650058637066,
                0.07209389508896387,
                0.08947104716913606,
                0.10861537124733893,
                0.1279459556283426,
                0.1478633742422002,
                0.17530327466517073,
                0.1996167358671351,
                0.22198543775528326,
                0.25176233635448136,
                0.2745593322717039,
                0.3116624072804338,
                0.33704078193461406,
                0.3682427456179113,
                0.39142007202129325,
                0.41104899704044723,
                0.4525296406914653,
                0.4666791114429718
            ],
            "ler_eb": [
                0.00038930395213467684,
                0.0004996248115683115,
                0.0006414795121002997,
                0.000796853123326276,
                0.0009821221459196414,
                0.0012073811692859709,
                0.0014502365927383269,
                0.0016897142260854899,
                0.0019303240716867444,
                0.002251397407541661,
                0.002525578937814229,
                0.0027690662502432985,
                0.0030798214589360822,
                0.003307136776995319,
                0.0036567911986481304,
                0.003880975117543803,
                0.004139275344418478,
                0.004318340691209904,
                0.0044611638418815425,
                0.004735243690374668,
                0.004819784904403156
            ],
            "ler_x": [
                0.014228277864641502,
                0.018300493674347645,
                0.023281308063916758,
                0.03057255320878279,
                0.038325114629293194,
                0.04618495454870804,
                0.05611070078637529,
                0.06801607001202692,
                0.07623835575927843,
                0.09343664539653601,
                0.10651549025870329,
                0.12089326940152725,
                0.1336858006042296,
                0.14754818516281368,
                0.17135199152278252,
                0.18854061341422312,
                0.20570039770216528,
                0.22334429309534992,
                0.2383262084840513,
                0.2607475789664223,
                0.2713272353929438
            ],
            "ler_z": [
                0.014032834487379941,
                0.018142172454986397,
                0.023968784838350056,
                0.02870313388990165,
                0.0359171785333218,
                0.04579128194116384,
                0.05689273145935613,
                0.06563627523733975,
                0.07904775986988023,
                0.09185891592454946,
                0.10635579687000958,
                0.1178742674480554,
                0.13831822759315207,
                0.1517214870133436,
                0.17122732655987036,
                0.18678800134816312,
                0.21026660774782738,
                0.22209174886488178,
                0.2345445577112792,
                0.2592089781880713,
                0.271513907037521
            ],
            "per": [
                0.12,
                0.125,
                0.13,
                0.135,
                0.13999999999999999,
                0.145,
                0.15,
                0.155,
                0.16,
                0.16499999999999998,
                0.16999999999999998,
                0.175,
                0.18,
                0.185,
                0.19,
                0.195,
                0.2,
                0.20500000000000002,
                0.21,
                0.215,
                0.22
            ],
            "ratio": null
        }
    },
    "distance_array": [
        3,
        5,
        7,
        9,
        11,
        13,
        17,
        21
    ],