{
    "bias": 3,
    "data": {
        "17": {
            "ler": [
                0.041473125414731256,
                0.05941417622244668,
                0.07127075760815338,
                0.08448086508405846,
                0.09881422924901186,
                0.11977482333213559,
                0.1405086412814388,
                0.16113438607798905,
                0.18521948508983144,
                0.19952114924181963,
                0.22794620469569182,
                0.2587991718426501,
                0.27862914460852606,
                0.32247662044501774,
                0.33738191632928477,
                0.3633720930232558,
                0.3799392097264438,
                0.4329004329004329,
                0.44228217602830605,
                0.44563279857397503,
                0.49455984174085066
            ],
            "ler_eb": [
                0.001284011495676569,
                0.001822171687829769,
                0.0021719805680347486,
                0.0025561837241854877,
                0.002966379085042808,
                0.0035535500128859986,
                0.004119303506069138,
                0.00466696372247796,
                0.005286971749344265,
                0.005644998991738482,
                0.006333680426195499,
                0.007045808419016706,
                0.007483518518995087,
                0.00839383401309169,
                0.008684672439359418,
                0.009168418030624785,
                0.009460873808558196,
                0.010309027021808876,
                0.010444958042834516,
                0.010492425912018996,
                0.011118692539031068
            ],
            "ler_x": [
                0.0205706702057067,
                0.029885330639890677,
                0.03492267122799515,
                0.04283179859761764,
                0.04861660079051383,
                0.056294166966103724,
                0.07053533792328229,
                0.08411214953271028,
                0.09353583997036488,
                0.10594573024740622,
                0.12081148848871666,
                0.13819875776397517,
                0.14572304263025912,
                0.17865204772653984,
                0.19062078272604588,
                0.20421511627906977,
                0.19984802431610943,
                0.2502164502164502,
                0.25696594427244585,
                0.2629233511586453,
                0.27942631058358064
            ],
            "ler_z": [
                0.02148307896483079,
                0.03053888657833759,
                0.03784477228992944,
                0.04350764551829011,
                0.05227272727272727,
                0.06659480177266738,
                0.07489110580300688,
                0.08524009023525621,
                0.10316725319503611,
                0.10514764565043895,
                0.12126738089810804,
                0.14233954451345757,
                0.155196433546949,
                0.1744598516607546,
                0.1862348178137652,
                0.19949127906976744,
                0.2215045592705167,
                0.23333333333333334,
                0.254312251216276,
                0.2535650623885918,
                0.2972304648862512
            ],
            "per": [
                0.12,
                0.125,
                0.13,
                0.135,
                0.13999999999999999,
                0.145,
                0.15,
                0.155,
                0.16,
                0.16499999999999998,
                0.16999999999999998,
                0.175,
                0.18,
                0.185,
                0.19,
                0.195,
                0.2,
                0.20500000000000002,
                0.21,
                0.215,
                0.22
            ]
        }
    },
    "distance_array": [
        5,
        9,
        13,
        17,
        21
    ],
    "ler_distances": [
        [
            0.11376564277588168,
            0.12886597938144329,
            0.13738150844896277,
            0.15337423312883436,
            0.16194331983805668,
            0.1763979537837361,
            0.18860807242549982,
            0.20370747606437156,
            0.20802995631370919,
            0.23212627669452182,
            0.2331002331002331,
            0.24594195769798327,
            0.25068939583855604,
            0.27631942525559544,
            0.31026993484331367,
            0.2924831822170225,
            0.30165912518853694,
            0.33178500331785005,
            0.335345405767941,
            0.37523452157598497,
            0.3688675765400221
        ],
        [
            0.08916629514043692,
            0.10082677959265982,
            0.11270145384875464,
            0.129366106080207,
            0.13772207684891888,
            0.15432098765432098,
            0.1783166904422254,
            0.18392495861688432,
            0.2070393374741201,
            0.21891418563922943,
            0.24301336573511542,
            0.26939655172413796,
            0.26666666666666666,
            0.28977108084613157,
            0.31525851197982346,
            0.3255208333333333,
            0.3463803255975061,
            0.3677822728944465,
            0.4025764895330113,
            0.39215686274509803,
            0.4319654427645788
        ],
        [
            0.06265664160401002,
            0.07630675314765356,
            0.08760402978537013,
            0.10330578512396695,
            0.11652295502213936,
            0.135666802333469,
            0.15659254619480112,
            0.17577781683951485,
            0.19331142470520007,
            0.2269117313365101,
            0.23105360443622922,
            0.2675943270002676,
            0.26157467957101754,
            0.31675641431738993,
            0.32733224222585927,
            0.351123595505618,
            0.3505082369435682,
            0.4043671653861706,
            0.40916530278232405,
            0.44385264092321347,
            0.4522840343735866
        ],
        [
            0.041473125414731256,
            0.05941417622244668,
            0.07127075760815338,
            0.08448086508405846,
            0.09881422924901186,
            0.11977482333213559,
            0.1405086412814388,
            0.16113438607798905,
            0.18521948508983144,
            0.19952114924181963,
            0.22794620469569182,
            0.2587991718426501,
            0.27862914460852606,
            0.32247662044501774,
            0.33738191632928477,
            0.3633720930232558,
            0.3799392097264438,
            0.4329004329004329,
            0.44228217602830605,
            0.44563279857397503,
            0.49455984174085066
        ]
    ],
    "n_logical_errors": 1000,
    "n_runs": 1000000,
    "per_list": [
        0.12,
        0.125,
        0.13,
        0.135,
        0.13999999999999999,
        0.145,
        0.15,
        0.155,
        0.16,
        0.16499999999999998,
        0.16999999999999998,
        0.175,
        0.18,
        0.185,
        0.19,
        0.195,
        0.2,
        0.20500000000000002,
        0.21,
        0.215,
        0.22
    ]
}
