{
    "bias": 3,
    "code": "ColourCode",
    "data": {
        "11": {
            "ler": [
                0.06764801385431324,
                0.07915776141850708,
                0.08843296781039972,
                0.10213252716725223,
                0.11789672247111531,
                0.13234165321193192,
                0.14431680424868673,
                0.16447368421052633,
                0.1773049645390071,
                0.19301293186643506,
                0.21332878231931052,
                0.23159942563342442,
                0.24881811395869619,
                0.2654350480437437,
                0.2863032524049473,
                0.3076544425301501,
                0.32057446944925305,
                0.3439026067817594,
                0.3578329635726043,
                0.37690336197798885,
                0.3913587977457733
            ],
            "ler_eb": [
                0.0009237617982390312,
                0.001074239500596628,
                0.0011940527221762358,
                0.0013686272897236768,
                0.00156594479491568,
                0.00174335538628438,
                0.001887940933419518,
                0.002126138173617579,
                0.0022743396991170284,
                0.0024520803279488384,
                0.0026758457982724603,
                0.002871086758775881,
                0.0030497872541103317,
                0.0032172763460393754,
                0.003420567289360171,
                0.0036202590130114264,
                0.0037369291254647505,
                0.003939441192221592,
                0.0040552660092280255,
                0.004207486325710412,
                0.004317882037415858
            ],
            "ler_x": [
                0.03537991124580582,
                0.04193778199952505,
                0.04676335337813937,
                0.055335403219217254,
                0.06434803112473474,
                0.07143802440380086,
                0.0793742423367777,
                0.08648026315789474,
                0.09822695035460993,
                0.10469021424435437,
                0.11814147964843416,
                0.12863032099680394,
                0.13938790743966162,
                0.14874980092371395,
                0.15895556573522676,
                0.1725326113709082,
                0.1822786433288453,
                0.1927918013618543,
                0.20525298790524582,
                0.2197346600331675,
                0.22886662492172824
            ],
            "ler_z": [
                0.0342298950102825,
                0.04008549038233199,
                0.04525999292536258,
                0.051168396110793365,
                0.059042678613534544,
                0.06812948307350256,
                0.07345725336258153,
                0.08825657894736842,
                0.0900354609929078,
                0.10210384095734414,
                0.11165628466592713,
                0.1225624160452082,
                0.13052998258273202,
                0.1408398364920104,
                0.1570659642693541,
                0.16884075806054638,
                0.17753414118099634,
                0.1935483870967742,
                0.19938452730265513,
                0.2066184230363335,
                0.2190826549780839
            ],
            "per": [
                0.12,
                0.125,
                0.13,
                0.135,
                0.13999999999999999,
                0.145,
                0.15,
                0.155,
                0.16,
                0.16499999999999998,
                0.16999999999999998,
                0.175,
                0.18,
                0.185,
                0.19,
                0.195,
                0.2,
                0.20500000000000002,
                0.21,
                0.215,
                0.22
            ],
            "ratio": null
        }
    },
    "distance_array": [
        3,
        5,
        7,
        9,
        11,
        13,
        17,
        21
    ],
    "ler_distances": [
        [
            0.12116218770446119,
            0.13011684492674422,
            0.13886960144424385,
            0.14976785981728322,
            0.1545069682642687,
            0.1657550140891762,
            0.17390699453932038,
            0.1821161901293025,
            0.18982536066818528,
            0.19968848596189945,
            0.20718518211577508,
            0.22338381807621857,
            0.22209390130147025,
            0.23633957269805256,
            0.2467186420605941,
            0.2526273241713824,
            0.26055237102657636,
            0.26949819436209776,
            0.28041052100274805,
            0.29301453352086265,
            0.29580547831745846
        ],
        [
            0.11186182826972124,
            0.12118568069996849,
            0.13117506624340844,
            0.14042182716881513,
            0.15103458692040478,
            0.15834811249049913,
            0.1737740242588538,
            0.18577691907557406,
            0.19511433700148287,
            0.2083420142505938,
            0.21962575770886408,
            0.23024498065942162,
            0.24066230265691183,
            0.2557021581262146,
            0.2679672008146203,
            0.2790801518196026,
            0.28498147620404674,
            0.30031833743768394,
            0.3119930113565456,
            0.3268614761064261,
            0.33386752136752135
        ],
        [
            0.09383503800319039,
            0.10246741536191491,
            0.11570324431897071,
            0.12777593212542485,
            0.13988753042553786,
            0.15300345787814804,
            0.16542049890822472,
            0.1799143607642762,
            0.19276736833988742,
            0.20636427421684758,
            0.2214937538761407,
            0.23329600597237776,
            0.24634182391486426,
            0.25849144393320583,
            0.2750426316078992,
            0.2869605142332415,
            0.30588523186100575,
            0.3193459794341189,
            0.32339434706681325,
            0.3468849729429721,
            0.3629764065335753
        ],
        [
            0.08085120144885354,
            0.09131586156515387,
            0.1041297873669742,
            0.11450294272562805,
            0.1294632453846353,
            0.1427510991834637,
            0.1557923599426684,
            0.17361713948400986,
            0.18354012187064092,
            0.20177562550443906,
            0.21202612161818335,
            0.22680880018144703,
            0.24384296513045597,
            0.2625636716903849,
            0.2815949538184276,
            0.29931158335827596,
            0.3162555344718533,
            0.3263281555932646,
            0.3501155381275821,
            0.3559732308130429,
            0.37503750375037503
        ],
        [
            0.06764801385431324,
            0.07915776141850708,
            0.08843296781039972,
            0.10213252716725223,
            0.11789672247111531,
            0.13234165321193192,
            0.14431680424868673,
            0.16447368421052633,
            0.1773049645390071,
            0.19301293186643506,
            0.21332878231931052,
            0.23159942563342442,
            0.24881811395869619,
            0.2654350480437437,
            0.2863032524049473,
            0.3076544425301501,
            0.32057446944925305,
            0.3439026067817594,
            0.3578329635726043,
            0.37690336197798885,
            0.3913587977457733
        ]
    ],
    "n_logical_errors": 5000,
    "n_runs": 1000000,