{
    "bias": 3,
    "data": {
        "11": {
            "ler": [
                0.16008196196452584,
                0.1787661559913477,
                0.19906439733253709,
                0.21735350373848025,
                0.23703984639817954,
                0.2554996295255372,
                0.2791580592931718,
                0.2961734391659756,
                0.3094729675362857,
                0.3284503711489194,
                0.3562014675500463
            ],
            "ler_eb": [
                0.0014671038355365026,
                0.0016200138259771703,
                0.0017815269353291553,
                0.0019228679824275167,
                0.002070485939447823,
                0.0022045641148893402,
                0.002370119230619177,
                0.0024847284602593925,
                0.002571657110145158,
                0.00269158942706036,
                0.002858055747411582
            ],
            "ler_x": [
                0.07576679259781008,
                0.08532508625467027,
                0.09541156564148502,
                0.10398191618848895,
                0.11555692511911252,
                0.1236107207644549,
                0.13770867064932166,
                0.14764245942423884,
                0.15563395537399807,
                0.16386389016619587,
                0.1838711975493339
            ],
            "ler_z": [
                0.08431516936671576,
                0.09344106973667746,
                0.10365283169105205,
                0.11337158754999131,
                0.12148292127906701,
                0.1318889087610823,
                0.14144938864385015,
                0.14853097974173676,
                0.15383901216228762,
                0.16458648098272352,
                0.1723302700007124
            ],
            "per": [
                0.15,
                0.155,
                0.16,
                0.165,
                0.17,
                0.175,
                0.18,
                0.185,
                0.19,
                0.195,
                0.2
            ]
        }
    },
    "distance_array": [
        5,
        7,
        9,
        11,
        13
    ],
    "ler_distances": [
        [
            0.1871747838131247,
            0.19528198718950163,
            0.2114299004165169,
            0.21791239921551536,
            0.23087223530498222,
            0.2398541686654514,
            0.25666692333359,
            0.26783083804269225,
            0.27667874830534267,
            0.28591851322373124,
            0.3024437454633438
        ],
        [
            0.17582417582417584,
            0.1916332905352318,
            0.2081902025690671,
            0.22346368715083798,
            0.23165307635285395,
            0.24743288383026105,
            0.26087863925701765,
            0.27542139473394295,
            0.29049500348594004,
            0.30262680062946373,
            0.3195398625978591
        ],
        [
            0.1701258931609391,
            0.185901249256395,
            0.20335122824141857,
            0.2179361447096001,
            0.23838470523731198,
            0.2508214402167097,
            0.2677734636497523,
            0.2861312197773899,
            0.30501753850846425,
            0.32036906516306785,
            0.340657468915006
        ],
        [
            0.16008196196452584,
            0.1787661559913477,
            0.19906439733253709,
            0.21735350373848025,
            0.23703984639817954,
            0.2554996295255372,
            0.2791580592931718,
            0.2961734391659756,
            0.3094729675362857,
            0.3284503711489194,
            0.3562014675500463
        ]
    ],
    "n_logical_errors": 10000,
    "n_runs": 1000000,
    "per_list": [
        0.15,
        0.155,
        0.16,
        0.165,
        0.17,
        0.175,
        0.18,
        0.185,
        0.19,
        0.195,
        0.2
    ]
}
