{
    "bias": 3,
    "code": "ColourCode",
    "data": {
        "7": {
            "ler": [
                0.09383503800319039,
                0.10246741536191491,
                0.11570324431897071,
                0.12777593212542485,
                0.13988753042553786,
                0.15300345787814804,
                0.16542049890822472,
                0.1799143607642762,
                0.19276736833988742,
                0.20636427421684758,
                0.2214937538761407,
                0.23329600597237776,
                0.24634182391486426,
                0.25849144393320583,
                0.2750426316078992,
                0.2869605142332415,
                0.30588523186100575,
                0.3193459794341189,
                0.32339434706681325,
                0.3468849729429721,
                0.3629764065335753
            ],
            "ler_eb": [
                0.0012632335888699924,
                0.0013728588628520162,
                0.001538719828893589,
                0.0016876333100931359,
                0.0018347277219362362,
                0.0019913933956289625,
                0.002137165628153098,
                0.0023041483191477093,
                0.002449333209890871,
                0.0025999207909766973,
                0.0027638058525117407,
                0.002888924316279993,
                0.0030244078591055725,
                0.0031478878668658406,
                0.0033118544852175917,
                0.0034268408073917602,
                0.003604036244793255,
                0.0037259726071226947,
                0.0037619691774184913,
                0.003964562991306694,
                0.00409704895641433
            ],
            "ler_x": [
                0.05127146476494323,
                0.05678744159357325,
                0.06532605174249086,
                0.07027676266898367,
                0.07749769185574798,
                0.08522292603812846,
                0.09299940448620393,
                0.10139973372674607,
                0.10714010332330944,
                0.11709108919063932,
                0.12492247718614335,
                0.1332120194102277,
                0.14110459673843426,
                0.14708163159799412,
                0.15682930854282415,
                0.16735537190082644,
                0.17765814266487215,
                0.18387941495816568,
                0.19022055494469955,
                0.20063826835021506,
                0.21531760435571687
            ],
            "ler_z": [
                0.04719902411560477,
                0.05086482498565456,
                0.057365668533345675,
                0.06501239426541616,
                0.07100691044400302,
                0.07861317665779247,
                0.08413286574472309,
                0.09175632398978087,
                0.09985349680006168,
                0.10735069544760412,
                0.11535394701869407,
                0.12192049272116462,
                0.1297236044735675,
                0.1375174481724655,
                0.1479179272787282,
                0.1507690541781451,
                0.16322035972103266,
                0.17283004406974517,
                0.17308065455015847,
                0.18835854030803387,
                0.19891107078039927
            ],
            "per": [
                0.12,
                0.125,
                0.13,
                0.135,
                0.13999999999999999,
                0.145,
                0.15,
                0.155,
                0.16,
                0.16499999999999998,
                0.16999999999999998,
                0.175,
                0.18,
                0.185,
                0.19,
                0.195,
                0.2,
                0.20500000000000002,
                0.21,
                0.215,
                0.22
            ],
            "ratio": null
        }
    },
    "distance_array": [
        3,
        5,
        7,
        9,
        11,
        13,
        17,
        21
    ],
    "ler_distances": [
        [
            0.12116218770446119,
            0.13011684492674422,
            0.13886960144424385,
            0.14976785981728322,
            0.1545069682642687,
            0.1657550140891762,
            0.17390699453932038,
            0.1821161901293025,
            0.18982536066818528,
            0.19968848596189945,
            0.20718518211577508,
            0.22338381807621857,
            0.22209390130147025,
            0.23633957269805256,
            0.2467186420605941,
            0.2526273241713824,
            0.26055237102657636,
            0.26949819436209776,
            0.28041052100274805,
            0.29301453352086265,
            0.29580547831745846
        ],
        [
            0.11186182826972124,
            0.12118568069996849,
            0.13117506624340844,
            0.14042182716881513,
            0.15103458692040478,
            0.15834811249049913,
            0.1737740242588538,
            0.18577691907557406,
            0.19511433700148287,
            0.2083420142505938,
            0.21962575770886408,
            0.23024498065942162,
            0.24066230265691183,
            0.2557021581262146,
            0.2679672008146203,
            0.2790801518196026,
            0.28498147620404674,
            0.30031833743768394,
            0.3119930113565456,
            0.3268614761064261,
            0.33386752136752135
        ],
        [
            0.09383503800319039,
            0.10246741536191491,
            0.11570324431897071,
            0.12777593212542485,
            0.13988753042553786,
            0.15300345787814804,
            0.16542049890822472,
            0.1799143607642762,
            0.19276736833988742,
            0.20636427421684758,
            0.2214937538761407,
            0.23329600597237776,
            0.24634182391486426,
            0.25849144393320583,
            0.2750426316078992,
            0.2869605142332415,
            0.30588523186100575,
            0.3193459794341189,
            0.32339434706681325,
            0.3468849729429721,
            0.3629764065335753
        ]
    ],
    "n_logical_errors": 5000,
    "n_runs": 1000000,
    "per_list": [
        0.12,
        0.125,
        0.13,
        0.135,
        0.13999999999999999,
        0.145,
        0.15,
        0.155,
        0.16,
        0.16499999999999998,
        0.16999999999999998,
        0.175,
        0.18,
        0.185,
        0.19,
        0.195,
        0.2,
        0.20500000000000002,
        0.21,
        0.215,
        0.22
    ]
}
