{
    "bias": 3,
    "code": "ColourCode",
    "data": {
        "17": {
            "ler": [
                0.03921261077562544,
                0.04944229095799383,
                0.05932394433041064,
                0.07270083605961468,
                0.08799718409010912,
                0.1060625344703237,
                0.12271745533084626,
                0.13839298070801848,
                0.16252234682268812,
                0.18294914013904134,
                0.20249473513688643,
                0.22623410705397945,
                0.25206694898164955,
                0.27148829885431935,
                0.3014954172696575,
                0.3278043663541598,
                0.3401129174886062,
                0.3710024486161609,
                0.39553832766395064,
                0.41271151465125877,
                0.4432231185178619
            ],
            "ler_eb": [
                0.0005435686529721514,
                0.0006817149654442254,
                0.0008137013963258288,
                0.0009900664345549703,
                0.0011884525926526318,
                0.0014181774263145154,
                0.0016255153805801565,
                0.0018167019204669477,
                0.0021033652588618628,
                0.0023386752316337045,
                0.0025573814652178084,
                0.002814348459856005,
                0.003082920070183715,
                0.0032770599012414215,
                0.003563529373587568,
                0.0038008223872903826,
                0.003907265638544599,
                0.004161177592523127,
                0.004348985453294299,
                0.0044728808213009555,
                0.0046771144792370975
            ],
            "ler_x": [
                0.01977099835307035,
                0.02539356063602563,
                0.0305399665412954,
                0.03748455107233733,
                0.0441921858500528,
                0.056488905858894406,
                0.0636903593167092,
                0.0733482797752498,
                0.08766455387615797,
                0.09714599341383096,
                0.1076867001457962,
                0.12207592416632732,
                0.13641863278886873,
                0.14904707607102133,
                0.16262662807525324,
                0.18075132760768373,
                0.19093939187810352,
                0.20568375751279958,
                0.2260897080927142,
                0.24028064382996286,
                0.2538782022870313
            ],
            "ler_z": [
                0.020092541761430476,
                0.025067241515702873,
                0.03004164540891995,
                0.037339149400218104,
                0.046691305878211894,
                0.05358279241440753,
                0.0644266640486943,
                0.0718536355836032,
                0.08477165610271413,
                0.09813391877058178,
                0.10829418435120687,
                0.12216641780914891,
                0.13737648719499898,
                0.14622359776293642,
                0.16938012542209357,
                0.18317707991870452,
                0.18808244337119923,
                0.21369741040290866,
                0.2235582627956649,
                0.2359059017746595,
                0.2563602517507313
            ],
            "per": [
                0.12,
                0.125,
                0.13,
                0.135,
                0.13999999999999999,
                0.145,
                0.15,
                0.155,
                0.16,
                0.16499999999999998,
                0.16999999999999998,
                0.175,
                0.18,
                0.185,
                0.19,
                0.195,
                0.2,
                0.20500000000000002,
                0.21,
                0.215,
                0.22
            ],
            "ratio": null
        }
    },
    "distance_array": [
        3,
        5,
        7,
        9,
        11,
        13,
        17,
        21
    ],