{
    "bias": 0.5,
    "code": "XZZX",
    "data": {
        "9": {
            "ler": [
                0.045471080392870136,
                0.07152308407538534,
                0.09560686457287633,
                0.13366303548753591,
                0.16795431642593214,
                0.21708455443395203,
                0.2576655501159495,
                0.31590586005370397,
                0.34258307639602603,
                0.39315903282877923,
                0.4435573297848747
            ],
            "ler_eb": [
                0.0009933786476988811,
                0.0015410502152181128,
                0.002033071753595161,
                0.0027818886617940997,
                0.0034257033930229952,
                0.004295080986877222,
                0.004964107379132026,
                0.005842525538286006,
                0.006211140409557011,
                0.006848425033834935,
                0.007398522101899899
            ],
            "ler_x": [
                0.02373590396507821,
                0.03762114222365268,
                0.05277498924422774,
                0.07318051192942591,
                0.08977158212966073,
                0.11462064474112667,
                0.13952589538778665,
                0.17864476386036962,
                0.18944844124700239,
                0.22842539807352075,
                0.2643601685517853
            ],
            "ler_z": [
                0.022735540196435068,
                0.036548295962521904,
                0.04766002198957885,
                0.06749983292120564,
                0.09052737655357743,
                0.11896233582980571,
                0.14145838701365626,
                0.1704312114989733,
                0.19767043508050702,
                0.223510910163161,
                0.24972277666888446
            ],
            "per": [
                0.1,
                0.11,
                0.12000000000000001,
                0.13,
                0.14,
                0.15000000000000002,
                0.16,
                0.17,
                0.18,
                0.19,
                0.2
            ],
            "ratio": 1.0
        }
    },
    "distance_array": [
        [
            3,
            3
        ],
        [
            5,
            5
        ],
        [
            7,
            7
        ],
        [
            9,
            9
        ]
    ],
    "ler_distances": [
        [
            0.13866740622616655,
            0.15856655831285182,
            0.1873009926952613,
            0.20060180541624875,
            0.2207261891623441,
            0.25233409033560433,
            0.2613354240167255,
            0.2940744008234083,
            0.3069838833461243,
            0.335401643468053,
            0.35848718408316904
        ],
        [
            0.09670244657189826,
            0.11999760004799905,
            0.1440922190201729,
            0.16563146997929606,
            0.2039983680130559,
            0.21913005368686314,
            0.26360880453407143,
            0.2904443799012489,
            0.315357931251971,
            0.3410059676044331,
            0.37418147801683815
        ],
        [
            0.06948063227375369,
            0.08989168052496742,
            0.11903344839900012,
            0.150681835304754,
            0.18608113137327875,
            0.21447721179624665,
            0.2560163850486431,
            0.30501753850846425,
            0.3244646333549643,
            0.37864445285876563,
            0.4222972972972973
        ],
        [
            0.045471080392870136,
            0.07152308407538534,
            0.09560686457287633,
            0.13366303548753591,
            0.16795431642593214,
            0.21708455443395203,
            0.2576655501159495,
            0.31590586005370397,
            0.34258307639602603,
            0.39315903282877923,
            0.4435573297848747
        ]
    ],
    "n_logical_errors": 2000,
    "n_runs": 100000,
    "per_list": [
        0.1,
        0.11,
        0.12000000000000001,
        0.13,
        0.14,
        0.15000000000000002,
        0.16,
        0.17,
        0.18,
        0.19,
        0.2
    ]
}
