{
    "bias": 0.5,
    "code": "XZZX",
    "data": {
        "7": {
            "ler": [
                0.06753197639082105,
                0.09149633099712702,
                0.12213889635293255,
                0.15298941313261122,
                0.189623786407767,
                0.22383382576775002,
                0.2620819792431072,
                0.294967848504513,
                0.3304911097891467,
                0.3791325447376403,
                0.41125185063332786
            ],
            "ler_eb": [
                0.0009222346421460802,
                0.001233337736442746,
                0.0016183851790434558,
                0.0019912271072458094,
                0.0024140772017897487,
                0.0027888045066201393,
                0.003183876518068918,
                0.003502629003713006,
                0.0038243088051610223,
                0.004224793744693198,
                0.004462596706923606
            ],
            "ler_x": [
                0.035008576561001634,
                0.046992515600124435,
                0.06409849280601901,
                0.08279787038736919,
                0.1014866504854369,
                0.12207896857373086,
                0.14262501310409897,
                0.16435608518671466,
                0.1859342983673739,
                0.2156505914467698,
                0.24074683336075012
            ],
            "ler_z": [
                0.034765461445994676,
                0.048694347356671,
                0.06424505948164252,
                0.08099259531240438,
                0.10296571601941748,
                0.12203420180857731,
                0.14676590837614006,
                0.16724677010205888,
                0.1897018970189702,
                0.2211101000909918,
                0.2326862970883369
            ],
            "per": [
                0.1,
                0.11,
                0.12000000000000001,
                0.13,
                0.14,
                0.15000000000000002,
                0.16,
                0.17,
                0.18,
                0.19,
                0.2
            ],
            "ratio": 1.0
        }
    },
    "distance_array": [
        [
            3,
            3
        ],
        [
            5,
            5
        ],
        [
            7,
            7
        ],
        [
            9,
            9
        ]
    ],
    "ler_distances": [
        [
            0.1367465266382234,
            0.15902296291584506,
            0.179830240253201,
            0.20727106910417445,
            0.22555034283652112,
            0.24585730442051434,
            0.28067811833389467,
            0.29231218941829873,
            0.3178841630109988,
            0.3378834977699689,
            0.35793542844870785
        ],
        [
            0.09525442456802119,
            0.11932604648942771,
            0.14285714285714285,
            0.17193356487053402,
            0.20293855020699733,
            0.2309148847734725,
            0.2574930476877124,
            0.29091755396520624,
            0.3233525189161224,
            0.346716593856182,
            0.37450378248820315
        ],
        [
            0.06753197639082105,
            0.09149633099712702,
            0.12213889635293255,
            0.15298941313261122,
            0.189623786407767,
            0.22383382576775002,
            0.2620819792431072,
            0.294967848504513,
            0.3304911097891467,
            0.3791325447376403,
            0.41125185063332786
        ]
    ],
    "n_logical_errors": 5000,
    "n_runs": 100000,
    "per_list": [
        0.1,
        0.11,
        0.12000000000000001,
        0.13,
        0.14,
        0.15000000000000002,
        0.16,
        0.17,
        0.18,
        0.19,
        0.2
    ]
}
