{
    "bias": 0.5,
    "code": "XZZX",
    "data": {
        "3": {
            "ler": [
                0.1367465266382234,
                0.15902296291584506,
                0.179830240253201,
                0.20727106910417445,
                0.22555034283652112,
                0.24585730442051434,
                0.28067811833389467,
                0.29231218941829873,
                0.3178841630109988,
                0.3378834977699689,
                0.35793542844870785
            ],
            "ler_eb": [
                0.001796803021048829,
                0.002062371542985198,
                0.0023031891107716,
                0.002609852958210949,
                0.0028070819092628485,
                0.003019429390123721,
                0.0033665509382195895,
                0.0034776252563923906,
                0.0037128974667451943,
                0.003888205276123278,
                0.004056103591031707
            ],
            "ler_x": [
                0.07512854173503992,
                0.08978436486228611,
                0.10268306718457776,
                0.11922231894872114,
                0.1293305665824612,
                0.1441707233121896,
                0.16138991804198943,
                0.1705349313066355,
                0.18799669400470467,
                0.19813488309230978,
                0.21304316701267093
            ],
            "ler_z": [
                0.0743080625752106,
                0.08555435404872463,
                0.09901453028341246,
                0.11271400737885005,
                0.12355647780584626,
                0.13458228843978953,
                0.15942517121365218,
                0.16474714995615317,
                0.17979528259902092,
                0.19110690633869443,
                0.20702985181473263
            ],
            "per": [
                0.1,
                0.11,
                0.12000000000000001,
                0.13,
                0.14,
                0.15000000000000002,
                0.16,
                0.17,
                0.18,
                0.19,
                0.2
            ],
            "ratio": 1.0
        }
    },
    "distance_array": [
        [
            3,
            3
        ],
        [
            5,
            5
        ],
        [
            7,
            7
        ],
        [
            9,
            9
        ]
    ],
    "ler_distances": [
        [
            0.1367465266382234,
            0.15902296291584506,
            0.179830240253201,
            0.20727106910417445,
            0.22555034283652112,
            0.24585730442051434,
            0.28067811833389467,
            0.29231218941829873,
            0.3178841630109988,
            0.3378834977699689,
            0.35793542844870785
        ]
    ],
    "n_logical_errors": 5000,
    "n_runs": 100000,
    "per_list": [
        0.1,
        0.11,
        0.12000000000000001,
        0.13,
        0.14,
        0.15000000000000002,
        0.16,
        0.17,
        0.18,
        0.19,
        0.2
    ]
}
