{
    "bias": 0.5,
    "code": "XZZX",
    "data": {
        "9": {
            "ler": [
                0.04695655665301534,
                0.07242388249949304,
                0.10037137408411122,
                0.1332551569745749,
                0.1719513033908797,
                0.21383970575656489,
                0.25938991492010793,
                0.30207829869502173,
                0.3435245620061834,
                0.3933910306845004,
                0.43021855102392015
            ],
            "ler_eb": [
                0.0006702278692315375,
                0.000986442056018491,
                0.0013463454301312658,
                0.0017544647874271648,
                0.002212831825321068,
                0.0026813832912131377,
                0.0031569150487325832,
                0.0035689287335293005,
                0.003936244195313865,
                0.004333051645057124,
                0.004592596428284208
            ],
            "ler_x": [
                0.02371918413233759,
                0.03718242127523972,
                0.052514302920806985,
                0.07129150898139758,
                0.09003370245546462,
                0.11679924728423574,
                0.1420937953932351,
                0.1693450942484292,
                0.1953280659567159,
                0.22163650668764753,
                0.2517638960591981
            ],
            "ler_z": [
                0.02435156187264113,
                0.03779078188823547,
                0.05211281742447054,
                0.06937263472096371,
                0.09330077721989133,
                0.11513129757933453,
                0.14188628346129903,
                0.17007008216529723,
                0.19257986946066644,
                0.23029110936270653,
                0.24582688005506798
            ],
            "per": [
                0.1,
                0.11,
                0.12000000000000001,
                0.13,
                0.14,
                0.15000000000000002,
                0.16,
                0.17,
                0.18,
                0.19,
                0.2
            ],
            "ratio": 1.0
        }
    },
    "distance_array": [
        [
            3,
            3
        ],
        [
            5,
            5
        ],
        [
            7,
            7
        ],
        [
            9,
            9
        ]
    ],
    "ler_distances": [
        [
            0.1367465266382234,
            0.15902296291584506,
            0.179830240253201,
            0.20727106910417445,
            0.22555034283652112,
            0.24585730442051434,
            0.28067811833389467,
            0.29231218941829873,
            0.3178841630109988,
            0.3378834977699689,
            0.35793542844870785
        ],
        [
            0.09525442456802119,
            0.11932604648942771,
            0.14285714285714285,
            0.17193356487053402,
            0.20293855020699733,
            0.2309148847734725,
            0.2574930476877124,
            0.29091755396520624,
            0.3233525189161224,
            0.346716593856182,
            0.37450378248820315
        ],
        [
            0.06753197639082105,
            0.09149633099712702,
            0.12213889635293255,
            0.15298941313261122,
            0.189623786407767,
            0.22383382576775002,
            0.2620819792431072,
            0.294967848504513,
            0.3304911097891467,
            0.3791325447376403,
            0.41125185063332786
        ],
        [
            0.04695655665301534,
            0.07242388249949304,
            0.10037137408411122,
            0.1332551569745749,
            0.1719513033908797,
            0.21383970575656489,
            0.25938991492010793,
            0.30207829869502173,
            0.3435245620061834,
            0.3933910306845004,
            0.43021855102392015
        ]
    ],
    "n_logical_errors": 5000,
    "n_runs": 100000,
    "per_list": [
        0.1,
        0.11,
        0.12000000000000001,
        0.13,
        0.14,
        0.15000000000000002,
        0.16,
        0.17,
        0.18,
        0.19,
        0.2
    ]
}
