{
    "bias": 0.5,
    "code": "XZZX",
    "data": {
        "3": {
            "ler": [
                0.13866740622616655,
                0.15856655831285182,
                0.1873009926952613,
                0.20060180541624875,
                0.2207261891623441,
                0.25233409033560433,
                0.2613354240167255,
                0.2940744008234083,
                0.3069838833461243,
                0.335401643468053,
                0.35848718408316904
            ],
            "ler_eb": [
                0.002877695483475675,
                0.003252418976676727,
                0.0037756345011127315,
                0.004010526783759057,
                0.0043569633623282,
                0.004878819145460711,
                0.005022349373309971,
                0.005524865229497586,
                0.005714421157500464,
                0.00611406174067654,
                0.006420388451707356
            ],
            "ler_x": [
                0.07730707897108785,
                0.09196860382145405,
                0.10123618655178872,
                0.1160481444332999,
                0.12471029687672443,
                0.14332576331062327,
                0.14856918855350842,
                0.16850463167181298,
                0.17712970069071374,
                0.1955391581418749,
                0.2176017207384836
            ],
            "ler_z": [
                0.07474173195590376,
                0.08451597558075002,
                0.10535680839108447,
                0.10651955867602808,
                0.12316521355258801,
                0.14433509967196567,
                0.14856918855350842,
                0.17115130127922365,
                0.18019953952417497,
                0.18966962938118398,
                0.19860189998207564
            ],
            "per": [
                0.1,
                0.11,
                0.12000000000000001,
                0.13,
                0.14,
                0.15000000000000002,
                0.16,
                0.17,
                0.18,
                0.19,
                0.2
            ],
            "ratio": 1.0
        }
    },
    "distance_array": [
        [
            3,
            3
        ],
        [
            5,
            5
        ],
        [
            7,
            7
        ],
        [
            9,
            9
        ]
    ],
    "ler_distances": [
        [
            0.13866740622616655,
            0.15856655831285182,
            0.1873009926952613,
            0.20060180541624875,
            0.2207261891623441,
            0.25233409033560433,
            0.2613354240167255,
            0.2940744008234083,
            0.3069838833461243,
            0.335401643468053,
            0.35848718408316904
        ]
    ],
    "n_logical_errors": 2000,
    "n_runs": 100000,
    "per_list": [
        0.1,
        0.11,
        0.12000000000000001,
        0.13,
        0.14,
        0.15000000000000002,
        0.16,
        0.17,
        0.18,
        0.19,
        0.2
    ]
}
