{
    "bias": 0.5,
    "code": "XZZX",
    "data": {
        "7": {
            "ler": [
                0.06948063227375369,
                0.08989168052496742,
                0.11903344839900012,
                0.150681835304754,
                0.18608113137327875,
                0.21447721179624665,
                0.2560163850486431,
                0.30501753850846425,
                0.3244646333549643,
                0.37864445285876563,
                0.4222972972972973
            ],
            "ler_eb": [
                0.0014986888370900685,
                0.0019175691935596068,
                0.002498237523733014,
                0.0031051394562910573,
                0.003753858502709731,
                0.004250554134085821,
                0.004937810839610112,
                0.005685867522069701,
                0.005963159326449949,
                0.006674007508009941,
                0.0071772075247402015
            ],
            "ler_x": [
                0.037067917318047594,
                0.047103240595082925,
                0.06189739316748006,
                0.08136819106456716,
                0.10271678451804987,
                0.1195710455764075,
                0.14477726574500768,
                0.17263992679579077,
                0.1818624269954575,
                0.20503597122302158,
                0.24577702702702703
            ],
            "ler_z": [
                0.03484453708528747,
                0.04629421547035822,
                0.06267111058207356,
                0.07940932720560537,
                0.09787867510234462,
                0.11378016085790885,
                0.1388888888888889,
                0.17462254079609577,
                0.1828358208955224,
                0.22624006058311247,
                0.24535472972972974
            ],
            "per": [
                0.1,
                0.11,
                0.12000000000000001,
                0.13,
                0.14,
                0.15000000000000002,
                0.16,
                0.17,
                0.18,
                0.19,
                0.2
            ],
            "ratio": 1.0
        }
    },
    "distance_array": [
        [
            3,
            3
        ],
        [
            5,
            5
        ],
        [
            7,
            7
        ],
        [
            9,
            9
        ]
    ],
    "ler_distances": [
        [
            0.13866740622616655,
            0.15856655831285182,
            0.1873009926952613,
            0.20060180541624875,
            0.2207261891623441,
            0.25233409033560433,
            0.2613354240167255,
            0.2940744008234083,
            0.3069838833461243,
            0.335401643468053,
            0.35848718408316904
        ],
        [
            0.09670244657189826,
            0.11999760004799905,
            0.1440922190201729,
            0.16563146997929606,
            0.2039983680130559,
            0.21913005368686314,
            0.26360880453407143,
            0.2904443799012489,
            0.315357931251971,
            0.3410059676044331,
            0.37418147801683815
        ],
        [
            0.06948063227375369,
            0.08989168052496742,
            0.11903344839900012,
            0.150681835304754,
            0.18608113137327875,
            0.21447721179624665,
            0.2560163850486431,
            0.30501753850846425,
            0.3244646333549643,
            0.37864445285876563,
            0.4222972972972973
        ]
    ],
    "n_logical_errors": 2000,
    "n_runs": 100000,
    "per_list": [
        0.1,
        0.11,
        0.12000000000000001,
        0.13,
        0.14,
        0.15000000000000002,
        0.16,
        0.17,
        0.18,
        0.19,
        0.2
    ]
}
