{
    "bias": 0.5,
    "code": "XZZX",
    "data": {
        "5": {
            "ler": [
                0.09670244657189826,
                0.11999760004799905,
                0.1440922190201729,
                0.16563146997929606,
                0.2039983680130559,
                0.21913005368686314,
                0.26360880453407143,
                0.2904443799012489,
                0.315357931251971,
                0.3410059676044331,
                0.37418147801683815
            ],
            "ler_eb": [
                0.002055123290143474,
                0.0025170943261161745,
                0.002980842426788785,
                0.003383037533175353,
                0.0040697588319620484,
                0.004329884397966543,
                0.005058237388779099,
                0.005470678608611576,
                0.005834727136026497,
                0.006189958285334838,
                0.006618986488707592
            ],
            "ler_x": [
                0.050623730780388745,
                0.06503869922601548,
                0.075,
                0.09474120082815735,
                0.11372909016727867,
                0.12369891530623425,
                0.14287597205746672,
                0.16366540807435376,
                0.17675812046672973,
                0.1969309462915601,
                0.21739943872778297
            ],
            "ler_z": [
                0.05125229668310608,
                0.0620987580248395,
                0.07896253602305475,
                0.08397515527950311,
                0.10781313749490004,
                0.11690588364194149,
                0.1505206273889548,
                0.163955852454255,
                0.1803847366761274,
                0.1938618925831202,
                0.21328344246959777
            ],
            "per": [
                0.1,
                0.11,
                0.12000000000000001,
                0.13,
                0.14,
                0.15000000000000002,
                0.16,
                0.17,
                0.18,
                0.19,
                0.2
            ],
            "ratio": 1.0
        }
    },
    "distance_array": [
        [
            3,
            3
        ],
        [
            5,
            5
        ],
        [
            7,
            7
        ],
        [
            9,
            9
        ]
    ],
    "ler_distances": [
        [
            0.13866740622616655,
            0.15856655831285182,
            0.1873009926952613,
            0.20060180541624875,
            0.2207261891623441,
            0.25233409033560433,
            0.2613354240167255,
            0.2940744008234083,
            0.3069838833461243,
            0.335401643468053,
            0.35848718408316904
        ],
        [
            0.09670244657189826,
            0.11999760004799905,
            0.1440922190201729,
            0.16563146997929606,
            0.2039983680130559,
            0.21913005368686314,
            0.26360880453407143,
            0.2904443799012489,
            0.315357931251971,
            0.3410059676044331,
            0.37418147801683815
        ]
    ],
    "n_logical_errors": 2000,
    "n_runs": 100000,
    "per_list": [
        0.1,
        0.11,
        0.12000000000000001,
        0.13,
        0.14,
        0.15000000000000002,
        0.16,
        0.17,
        0.18,
        0.19,
        0.2
    ]
}
