{
    "bias": 0.5,
    "code": "XZZX",
    "data": {
        "5": {
            "ler": [
                0.09525442456802119,
                0.11932604648942771,
                0.14285714285714285,
                0.17193356487053402,
                0.20293855020699733,
                0.2309148847734725,
                0.2574930476877124,
                0.29091755396520624,
                0.3233525189161224,
                0.346716593856182,
                0.37450378248820315
            ],
            "ler_eb": [
                0.0012813370664704862,
                0.0015836449697941813,
                0.001870439059165649,
                0.002212627248433973,
                0.0025622733154087455,
                0.0028638754683422206,
                0.003137839802808238,
                0.0034644419784314712,
                0.003761598867246864,
                0.003963149349115812,
                0.0041887414093531436
            ],
            "ler_x": [
                0.05065630298527367,
                0.06395876091833326,
                0.07725714285714286,
                0.0909528558165125,
                0.11011445734231674,
                0.12746501639495683,
                0.14465959419095684,
                0.1652993541630302,
                0.1842462652784065,
                0.19887663823590598,
                0.21788630065163658
            ],
            "ler_z": [
                0.049894267588729495,
                0.06276550045343898,
                0.07648571428571428,
                0.0939788865582339,
                0.11177855345401412,
                0.12441693991594698,
                0.13894324853228962,
                0.16175016000465467,
                0.18288818469895882,
                0.19575618889120033,
                0.2158639802262003
            ],
            "per": [
                0.1,
                0.11,
                0.12000000000000001,
                0.13,
                0.14,
                0.15000000000000002,
                0.16,
                0.17,
                0.18,
                0.19,
                0.2
            ],
            "ratio": 1.0
        }
    },
    "distance_array": [
        [
            3,
            3
        ],
        [
            5,
            5
        ],
        [
            7,
            7
        ],
        [
            9,
            9
        ]
    ],
    "ler_distances": [
        [
            0.1367465266382234,
            0.15902296291584506,
            0.179830240253201,
            0.20727106910417445,
            0.22555034283652112,
            0.24585730442051434,
            0.28067811833389467,
            0.29231218941829873,
            0.3178841630109988,
            0.3378834977699689,
            0.35793542844870785
        ],
        [
            0.09525442456802119,
            0.11932604648942771,
            0.14285714285714285,
            0.17193356487053402,
            0.20293855020699733,
            0.2309148847734725,
            0.2574930476877124,
            0.29091755396520624,
            0.3233525189161224,
            0.346716593856182,
            0.37450378248820315
        ]
    ],
    "n_logical_errors": 5000,
    "n_runs": 100000,
    "per_list": [
        0.1,
        0.11,
        0.12000000000000001,
        0.13,
        0.14,
        0.15000000000000002,
        0.16,
        0.17,
        0.18,
        0.19,
        0.2
    ]
}
