{
    "bias": 3,
    "data": {
        "11": {
            "ler": [
                0.0808,
                0.0897,
                0.0973,
                0.1038,
                0.1149,
                0.1305,
                0.1381,
                0.148,
                0.1605,
                0.1852
            ],
            "ler_eb": [
                NaN,
                NaN,
                NaN,
                NaN,
                NaN,
                NaN,
                NaN,
                NaN,
                NaN,
                NaN
            ],
            "per": [
                0.15,
                0.15555555555555556,
                0.16111111111111112,
                0.16666666666666666,
                0.17222222222222222,
                0.17777777777777778,
                0.18333333333333335,
                0.18888888888888888,
                0.19444444444444445,
                0.2
            ]
        },
        "13": {
            "ler": [
                0.0773,
                0.0855,
                0.1002,
                0.1084,
                0.1277,
                0.1376,
                0.1554,
                0.1661,
                0.1797,
                0.1931
            ],
            "ler_eb": [
                NaN,
                NaN,
                NaN,
                NaN,
                NaN,
                NaN,
                NaN,
                NaN,
                NaN,
                NaN
            ],
            "per": [
                0.15,
                0.15555555555555556,
                0.16111111111111112,
                0.16666666666666666,
                0.17222222222222222,
                0.17777777777777778,
                0.18333333333333335,
                0.18888888888888888,
                0.19444444444444445,
                0.2
            ]
        },
        "7": {
            "ler": [
                0.0968,
                0.1028,
                0.1085,
                0.124,
                0.1327,
                0.1432,
                0.1559,
                0.1577,
                0.169,
                0.1857
            ],
            "ler_eb": [
                NaN,
                NaN,
                NaN,
                NaN,
                NaN,
                NaN,
                NaN,
                NaN,
                NaN,
                NaN
            ],
            "per": [
                0.15,
                0.15555555555555556,
                0.16111111111111112,
                0.16666666666666666,
                0.17222222222222222,
                0.17777777777777778,
                0.18333333333333335,
                0.18888888888888888,
                0.19444444444444445,
                0.2
            ]
        },
        "9": {
            "ler": [
                0.0833,
                0.0937,
                0.1019,
                0.111,
                0.1204,
                0.14,
                0.1495,
                0.1607,
                0.1641,
                0.1893
            ],
            "ler_eb": [
                NaN,
                NaN,
                NaN,
                NaN,
                NaN,
                NaN,
                NaN,
                NaN,
                NaN,
                NaN
            ],
            "per": [
                0.15,
                0.15555555555555556,
                0.16111111111111112,
                0.16666666666666666,
                0.17222222222222222,
                0.17777777777777778,
                0.18333333333333335,
                0.18888888888888888,
                0.19444444444444445,
                0.2
            ]
        }
    },
    "distance_array": [
        7,
        9,
        11,
        13
    ],
    "ler_distances": [
        [
            0.0968,
            0.1028,
            0.1085,
            0.124,
            0.1327,
            0.1432,
            0.1559,
            0.1577,
            0.169,
            0.1857
        ],
        [
            0.0833,
            0.0937,
            0.1019,
            0.111,
            0.1204,
            0.14,
            0.1495,
            0.1607,
            0.1641,
            0.1893
        ],
        [
            0.0808,
            0.0897,
            0.0973,
            0.1038,
            0.1149,
            0.1305,
            0.1381,
            0.148,
            0.1605,
            0.1852
        ],
        [
            0.0773,
            0.0855,
            0.1002,
            0.1084,
            0.1277,
            0.1376,
            0.1554,
            0.1661,
            0.1797,
            0.1931
        ]
    ],
    "n_runs": 10000,
    "per_list": [
        0.15,
        0.15555555555555556,
        0.16111111111111112,
        0.16666666666666666,
        0.17222222222222222,
        0.17777777777777778,
        0.18333333333333335,
        0.18888888888888888,
        0.19444444444444445,
        0.2
    ]
}
