{
    "bias": 31,
    "code": "ColourCode",
    "data": {
        "5": {
            "ler": [
                0.39221838719799185,
                0.40459621297944653,
                0.4277525879031568,
                0.44416807319889845,
                0.4639079606606049,
                0.4816955684007707,
                0.4965736418710895,
                0.5132416341613631,
                0.5233957918978331,
                0.5352745958676801,
                0.5580357142857143,
                0.5645252342779722,
                0.5742506029631331,
                0.5836348780203104,
                0.6035003017501509,
                0.612369871402327,
                0.6122199093914534,
                0.6235969069593414,
                0.6401229035974907,
                0.6406149903907752,
                0.6621639517944643
            ],
            "ler_eb": [
                0.004324309064062628,
                0.0044151209728131935,
                0.004576142735721245,
                0.004683106998199478,
                0.004803596304393994,
                0.004904334795514685,
                0.004982721760804295,
                0.005063998742159901,
                0.005110038364680194,
                0.005160476883627779,
                0.00524651091401793,
                0.005268413507864276,
                0.00529899461893221,
                0.005325904889311118,
                0.005374201180343999,
                0.005391847194300862,
                0.005391569408365047,
                0.0054106014181808885,
                0.005430695696970403,
                0.005431153456113792,
                0.005442939738724944
            ],
            "ler_x": [
                0.2151710072168183,
                0.21743000485515457,
                0.23030199332705964,
                0.24908945544994227,
                0.26006680274633515,
                0.26917148362235066,
                0.2819545138544046,
                0.28751796345719566,
                0.30063854286611535,
                0.3083181672197837,
                0.31863839285714285,
                0.33419893869255957,
                0.3331801998392098,
                0.342126765495506,
                0.36016898008449005,
                0.3599510104102878,
                0.36880127341741153,
                0.3701671239710651,
                0.38496991422353094,
                0.39244074311338883,
                0.40934975499933784
            ],
            "ler_z": [
                0.22842798870411044,
                0.23976371581162,
                0.2602446744802806,
                0.26001599005063514,
                0.2737056967897569,
                0.2902697495183044,
                0.2980434998510279,
                0.309484705399302,
                0.3179106039987438,
                0.3286586018627556,
                0.3510044642857143,
                0.34627977870610815,
                0.35775812564603193,
                0.36477179876269406,
                0.38020519010259507,
                0.3904470300061237,
                0.39757560915880985,
                0.39972561736093787,
                0.40916655997951606,
                0.41127482383087766,
                0.4245795258906105
            ],
            "per": [
                0.25,
                0.2575,
                0.265,
                0.2725,
                0.28,
                0.2875,
                0.29500000000000004,
                0.3025,
                0.31,
                0.3175,
                0.325,
                0.3325,
                0.34,
                0.34750000000000003,
                0.35500000000000004,
                0.36250000000000004,
                0.37,
                0.37750000000000006,
                0.385,
                0.3925,
                0.4
            ],
            "ratio": null
        }
    },
    "distance_array": [
        5,
        7,
        9,
        11
    ],
    "ler_distances": [
        [
            0.39221838719799185,
            0.40459621297944653,
            0.4277525879031568,
            0.44416807319889845,
            0.4639079606606049,
            0.4816955684007707,
            0.4965736418710895,
            0.5132416341613631,
            0.5233957918978331,
            0.5352745958676801,
            0.5580357142857143,
            0.5645252342779722,
            0.5742506029631331,
            0.5836348780203104,
            0.6035003017501509,
            0.612369871402327,
            0.6122199093914534,
            0.6235969069593414,
            0.6401229035974907,
            0.6406149903907752,
            0.6621639517944643
        ]
    ],
    "n_logical_errors": 5000,
    "n_runs": 1000000,
    "per_list": [
        0.25,
        0.2575,
        0.265,
        0.2725,
        0.28,
        0.2875,
        0.29500000000000004,
        0.3025,
        0.31,
        0.3175,
        0.325,
        0.3325,
        0.34,
        0.34750000000000003,
        0.35500000000000004,
        0.36250000000000004,
        0.37,
        0.37750000000000006,
        0.385,
        0.3925,
        0.4
    ]
}
