{
    "bias": 31,
    "code": "ColourCode",
    "data": {
        "11": {
            "ler": [
                0.4899559039686428,
                0.5215939912372209,
                0.5448403617740002,
                0.5645252342779722,
                0.5823433496389471,
                0.6003121623244086,
                0.60960741282614,
                0.6285355122564424,
                0.6413545407901488,
                0.6589351607801792,
                0.6734913793103449,
                0.6825938566552902,
                0.6899406651028012,
                0.6958942240779401,
                0.7039279177812192,
                0.7114399544678429,
                0.71571714858288,
                0.7194244604316546,
                0.724112961622013,
                0.7311010381634742,
                0.7314218841427735
            ],
            "ler_eb": [
                0.0049485259895618635,
                0.005102063862644887,
                0.005198357486502648,
                0.005268413507864276,
                0.005322354755270906,
                0.005367259663781078,
                0.005386616022088193,
                0.005417556743322983,
                0.005431825880951602,
                0.005442220762240139,
                0.005442448962973704,
                0.005438573938657576,
                0.005433118112256892,
                0.005427134241783965,
                0.0054167889706242004,
                0.005404696960923801,
                0.005396743191517379,
                0.005389209925467676,
                0.005378819464503118,
                0.005361508035110262,
                0.005360659957632515
            ],
            "ler_x": [
                0.2970112689857913,
                0.31785937825996247,
                0.3290835785114961,
                0.35666704301682284,
                0.36722571628232004,
                0.3742346019930364,
                0.38124847598146794,
                0.40175989943431806,
                0.4059774243201642,
                0.42171850289931473,
                0.4292834051724138,
                0.446962457337884,
                0.45287705257347866,
                0.4510786360473208,
                0.4605096438124736,
                0.46300512236767216,
                0.467935871743487,
                0.47179856115107915,
                0.4732802317161477,
                0.47960228103523905,
                0.48507899356348744
            ],
            "ler_z": [
                0.278686918177364,
                0.29897767577717504,
                0.3190585158548545,
                0.3252794399909676,
                0.3432331702771954,
                0.36270860847640773,
                0.3696659351377713,
                0.38315524827152736,
                0.3932786044125192,
                0.40748550342646284,
                0.4252424568965517,
                0.43208191126279866,
                0.43728439354215537,
                0.448990953375087,
                0.4512177952977615,
                0.4591633466135458,
                0.46392785571142287,
                0.4620143884892086,
                0.4657494569152788,
                0.47156016961544084,
                0.47791105909888826
            ],
            "per": [
                0.25,
                0.2575,
                0.265,
                0.2725,
                0.28,
                0.2875,
                0.29500000000000004,
                0.3025,
                0.31,
                0.3175,
                0.325,
                0.3325,
                0.34,
                0.34750000000000003,
                0.35500000000000004,
                0.36250000000000004,
                0.37,
                0.37750000000000006,
                0.385,
                0.3925,
                0.4
            ],
            "ratio": null
        }
    },
    "distance_array": [
        5,
        7,
        9,
        11
    ],
    "ler_distances": [
        [
            0.39221838719799185,
            0.40459621297944653,
            0.4277525879031568,
            0.44416807319889845,
            0.4639079606606049,
            0.4816955684007707,
            0.4965736418710895,
            0.5132416341613631,
            0.5233957918978331,
            0.5352745958676801,
            0.5580357142857143,
            0.5645252342779722,
            0.5742506029631331,
            0.5836348780203104,
            0.6035003017501509,
            0.612369871402327,
            0.6122199093914534,
            0.6235969069593414,
            0.6401229035974907,
            0.6406149903907752,
            0.6621639517944643
        ],
        [
            0.4404122258433894,
            0.45632928721365335,
            0.4725451280597297,
            0.5009016229212583,
            0.517491202649555,
            0.5188336619279859,
            0.5424758598242378,
            0.5587840858292356,
            0.5859603890776983,
            0.5877512636652169,
            0.602627455706882,
            0.6184291898577613,
            0.6144770800049159,
            0.6353240152477764,
            0.6468305304010349,
            0.6598046978094484,
            0.6610259122157589,
            0.6736728644570197,
            0.6827802813054759,
            0.6927126627874758,
            0.6924248719013987
        ],
        [
            0.4649865153910537,
            0.4848719937936385,
            0.5096320456630313,
            0.5311238580837051,
            0.5583472920156337,
            0.5717552887364208,
            0.5826147751106968,
            0.5953089653530182,
            0.6114711997064938,
            0.6357279084551812,
            0.6510416666666666,
            0.6597176408497163,
            0.6688068485821295,
            0.6644518272425249,
            0.6775985905949315,
            0.6898454746136865,
            0.6928086462519052,
            0.7024445068839562,
            0.7107320540156361,
            0.7143877696813831,
            0.7121492664862555
        ],
        [
            0.4899559039686428,
            0.5215939912372209,
            0.5448403617740002,
            0.5645252342779722,
            0.5823433496389471,
            0.6003121623244086,
            0.60960741282614,
            0.6285355122564424,
            0.6413545407901488,
            0.6589351607801792,
            0.6734913793103449,
            0.6825938566552902,
            0.6899406651028012,
            0.6958942240779401,
            0.7039279177812192,
            0.7114399544678429,
            0.71571714858288,
            0.7194244604316546,
            0.724112961622013,
            0.7311010381634742,
            0.7314218841427735
        ]
    ],
    "n_logical_errors": 5000,
    "n_runs": 1000000,
    "per_list": [
        0.25,
        0.2575,
        0.265,
        0.2725,
        0.28,
        0.2875,
        0.29500000000000004,
        0.3025,
        0.31,
        0.3175,
        0.325,
        0.3325,
        0.34,
        0.34750000000000003,
        0.35500000000000004,
        0.36250000000000004,
        0.37,
        0.37750000000000006,
        0.385,
        0.3925,
        0.4
    ]
}
