{
    "bias": 31,
    "code": "ColourCode",
    "data": {
        "9": {
            "ler": [
                0.4649865153910537,
                0.4848719937936385,
                0.5096320456630313,
                0.5311238580837051,
                0.5583472920156337,
                0.5717552887364208,
                0.5826147751106968,
                0.5953089653530182,
                0.6114711997064938,
                0.6357279084551812,
                0.6510416666666666,
                0.6597176408497163,
                0.6688068485821295,
                0.6644518272425249,
                0.6775985905949315,
                0.6898454746136865,
                0.6928086462519052,
                0.7024445068839562,
                0.7107320540156361,
                0.7143877696813831,
                0.7121492664862555
            ],
            "ler_eb": [
                0.004809918530922658,
                0.004921524810587832,
                0.005046993751498752,
                0.005143276538131444,
                0.005247589577354099,
                0.005291407303972146,
                0.005323104935903049,
                0.005355736633321573,
                0.00539017186645358,
                0.00542624282864258,
                0.005438893678321241,
                0.0054424295080335566,
                0.005443226211846672,
                0.005443220618336143,
                0.005441090602928253,
                0.005433202334356545,
                0.0054304121306160994,
                0.005418898351794346,
                0.00540593794732356,
                0.005399299381068525,
                0.005403432111420434
            ],
            "ler_x": [
                0.26997117083604577,
                0.27705585725368503,
                0.296911629803282,
                0.3138942001274697,
                0.3292015633724176,
                0.3401943967981704,
                0.3477044977860639,
                0.3592094296940112,
                0.37360890302066774,
                0.3916083916083916,
                0.4,
                0.4128512996437525,
                0.4159978598180845,
                0.4213953488372093,
                0.4298685458734246,
                0.43363686534216334,
                0.4508798669807399,
                0.44956448440573193,
                0.45927505330490404,
                0.4604943563366195,
                0.46275459336276886
            ],
            "ler_z": [
                0.2667162652283084,
                0.29218386346004654,
                0.30190602385077975,
                0.3205863607393244,
                0.33623673925181463,
                0.34762721555174386,
                0.36063854579352134,
                0.36825812596737706,
                0.3827809710162651,
                0.39287984742530196,
                0.4171875,
                0.4207679113339491,
                0.4256286784376672,
                0.42006644518272424,
                0.43583141347065996,
                0.4434326710816777,
                0.44464458916447275,
                0.46080359651587527,
                0.46368159203980097,
                0.46463780540077154,
                0.4607605754166073
            ],
            "per": [
                0.25,
                0.2575,
                0.265,
                0.2725,
                0.28,
                0.2875,
                0.29500000000000004,
                0.3025,
                0.31,
                0.3175,
                0.325,
                0.3325,
                0.34,
                0.34750000000000003,
                0.35500000000000004,
                0.36250000000000004,
                0.37,
                0.37750000000000006,
                0.385,
                0.3925,
                0.4
            ],
            "ratio": null
        }
    },
    "distance_array": [
        5,
        7,
        9,
        11
    ],
    "ler_distances": [
        [
            0.39221838719799185,
            0.40459621297944653,
            0.4277525879031568,
            0.44416807319889845,
            0.4639079606606049,
            0.4816955684007707,
            0.4965736418710895,
            0.5132416341613631,
            0.5233957918978331,
            0.5352745958676801,
            0.5580357142857143,
            0.5645252342779722,
            0.5742506029631331,
            0.5836348780203104,
            0.6035003017501509,
            0.612369871402327,
            0.6122199093914534,
            0.6235969069593414,
            0.6401229035974907,
            0.6406149903907752,
            0.6621639517944643
        ],
        [
            0.4404122258433894,
            0.45632928721365335,
            0.4725451280597297,
            0.5009016229212583,
            0.517491202649555,
            0.5188336619279859,
            0.5424758598242378,
            0.5587840858292356,
            0.5859603890776983,
            0.5877512636652169,
            0.602627455706882,
            0.6184291898577613,
            0.6144770800049159,
            0.6353240152477764,
            0.6468305304010349,
            0.6598046978094484,
            0.6610259122157589,
            0.6736728644570197,
            0.6827802813054759,
            0.6927126627874758,
            0.6924248719013987
        ],
        [
            0.4649865153910537,
            0.4848719937936385,
            0.5096320456630313,
            0.5311238580837051,
            0.5583472920156337,
            0.5717552887364208,
            0.5826147751106968,
            0.5953089653530182,
            0.6114711997064938,
            0.6357279084551812,
            0.6510416666666666,
            0.6597176408497163,
            0.6688068485821295,
            0.6644518272425249,
            0.6775985905949315,
            0.6898454746136865,
            0.6928086462519052,
            0.7024445068839562,
            0.7107320540156361,
            0.7143877696813831,
            0.7121492664862555
        ]
    ],
    "n_logical_errors": 5000,
    "n_runs": 1000000,
    "per_list": [
        0.25,
        0.2575,
        0.265,
        0.2725,
        0.28,
        0.2875,
        0.29500000000000004,
        0.3025,
        0.31,
        0.3175,
        0.325,
        0.3325,
        0.34,
        0.34750000000000003,
        0.35500000000000004,
        0.36250000000000004,
        0.37,
        0.37750000000000006,
        0.385,
        0.3925,
        0.4
    ]
}
