{
    "bias": 31,
    "code": "ColourCode",
    "data": {
        "7": {
            "ler": [
                0.4404122258433894,
                0.45632928721365335,
                0.4725451280597297,
                0.5009016229212583,
                0.517491202649555,
                0.5188336619279859,
                0.5424758598242378,
                0.5587840858292356,
                0.5859603890776983,
                0.5877512636652169,
                0.602627455706882,
                0.6184291898577613,
                0.6144770800049159,
                0.6353240152477764,
                0.6468305304010349,
                0.6598046978094484,
                0.6610259122157589,
                0.6736728644570197,
                0.6827802813054759,
                0.6927126627874758,
                0.6924248719013987
            ],
            "ler_eb": [
                0.004659169100271975,
                0.00475840397618166,
                0.0048534542683936225,
                0.0050044979475551326,
                0.005083590823046798,
                0.005089683323013835,
                0.005189224040884078,
                0.0052490971534944935,
                0.005332172643615876,
                0.005336889807803496,
                0.005372331965307623,
                0.005402472314658687,
                0.005395675059400115,
                0.00542580088417522,
                0.005436220761087571,
                0.005442451371182795,
                0.00544272926968672,
                0.005442402363456574,
                0.005438461467994661,
                0.005430507983402151,
                0.005430793180096379
            ],
            "ler_x": [
                0.26979652955166034,
                0.27626175047914575,
                0.2857952934505245,
                0.301342416349429,
                0.31784309666735666,
                0.3298744422538134,
                0.34479765650428557,
                0.35259275815824764,
                0.36880346888550336,
                0.37463265546020924,
                0.38531999517898036,
                0.39851576994434135,
                0.4030969644832248,
                0.4073697585768742,
                0.42509702457956017,
                0.4373185537081024,
                0.4321787414066631,
                0.4419293990838049,
                0.453366106786836,
                0.45912995289553893,
                0.4621243595069935
            ],
            "ler_z": [
                0.23773451951026162,
                0.2516199689696085,
                0.2636801814573292,
                0.2806050891604889,
                0.2915545435727593,
                0.28442461346892184,
                0.3031355104697841,
                0.3195127402771569,
                0.3397398335872495,
                0.344069589749618,
                0.3528986380619501,
                0.36672850958565245,
                0.372127319650977,
                0.3783989834815756,
                0.3934023285899094,
                0.40116125626814464,
                0.4101004759386568,
                0.4171382376717866,
                0.4214119896217397,
                0.4314214463840399,
                0.43387342473341645
            ],
            "per": [
                0.25,
                0.2575,
                0.265,
                0.2725,
                0.28,
                0.2875,
                0.29500000000000004,
                0.3025,
                0.31,
                0.3175,
                0.325,
                0.3325,
                0.34,
                0.34750000000000003,
                0.35500000000000004,
                0.36250000000000004,
                0.37,
                0.37750000000000006,
                0.385,
                0.3925,
                0.4
            ],
            "ratio": null
        }
    },
    "distance_array": [
        5,
        7,
        9,
        11
    ],
    "ler_distances": [
        [
            0.39221838719799185,
            0.40459621297944653,
            0.4277525879031568,
            0.44416807319889845,
            0.4639079606606049,
            0.4816955684007707,
            0.4965736418710895,
            0.5132416341613631,
            0.5233957918978331,
            0.5352745958676801,
            0.5580357142857143,
            0.5645252342779722,
            0.5742506029631331,
            0.5836348780203104,
            0.6035003017501509,
            0.612369871402327,
            0.6122199093914534,
            0.6235969069593414,
            0.6401229035974907,
            0.6406149903907752,
            0.6621639517944643
        ],
        [
            0.4404122258433894,
            0.45632928721365335,
            0.4725451280597297,
            0.5009016229212583,
            0.517491202649555,
            0.5188336619279859,
            0.5424758598242378,
            0.5587840858292356,
            0.5859603890776983,
            0.5877512636652169,
            0.602627455706882,
            0.6184291898577613,
            0.6144770800049159,
            0.6353240152477764,
            0.6468305304010349,
            0.6598046978094484,
            0.6610259122157589,
            0.6736728644570197,
            0.6827802813054759,
            0.6927126627874758,
            0.6924248719013987
        ]
    ],
    "n_logical_errors": 5000,
    "n_runs": 1000000,
    "per_list": [
        0.25,
        0.2575,
        0.265,
        0.2725,
        0.28,
        0.2875,
        0.29500000000000004,
        0.3025,
        0.31,
        0.3175,
        0.325,
        0.3325,
        0.34,
        0.34750000000000003,
        0.35500000000000004,
        0.36250000000000004,
        0.37,
        0.37750000000000006,
        0.385,
        0.3925,
        0.4
    ]
}
