{
    "bias": 10000,
    "code": "ColourCode",
    "data": {
        "13": {
            "ler": [
                0.29870362626202285,
                0.3160156743774491,
                0.32611531437516306,
                0.34994400895856664,
                0.3599712023038157,
                0.36597862684819205,
                0.3838771593090211,
                0.4073651621313345,
                0.43044077134986225,
                0.4313319530710835,
                0.4427521473479146,
                0.46227810650887574,
                0.46759562330496585,
                0.47961630695443647,
                0.4916420845624385,
                0.5131889561736631,
                0.5325948018747337,
                0.5495109352676119,
                0.5448403617740002,
                0.5685048322910745,
                0.5718206770356816
            ],
            "ler_eb": [
                0.0035375801589114693,
                0.003696125394989082,
                0.0037859858375860664,
                0.003990147436427609,
                0.004072700876241786,
                0.00412119031334127,
                0.0042612883696908814,
                0.004434988235196269,
                0.004594072508493072,
                0.0045999810525888035,
                0.0046741201922941,
                0.004793990655834932,
                0.00482509917040147,
                0.004892950001561114,
                0.004957341578012881,
                0.0050637529671369395,
                0.005149424443731419,
                0.005215950530558908,
                0.005198357486502648,
                0.0052812548678586296,
                0.005291608419462713
            ],
            "ler_x": [
                0.04086265607264472,
                0.04436860068259386,
                0.04676493608139838,
                0.05046192609182531,
                0.05557955363570914,
                0.06104523495827844,
                0.06287907869481765,
                0.06908913149747434,
                0.07403581267217631,
                0.07876121463077985,
                0.08058089081732046,
                0.08838757396449703,
                0.09230337604040026,
                0.10177458033573142,
                0.10098328416912487,
                0.10951452324745971,
                0.12057946314443971,
                0.12792614573030003,
                0.12672986814863246,
                0.13348493462194427,
                0.13780878316559927
            ],
            "ler_z": [
                0.2682358563832965,
                0.28409809126532676,
                0.2921340986172711,
                0.31389977603583424,
                0.3207343412526998,
                0.3250622163665642,
                0.3421880998080614,
                0.3619032100374776,
                0.38369490358126723,
                0.38190131124913734,
                0.3955547684406269,
                0.4077292899408284,
                0.4141962031235388,
                0.4244604316546763,
                0.43805309734513276,
                0.4543775017961613,
                0.46602045164039196,
                0.4840092317837125,
                0.4774980930587338,
                0.499488345650938,
                0.5030878316559927
            ],
            "per": [
                0.38,
                0.386,
                0.392,
                0.398,
                0.404,
                0.41000000000000003,
                0.41600000000000004,
                0.422,
                0.428,
                0.434,
                0.44,
                0.446,
                0.452,
                0.458,
                0.464,
                0.47,
                0.476,
                0.482,
                0.488,
                0.494,
                0.5
            ],
            "ratio": null
        }
    },
    "distance_array": [
        3,
        5,
        7,
        9,
        11,
        13,
        17,
        21
    ],