{
    "bias": 10000,
    "code": "ColourCode",
    "data": {
        "5": {
            "ler": [
                0.3354353951428955,
                0.3536818278276862,
                0.3591180061768297,
                0.36114120621162876,
                0.3744476896577548,
                0.3812428516965307,
                0.3937938095613137,
                0.4020908725371934,
                0.40786361040867936,
                0.41148876635667847,
                0.4297009281540048,
                0.43713936002797693,
                0.44895393732603034,
                0.4515895953757225,
                0.45816915605241454,
                0.47103155911446065,
                0.4780114722753346,
                0.4736193994506015,
                0.48775729197151496,
                0.486050354816759,
                0.4981568197668626
            ],
            "ler_eb": [
                0.0038671630960078114,
                0.004021156053912099,
                0.004065755086053074,
                0.004082201901496552,
                0.004188301808766698,
                0.00424108348796319,
                0.004336047848957909,
                0.004397003427825381,
                0.0044385471001203375,
                0.0044642690434438005,
                0.00458915389703629,
                0.004638049186591244,
                0.004713144275874094,
                0.0047294623002213975,
                0.004769498415705481,
                0.004844844970851359,
                0.004884091558192283,
                0.004859531685910739,
                0.004936926493837389,
                0.004927839423145933,
                0.0049907416792875706
            ],
            "ler_x": [
                0.0001341741580571582,
                7.073636556553724e-05,
                0.0001436472024707319,
                0.00036114120621162876,
                0.00014977907586310194,
                0.0001524971406786123,
                0.00015751752382452548,
                0.0004020908725371934,
                0.0005710090545721511,
                0.0,
                0.0004297009281540048,
                0.0004371393600279769,
                0.00017958157493041214,
                0.0002709537572254335,
                0.00036653532484193165,
                0.00037682524729156853,
                9.560229445506692e-05,
                9.47238798901203e-05,
                0.000390205833577212,
                0.0001944201419267036,
                0.00019926272790674504
            ],
            "ler_z": [
                0.3353683080638669,
                0.35361109146212066,
                0.35904618257559434,
                0.36085229324665946,
                0.3742979105818917,
                0.3811666031261914,
                0.3936362920374892,
                0.40176919983916365,
                0.40761889224243414,
                0.41148876635667847,
                0.4297009281540048,
                0.43713936002797693,
                0.44895393732603034,
                0.4514992774566474,
                0.4579858883899936,
                0.470748940178992,
                0.4780114722753346,
                0.4736193994506015,
                0.48765974051312067,
                0.4858559346748323,
                0.49805718840290925
            ],
            "per": [
                0.38,
                0.386,
                0.392,
                0.398,
                0.404,
                0.41000000000000003,
                0.41600000000000004,
                0.422,
                0.428,
                0.434,
                0.44,
                0.446,
                0.452,
                0.458,
                0.464,
                0.47,
                0.476,
                0.482,
                0.488,
                0.494,
                0.5
            ],
            "ratio": null
        }
    },
    "distance_array": [
        3,
        5,
        7,
        9,
        11,
        13,
        17,
        21
    ],
    "ler_distances": [
        [
            0.36305547487656115,
            0.3666495563540368,
            0.3817668168282813,
            0.38532675709001235,
            0.39575747981636855,
            0.40696727983070163,
            0.4079967360261118,
            0.4083299305839118,
            0.4129160128829796,
            0.4291845493562232,
            0.43357613596947625,
            0.4467875971763024,
            0.45138575426559535,
            0.45951658854884664,
            0.45998160073597055,
            0.46274872744099954,
            0.4751045229950589,
            0.48290515742708134,
            0.48049202383240436,
            0.49130392060528644,
            0.5070479667376534
        ],
        [
            0.3354353951428955,
            0.3536818278276862,
            0.3591180061768297,
            0.36114120621162876,
            0.3744476896577548,
            0.3812428516965307,
            0.3937938095613137,
            0.4020908725371934,
            0.40786361040867936,
            0.41148876635667847,
            0.4297009281540048,
            0.43713936002797693,
            0.44895393732603034,
            0.4515895953757225,
            0.45816915605241454,
            0.47103155911446065,
            0.4780114722753346,
            0.4736193994506015,
            0.48775729197151496,
            0.486050354816759,
            0.4981568197668626
        ]
    ],
    "n_logical_errors": 5000,
    "n_runs": 1000000,
    "per_list": [
        0.38,
        0.386,
        0.392,
        0.398,
        0.404,
        0.41000000000000003,
        0.41600000000000004,
        0.422,
        0.428,
        0.434,
        0.44,
        0.446,
        0.452,
        0.458,
        0.464,
        0.47,
        0.476,
        0.482,
        0.488,
        0.494,
        0.5
    ]
}
