{
    "bias": 10000,
    "code": "ColourCode",
    "data": {
        "3": {
            "ler": [
                0.36305547487656115,
                0.3666495563540368,
                0.3817668168282813,
                0.38532675709001235,
                0.39575747981636855,
                0.40696727983070163,
                0.4079967360261118,
                0.4083299305839118,
                0.4129160128829796,
                0.4291845493562232,
                0.43357613596947625,
                0.4467875971763024,
                0.45138575426559535,
                0.45951658854884664,
                0.45998160073597055,
                0.46274872744099954,
                0.4751045229950589,
                0.48290515742708134,
                0.48049202383240436,
                0.49130392060528644,
                0.5070479667376534
            ],
            "ler_eb": [
                0.004097687100775017,
                0.004126560352538395,
                0.0042451137368573425,
                0.00427234503911002,
                0.004350606167116523,
                0.004432143561203626,
                0.004439496696639583,
                0.004441871728068207,
                0.00447431793129983,
                0.004585713698485081,
                0.004614781464817608,
                0.004699612611447804,
                0.004728205967412851,
                0.004777573492185715,
                0.004780350455798456,
                0.004796770688852842,
                0.004867888006080965,
                0.004910909655523883,
                0.004897757637298088,
                0.004955579216722326,
                0.005034616264767516
            ],
            "ler_x": [
                0.36305547487656115,
                0.3666495563540368,
                0.3817668168282813,
                0.38532675709001235,
                0.39575747981636855,
                0.4068858863747355,
                0.40791513667890655,
                0.4083299305839118,
                0.4129160128829796,
                0.4291845493562232,
                0.43348942074228236,
                0.4467875971763024,
                0.45120519996388914,
                0.45924087859571733,
                0.4598896044158234,
                0.4626561776955113,
                0.4751045229950589,
                0.48290515742708134,
                0.48049202383240436,
                0.49130392060528644,
                0.5070479667376534
            ],
            "ler_z": [
                7.261109497531223e-05,
                7.332991127080736e-05,
                0.0,
                7.706535141800247e-05,
                0.0,
                0.00024418036789842097,
                8.159934720522235e-05,
                8.166598611678236e-05,
                0.0,
                8.583690987124464e-05,
                0.0001734304543877905,
                8.935751943526048e-05,
                0.0003611086034124763,
                0.00027570995312930797,
                9.19963201471941e-05,
                9.254974548819991e-05,
                0.0,
                9.658103148541626e-05,
                0.00019219680953296174,
                0.0,
                0.0
            ],
            "per": [
                0.38,
                0.386,
                0.392,
                0.398,
                0.404,
                0.41000000000000003,
                0.41600000000000004,
                0.422,
                0.428,
                0.434,
                0.44,
                0.446,
                0.452,
                0.458,
                0.464,
                0.47,
                0.476,
                0.482,
                0.488,
                0.494,
                0.5
            ],
            "ratio": null
        }
    },
    "distance_array": [
        3,
        5,
        7,
        9,
        11,
        13,
        17,
        21
    ],
    "ler_distances": [
        [
            0.36305547487656115,
            0.3666495563540368,
            0.3817668168282813,
            0.38532675709001235,
            0.39575747981636855,
            0.40696727983070163,
            0.4079967360261118,
            0.4083299305839118,
            0.4129160128829796,
            0.4291845493562232,
            0.43357613596947625,
            0.4467875971763024,
            0.45138575426559535,
            0.45951658854884664,
            0.45998160073597055,
            0.46274872744099954,
            0.4751045229950589,
            0.48290515742708134,
            0.48049202383240436,
            0.49130392060528644,
            0.5070479667376534
        ]
    ],
    "n_logical_errors": 5000,
    "n_runs": 1000000,
    "per_list": [
        0.38,
        0.386,
        0.392,
        0.398,
        0.404,
        0.41000000000000003,
        0.41600000000000004,
        0.422,
        0.428,
        0.434,
        0.44,
        0.446,
        0.452,
        0.458,
        0.464,
        0.47,
        0.476,
        0.482,
        0.488,
        0.494,
        0.5
    ]
}
