{
    "bias": 10000,
    "data": {
        "13": {
            "ler": [
                0.297441998810232,
                0.33266799733865604,
                0.32786885245901637,
                0.3562522265764161,
                0.35688793718772305,
                0.37579857196542654,
                0.37650602409638556,
                0.39093041438623927,
                0.4192872117400419,
                0.42140750105351876,
                0.43591979075850046,
                0.4803073967339097,
                0.47664442326024786,
                0.4928536224741252,
                0.5012531328320802,
                0.5037783375314862,
                0.5364806866952789,
                0.5299417064122947,
                0.5359056806002144,
                0.5717552887364208,
                0.5461496450027308
            ],
            "ler_eb": [
                0.007883941316520164,
                0.008593735840931302,
                0.008500161387980397,
                0.009038897411640167,
                0.00905055468697383,
                0.009388960336599816,
                0.0094013032196195,
                0.00964790273413527,
                0.010103976131875133,
                0.010136514857863852,
                0.010353257551530331,
                0.010949455997272982,
                0.010904178300169364,
                0.011099019561801248,
                0.011194306413048808,
                0.011222183055301644,
                0.011550160234713374,
                0.0114895748745846,
                0.011544934861412282,
                0.011831946428320611,
                0.011635043074419395
            ],
            "ler_x": [
                0.04104699583581202,
                0.04790419161676647,
                0.04852459016393443,
                0.05130032062700392,
                0.04925053533190578,
                0.06050357008643367,
                0.06287650602409639,
                0.0617670054730258,
                0.070020964360587,
                0.07796038769490098,
                0.08108108108108109,
                0.09462055715658022,
                0.08817921830314586,
                0.0941350418925579,
                0.0987468671679198,
                0.0906801007556675,
                0.1148068669527897,
                0.11764705882352941,
                0.12808145766345122,
                0.13950829045168667,
                0.1332605133806663
            ],
            "ler_z": [
                0.27186198691255203,
                0.3003992015968064,
                0.2957377049180328,
                0.32205201282508017,
                0.32548179871520344,
                0.33070274332957533,
                0.3381024096385542,
                0.3565285379202502,
                0.37651991614255764,
                0.37336704593341763,
                0.3923278116826504,
                0.4250720461095101,
                0.4265967588179218,
                0.4391325776244455,
                0.45012531328320804,
                0.4534005037783375,
                0.47639484978540775,
                0.4727080021197668,
                0.46891747052518756,
                0.4928530588907947,
                0.4800655379574003
            ],
            "per": [
                0.38,
                0.386,
                0.392,
                0.398,
                0.404,
                0.41000000000000003,
                0.41600000000000004,
                0.422,
                0.428,
                0.434,
                0.44,
                0.446,
                0.452,
                0.458,
                0.464,
                0.47,
                0.476,
                0.482,
                0.488,
                0.494,
                0.5
            ]
        }
    },
    "distance_array": [
        5,
        9,
        13,
        17,
        21
    ],
    "ler_distances": [
        [
            0.3561253561253561,
            0.3518648838845883,
            0.38402457757296465,
            0.3762227238525207,
            0.37835792659856227,
            0.38955979742890534,
            0.38284839203675347,
            0.390625,
            0.3993610223642173,
            0.4351610095735422,
            0.4244482173174873,
            0.45599635202918376,
            0.4384042086804033,
            0.44822949350067237,
            0.46882325363338023,
            0.46104195481788846,
            0.4716981132075472,
            0.49236829148202854,
            0.5015045135406219,
            0.5042864346949067,
            0.4899559039686428
        ],
        [
            0.3189792663476874,
            0.3286230693394676,
            0.3486750348675035,
            0.3526093088857546,
            0.3637686431429611,
            0.365764447695684,
            0.3866976024748647,
            0.3996802557953637,
            0.4120313143798929,
            0.41999160016799664,
            0.4219409282700422,
            0.43497172683775553,
            0.4672897196261682,
            0.4701457451810061,
            0.4892367906066536,
            0.4784688995215311,
            0.4821600771456123,
            0.5053057099545225,
            0.5167958656330749,
            0.5288207297726071,
            0.531632110579479
        ],
        [
            0.297441998810232,
            0.33266799733865604,
            0.32786885245901637,
            0.3562522265764161,
            0.35688793718772305,
            0.37579857196542654,
            0.37650602409638556,
            0.39093041438623927,
            0.4192872117400419,
            0.42140750105351876,
            0.43591979075850046,
            0.4803073967339097,
            0.47664442326024786,
            0.4928536224741252,
            0.5012531328320802,
            0.5037783375314862,
            0.5364806866952789,
            0.5299417064122947,
            0.5359056806002144,
            0.5717552887364208,
            0.5461496450027308
        ]
    ],
    "n_logical_errors": 1000,
    "n_runs": 1000000,
    "per_list": [
        0.38,
        0.386,
        0.392,
        0.398,
        0.404,
        0.41000000000000003,
        0.41600000000000004,
        0.422,
        0.428,
        0.434,
        0.44,
        0.446,
        0.452,
        0.458,
        0.464,
        0.47,
        0.476,
        0.482,
        0.488,
        0.494,
        0.5
    ]
}
