{
    "bias": 10000,
    "code": "ColourCode",
    "data": {
        "9": {
            "ler": [
                0.3157562361856647,
                0.3209242618741977,
                0.33656435110393107,
                0.3496259002866932,
                0.362476439031463,
                0.381854284405071,
                0.3820585313670054,
                0.3997441637352095,
                0.40498947027377286,
                0.4186202277294039,
                0.43073742246726393,
                0.4384811014645269,
                0.4493978069387021,
                0.4619791185438418,
                0.47587322737222804,
                0.48299845440494593,
                0.48713951675759937,
                0.5161556725508414,
                0.511665984445354,
                0.5285412262156448,
                0.5393743257820928
            ],
            "ler_eb": [
                0.0036937913371504613,
                0.0037400435220080936,
                0.0038768813824380725,
                0.003987495577430806,
                0.0040930108917474495,
                0.004245785967190726,
                0.004247355084529912,
                0.004379911399139786,
                0.004417952632452101,
                0.004514037536939076,
                0.004596041274370841,
                0.004646736721732402,
                0.0047159035576478546,
                0.0047922217901677725,
                0.004872192534919215,
                0.00491141530854557,
                0.004933645917497649,
                0.005077483599902701,
                0.005056616671854677,
                0.0051323436367530575,
                0.005177013988490205
            ],
            "ler_x": [
                0.023808020208399117,
                0.02336328626444159,
                0.022347872913301023,
                0.024543738200125866,
                0.027258228215166016,
                0.030395601038643652,
                0.033621150760296474,
                0.033978253917492804,
                0.036530050218694314,
                0.03976892163429337,
                0.04290144727773949,
                0.040866438656493906,
                0.04431062376415603,
                0.046659890972928025,
                0.055772342248025124,
                0.05776661514683153,
                0.057287607170693686,
                0.06359037885826366,
                0.061911584117887844,
                0.06617336152219873,
                0.07119741100323625
            ],
            "ler_z": [
                0.298831701926113,
                0.30577663671373556,
                0.32148626817447495,
                0.3343122858541361,
                0.3434826736262143,
                0.36161600733160226,
                0.3589821960724383,
                0.3784777742244963,
                0.38206706625627734,
                0.39358673811118555,
                0.4063576843556168,
                0.4159431728492502,
                0.4221642998382168,
                0.4330592257229973,
                0.4446559436566099,
                0.4510239567233385,
                0.45625487139516757,
                0.4835346340456282,
                0.48055669259107653,
                0.49661733615221987,
                0.504638619201726
            ],
            "per": [
                0.38,
                0.386,
                0.392,
                0.398,
                0.404,
                0.41000000000000003,
                0.41600000000000004,
                0.422,
                0.428,
                0.434,
                0.44,
                0.446,
                0.452,
                0.458,
                0.464,
                0.47,
                0.476,
                0.482,
                0.488,
                0.494,
                0.5
            ],
            "ratio": null
        }
    },
    "distance_array": [
        3,
        5,
        7,
        9,
        11,
        13,
        17,
        21
    ],
    "ler_distances": [
        [
            0.36305547487656115,
            0.3666495563540368,
            0.3817668168282813,
            0.38532675709001235,
            0.39575747981636855,
            0.40696727983070163,
            0.4079967360261118,
            0.4083299305839118,
            0.4129160128829796,
            0.4291845493562232,
            0.43357613596947625,
            0.4467875971763024,
            0.45138575426559535,
            0.45951658854884664,
            0.45998160073597055,
            0.46274872744099954,
            0.4751045229950589,
            0.48290515742708134,
            0.48049202383240436,
            0.49130392060528644,
            0.5070479667376534
        ],
        [
            0.3354353951428955,
            0.3536818278276862,
            0.3591180061768297,
            0.36114120621162876,
            0.3744476896577548,
            0.3812428516965307,
            0.3937938095613137,
            0.4020908725371934,
            0.40786361040867936,
            0.41148876635667847,
            0.4297009281540048,
            0.43713936002797693,
            0.44895393732603034,
            0.4515895953757225,
            0.45816915605241454,
            0.47103155911446065,
            0.4780114722753346,
            0.4736193994506015,
            0.48775729197151496,
            0.486050354816759,
            0.4981568197668626
        ],
        [
            0.3176821907363873,
            0.3264346804204479,
            0.3331556503198294,
            0.346860908775581,
            0.3549371761198268,
            0.3749812509374531,
            0.3769886149438287,
            0.38449707782220854,
            0.40809663728370876,
            0.4114210483008311,
            0.4174668113884946,
            0.42611215271859554,
            0.442008486562942,
            0.45687134502923976,
            0.452447742285766,
            0.4749240121580547,
            0.48160277403197843,
            0.4837929366231253,
            0.5036768409388537,
            0.5060728744939271,
            0.5232862375719518
        ],
        [
            0.3157562361856647,
            0.3209242618741977,
            0.33656435110393107,
            0.3496259002866932,
            0.362476439031463,
            0.381854284405071,
            0.3820585313670054,
            0.3997441637352095,
            0.40498947027377286,
            0.4186202277294039,
            0.43073742246726393,
            0.4384811014645269,
            0.4493978069387021,
            0.4619791185438418,
            0.47587322737222804,
            0.48299845440494593,
            0.48713951675759937,
            0.5161556725508414,
            0.511665984445354,
            0.5285412262156448,
            0.5393743257820928
        ]
    ],
    "n_logical_errors": 5000,
    "n_runs": 1000000,
    "per_list": [
        0.38,
        0.386,
        0.392,
        0.398,
        0.404,
        0.41000000000000003,
        0.41600000000000004,
        0.422,
        0.428,
        0.434,
        0.44,
        0.446,
        0.452,
        0.458,
        0.464,
        0.47,
        0.476,
        0.482,
        0.488,
        0.494,
        0.5
    ]
}
