{
    "bias": 10000,
    "data": {
        "9": {
            "ler": [
                0.3189792663476874,
                0.3286230693394676,
                0.3486750348675035,
                0.3526093088857546,
                0.3637686431429611,
                0.365764447695684,
                0.3866976024748647,
                0.3996802557953637,
                0.4120313143798929,
                0.41999160016799664,
                0.4219409282700422,
                0.43497172683775553,
                0.4672897196261682,
                0.4701457451810061,
                0.4892367906066536,
                0.4784688995215311,
                0.4821600771456123,
                0.5053057099545225,
                0.5167958656330749,
                0.5288207297726071,
                0.531632110579479
            ],
            "ler_eb": [
                0.008324202218825384,
                0.008514933386750611,
                0.008898559638662557,
                0.008971746597759515,
                0.009175564553228231,
                0.009211424169053453,
                0.009576544050203986,
                0.00979273513580014,
                0.009990962342701533,
                0.01011481039436079,
                0.010144666269611649,
                0.0103394186041788,
                0.010785288473515505,
                0.010822079579568681,
                0.011056786205560682,
                0.01092682077744855,
                0.010972081190335941,
                0.01123887017679595,
                0.011360157469193652,
                0.011478933997518852,
                0.011505480504881682
            ],
            "ler_x": [
                0.021690590111642743,
                0.017088399605652317,
                0.029288702928870293,
                0.03173483779971791,
                0.03128410331029465,
                0.0296269202633504,
                0.03634957463263728,
                0.03836930455635491,
                0.042027194066749075,
                0.039479210415791686,
                0.04050632911392405,
                0.03784254023488473,
                0.04672897196261682,
                0.048895157498824636,
                0.05968688845401174,
                0.05789473684210526,
                0.054966248794599805,
                0.05103587670540677,
                0.05581395348837209,
                0.061343204653622425,
                0.0685805422647528
            ],
            "ler_z": [
                0.30494417862838913,
                0.31514952349654946,
                0.3305439330543933,
                0.33321579689703806,
                0.34267006184066934,
                0.3471104608632041,
                0.3642691415313225,
                0.3733013589128697,
                0.3877214668314792,
                0.3960520789584208,
                0.3962025316455696,
                0.414528055676381,
                0.4378504672897196,
                0.44240714621532673,
                0.45792563600782776,
                0.44593301435406696,
                0.4522661523625844,
                0.482566953006569,
                0.4873385012919897,
                0.493918561607615,
                0.4965443912812334
            ],
            "per": [
                0.38,
                0.386,
                0.392,
                0.398,
                0.404,
                0.41000000000000003,
                0.41600000000000004,
                0.422,
                0.428,
                0.434,
                0.44,
                0.446,
                0.452,
                0.458,
                0.464,
                0.47,
                0.476,
                0.482,
                0.488,
                0.494,
                0.5
            ]
        }
    },
    "distance_array": [
        5,
        9,
        13,
        17,
        21
    ],
    "ler_distances": [
        [
            0.3561253561253561,
            0.3518648838845883,
            0.38402457757296465,
            0.3762227238525207,
            0.37835792659856227,
            0.38955979742890534,
            0.38284839203675347,
            0.390625,
            0.3993610223642173,
            0.4351610095735422,
            0.4244482173174873,
            0.45599635202918376,
            0.4384042086804033,
            0.44822949350067237,
            0.46882325363338023,
            0.46104195481788846,
            0.4716981132075472,
            0.49236829148202854,
            0.5015045135406219,
            0.5042864346949067,
            0.4899559039686428
        ],
        [
            0.3189792663476874,
            0.3286230693394676,
            0.3486750348675035,
            0.3526093088857546,
            0.3637686431429611,
            0.365764447695684,
            0.3866976024748647,
            0.3996802557953637,
            0.4120313143798929,
            0.41999160016799664,
            0.4219409282700422,
            0.43497172683775553,
            0.4672897196261682,
            0.4701457451810061,
            0.4892367906066536,
            0.4784688995215311,
            0.4821600771456123,
            0.5053057099545225,
            0.5167958656330749,
            0.5288207297726071,
            0.531632110579479
        ]
    ],
    "n_logical_errors": 1000,
    "n_runs": 1000000,
    "per_list": [
        0.38,
        0.386,
        0.392,
        0.398,
        0.404,
        0.41000000000000003,
        0.41600000000000004,
        0.422,
        0.428,
        0.434,
        0.44,
        0.446,
        0.452,
        0.458,
        0.464,
        0.47,
        0.476,
        0.482,
        0.488,
        0.494,
        0.5
    ]
}
