{
    "bias": 10000,
    "code": "ColourCode",
    "data": {
        "7": {
            "ler": [
                0.3176821907363873,
                0.3264346804204479,
                0.3331556503198294,
                0.346860908775581,
                0.3549371761198268,
                0.3749812509374531,
                0.3769886149438287,
                0.38449707782220854,
                0.40809663728370876,
                0.4114210483008311,
                0.4174668113884946,
                0.42611215271859554,
                0.442008486562942,
                0.45687134502923976,
                0.452447742285766,
                0.4749240121580547,
                0.48160277403197843,
                0.4837929366231253,
                0.5036768409388537,
                0.5060728744939271,
                0.5232862375719518
            ],
            "ler_eb": [
                0.003711087722447103,
                0.003788795360526756,
                0.0038474627069931626,
                0.003964360992782222,
                0.004031507706237875,
                0.004192480719572065,
                0.004208150118296967,
                0.00426602209946112,
                0.004440209050131192,
                0.004463791160480863,
                0.0045060633107746615,
                0.004565122463588564,
                0.004669381976054502,
                0.004761680766367899,
                0.004734740815467637,
                0.004866875144630131,
                0.00490382893733522,
                0.004915712701037221,
                0.005018214840902494,
                0.005029901684024201,
                0.005109555910782779
            ],
            "ler_x": [
                0.30885062583391576,
                0.3180126656656003,
                0.32409381663113007,
                0.3363163371488033,
                0.34443103570667993,
                0.3623068846557672,
                0.3651511724345925,
                0.37334666256536453,
                0.39438459027097617,
                0.3985847115938451,
                0.4031894464390081,
                0.4111982273734447,
                0.42644978783592646,
                0.438687865497076,
                0.43588815491810695,
                0.45792173252279633,
                0.46330186861876327,
                0.46695694242864055,
                0.485040797824116,
                0.4852226720647773,
                0.5027734170591314
            ],
            "ler_z": [
                0.012008386809835441,
                0.012600378664229289,
                0.013726012793176973,
                0.017065556711758585,
                0.016611059842407894,
                0.02032398380080996,
                0.018472442132247607,
                0.01760996616425715,
                0.02277179236043095,
                0.021805315559944048,
                0.023545128162311097,
                0.026504175899096642,
                0.02705091937765205,
                0.029788011695906433,
                0.030313998733146323,
                0.03181990881458967,
                0.031593141976497784,
                0.03454281567489115,
                0.03596252644303415,
                0.038866396761133605,
                0.039141810570382
            ],
            "per": [
                0.38,
                0.386,
                0.392,
                0.398,
                0.404,
                0.41000000000000003,
                0.41600000000000004,
                0.422,
                0.428,
                0.434,
                0.44,
                0.446,
                0.452,
                0.458,
                0.464,
                0.47,
                0.476,
                0.482,
                0.488,
                0.494,
                0.5
            ],
            "ratio": null
        }
    },
    "distance_array": [
        3,
        5,
        7,
        9,
        11,
        13,
        17,
        21
    ],
    "ler_distances": [
        [
            0.36305547487656115,
            0.3666495563540368,
            0.3817668168282813,
            0.38532675709001235,
            0.39575747981636855,
            0.40696727983070163,
            0.4079967360261118,
            0.4083299305839118,
            0.4129160128829796,
            0.4291845493562232,
            0.43357613596947625,
            0.4467875971763024,
            0.45138575426559535,
            0.45951658854884664,
            0.45998160073597055,
            0.46274872744099954,
            0.4751045229950589,
            0.48290515742708134,
            0.48049202383240436,
            0.49130392060528644,
            0.5070479667376534
        ],
        [
            0.3354353951428955,
            0.3536818278276862,
            0.3591180061768297,
            0.36114120621162876,
            0.3744476896577548,
            0.3812428516965307,
            0.3937938095613137,
            0.4020908725371934,
            0.40786361040867936,
            0.41148876635667847,
            0.4297009281540048,
            0.43713936002797693,
            0.44895393732603034,
            0.4515895953757225,
            0.45816915605241454,
            0.47103155911446065,
            0.4780114722753346,
            0.4736193994506015,
            0.48775729197151496,
            0.486050354816759,
            0.4981568197668626
        ],
        [
            0.3176821907363873,
            0.3264346804204479,
            0.3331556503198294,
            0.346860908775581,
            0.3549371761198268,
            0.3749812509374531,
            0.3769886149438287,
            0.38449707782220854,
            0.40809663728370876,
            0.4114210483008311,
            0.4174668113884946,
            0.42611215271859554,
            0.442008486562942,
            0.45687134502923976,
            0.452447742285766,
            0.4749240121580547,
            0.48160277403197843,
            0.4837929366231253,
            0.5036768409388537,
            0.5060728744939271,
            0.5232862375719518
        ]
    ],
    "n_logical_errors": 5000,
    "n_runs": 1000000,
    "per_list": [
        0.38,
        0.386,
        0.392,
        0.398,
        0.404,
        0.41000000000000003,
        0.41600000000000004,
        0.422,
        0.428,
        0.434,
        0.44,
        0.446,
        0.452,
        0.458,
        0.464,
        0.47,
        0.476,
        0.482,
        0.488,
        0.494,
        0.5
    ]
}
