{
    "bias": 10000,
    "data": {
        "21": {
            "ler": [
                0.2916302128900554,
                0.308546744831842,
                0.3233107015842224,
                0.32786885245901637,
                0.37299515106303616,
                0.3743916136278547,
                0.41288191577208916,
                0.4168403501458941,
                0.4397537379067722,
                0.44014084507042256,
                0.45558086560364464,
                0.493339911198816,
                0.5053057099545225,
                0.5393743257820928,
                0.532197977647685,
                0.5636978579481398,
                0.5668934240362812,
                0.5934718100890207,
                0.5830903790087464,
                0.6056935190793459,
                0.6180469715698393
            ],
            "ler_eb": [
                0.007761801460927466,
                0.008113390546896283,
                0.008410362871438582,
                0.008500161387980397,
                0.009339822780624892,
                0.009364344727746683,
                0.010004343387889846,
                0.010066152029881113,
                0.010408760684646126,
                0.010414323525526256,
                0.010629973106540585,
                0.011104642940157816,
                0.01123887017679595,
                0.011576155198731413,
                0.011510767114827451,
                0.011774434472827758,
                0.011797739651987991,
                0.011965901621418302,
                0.011905752068334158,
                0.012027348203153236,
                0.012078874296328089
            ],
            "ler_x": [
                0.0694079906678332,
                0.07898796667695156,
                0.07856450048496605,
                0.07868852459016394,
                0.09921671018276762,
                0.10220891052040434,
                0.10652353426919901,
                0.11171321383909963,
                0.13192612137203166,
                0.12984154929577466,
                0.13621867881548974,
                0.14750863344844597,
                0.15411824153612935,
                0.16936353829557713,
                0.1729643427354976,
                0.1927846674182638,
                0.20578231292517007,
                0.21364985163204747,
                0.20932944606413995,
                0.22895215021199272,
                0.22373300370828184
            ],
            "ler_z": [
                0.23622047244094488,
                0.24714594261030545,
                0.2670546395085677,
                0.27377049180327867,
                0.3021260723610593,
                0.3070011231748409,
                0.34475639966969446,
                0.34389328887036263,
                0.3605980650835532,
                0.3626760563380282,
                0.3740318906605923,
                0.4005920078934386,
                0.4229408792319353,
                0.4525350593311758,
                0.4385311335816924,
                0.45659526493799324,
                0.45975056689342403,
                0.47299703264094956,
                0.47580174927113705,
                0.49182313749242884,
                0.5043263288009888
            ],
            "per": [
                0.38,
                0.386,
                0.392,
                0.398,
                0.404,
                0.41000000000000003,
                0.41600000000000004,
                0.422,
                0.428,
                0.434,
                0.44,
                0.446,
                0.452,
                0.458,
                0.464,
                0.47,
                0.476,
                0.482,
                0.488,
                0.494,
                0.5
            ]
        }
    },
    "distance_array": [
        5,
        9,
        13,
        17,
        21
    ],
    "ler_distances": [
        [
            0.3561253561253561,
            0.3518648838845883,
            0.38402457757296465,
            0.3762227238525207,
            0.37835792659856227,
            0.38955979742890534,
            0.38284839203675347,
            0.390625,
            0.3993610223642173,
            0.4351610095735422,
            0.4244482173174873,
            0.45599635202918376,
            0.4384042086804033,
            0.44822949350067237,
            0.46882325363338023,
            0.46104195481788846,
            0.4716981132075472,
            0.49236829148202854,
            0.5015045135406219,
            0.5042864346949067,
            0.4899559039686428
        ],
        [
            0.3189792663476874,
            0.3286230693394676,
            0.3486750348675035,
            0.3526093088857546,
            0.3637686431429611,
            0.365764447695684,
            0.3866976024748647,
            0.3996802557953637,
            0.4120313143798929,
            0.41999160016799664,
            0.4219409282700422,
            0.43497172683775553,
            0.4672897196261682,
            0.4701457451810061,
            0.4892367906066536,
            0.4784688995215311,
            0.4821600771456123,
            0.5053057099545225,
            0.5167958656330749,
            0.5288207297726071,
            0.531632110579479
        ],
        [
            0.297441998810232,
            0.33266799733865604,
            0.32786885245901637,
            0.3562522265764161,
            0.35688793718772305,
            0.37579857196542654,
            0.37650602409638556,
            0.39093041438623927,
            0.4192872117400419,
            0.42140750105351876,
            0.43591979075850046,
            0.4803073967339097,
            0.47664442326024786,
            0.4928536224741252,
            0.5012531328320802,
            0.5037783375314862,
            0.5364806866952789,
            0.5299417064122947,
            0.5359056806002144,
            0.5717552887364208,
            0.5461496450027308
        ],
        [
            0.3048780487804878,
            0.31857279388340237,
            0.333000333000333,
            0.35014005602240894,
            0.37593984962406013,
            0.398406374501992,
            0.3971405877680699,
            0.4168403501458941,
            0.41841004184100417,
            0.4434589800443459,
            0.46210720887245843,
            0.47641734159123394,
            0.4916420845624385,
            0.5165289256198347,
            0.5307855626326964,
            0.5443658138268916,
            0.5241090146750524,
            0.5602240896358543,
            0.5747126436781609,
            0.5920663114268798,
            0.601684717208183
        ],
        [
            0.2916302128900554,
            0.308546744831842,
            0.3233107015842224,
            0.32786885245901637,
            0.37299515106303616,
            0.3743916136278547,
            0.41288191577208916,
            0.4168403501458941,
            0.4397537379067722,
            0.44014084507042256,
            0.45558086560364464,
            0.493339911198816,
            0.5053057099545225,
            0.5393743257820928,
            0.532197977647685,
            0.5636978579481398,
            0.5668934240362812,
            0.5934718100890207,
            0.5830903790087464,
            0.6056935190793459,
            0.6180469715698393
        ]
    ],
    "n_logical_errors": 1000,
    "n_runs": 1000000,
    "per_list": [
        0.38,
        0.386,
        0.392,
        0.398,
        0.404,
        0.41000000000000003,
        0.41600000000000004,
        0.422,
        0.428,
        0.434,
        0.44,
        0.446,
        0.452,
        0.458,
        0.464,
        0.47,
        0.476,
        0.482,
        0.488,
        0.494,
        0.5
    ]
}
