{
    "bias": 10000,
    "data": {
        "5": {
            "ler": [
                0.3561253561253561,
                0.3518648838845883,
                0.38402457757296465,
                0.3762227238525207,
                0.37835792659856227,
                0.38955979742890534,
                0.38284839203675347,
                0.390625,
                0.3993610223642173,
                0.4351610095735422,
                0.4244482173174873,
                0.45599635202918376,
                0.4384042086804033,
                0.44822949350067237,
                0.46882325363338023,
                0.46104195481788846,
                0.4716981132075472,
                0.49236829148202854,
                0.5015045135406219,
                0.5042864346949067,
                0.4899559039686428
            ],
            "ler_eb": [
                0.009036568767458782,
                0.008957951412926528,
                0.009531049215716394,
                0.009396363262154577,
                0.009433503980144248,
                0.009624888236791466,
                0.009510925062286983,
                0.00964278205963452,
                0.00978751478971835,
                0.010342185180526497,
                0.010182793005915097,
                0.010635606831727908,
                0.010389308369904107,
                0.010528819271708439,
                0.010805097043612799,
                0.010703305649578672,
                0.010841895573400541,
                0.011093394245065988,
                0.011197097534589057,
                0.011227748801769032,
                0.011065240501084742
            ],
            "ler_x": [
                0.00035612535612535614,
                0.0,
                0.0,
                0.0,
                0.0,
                0.00038955979742890534,
                0.0,
                0.0,
                0.0,
                0.0,
                0.0,
                0.0,
                0.0,
                0.0,
                0.0,
                0.0004610419548178884,
                0.0004716981132075472,
                0.0,
                0.0,
                0.0,
                0.0
            ],
            "ler_z": [
                0.3557692307692308,
                0.3518648838845883,
                0.38402457757296465,
                0.3762227238525207,
                0.37835792659856227,
                0.38955979742890534,
                0.38284839203675347,
                0.390625,
                0.3993610223642173,
                0.4351610095735422,
                0.4244482173174873,
                0.45599635202918376,
                0.4384042086804033,
                0.44822949350067237,
                0.46882325363338023,
                0.4605809128630705,
                0.4716981132075472,
                0.49236829148202854,
                0.5015045135406219,
                0.5042864346949067,
                0.4899559039686428
            ],
            "per": [
                0.38,
                0.386,
                0.392,
                0.398,
                0.404,
                0.41000000000000003,
                0.41600000000000004,
                0.422,
                0.428,
                0.434,
                0.44,
                0.446,
                0.452,
                0.458,
                0.464,
                0.47,
                0.476,
                0.482,
                0.488,
                0.494,
                0.5
            ]
        }
    },
    "distance_array": [
        5,
        9,
        13,
        17,
        21
    ],
    "ler_distances": [
        [
            0.3561253561253561,
            0.3518648838845883,
            0.38402457757296465,
            0.3762227238525207,
            0.37835792659856227,
            0.38955979742890534,
            0.38284839203675347,
            0.390625,
            0.3993610223642173,
            0.4351610095735422,
            0.4244482173174873,
            0.45599635202918376,
            0.4384042086804033,
            0.44822949350067237,
            0.46882325363338023,
            0.46104195481788846,
            0.4716981132075472,
            0.49236829148202854,
            0.5015045135406219,
            0.5042864346949067,
            0.4899559039686428
        ]
    ],
    "n_logical_errors": 1000,
    "n_runs": 1000000,
    "per_list": [
        0.38,
        0.386,
        0.392,
        0.398,
        0.404,
        0.41000000000000003,
        0.41600000000000004,
        0.422,
        0.428,
        0.434,
        0.44,
        0.446,
        0.452,
        0.458,
        0.464,
        0.47,
        0.476,
        0.482,
        0.488,
        0.494,
        0.5
    ]
}
