{
    "bias": 10000,
    "data": {
        "17": {
            "ler": [
                0.3048780487804878,
                0.31857279388340237,
                0.333000333000333,
                0.35014005602240894,
                0.37593984962406013,
                0.398406374501992,
                0.3971405877680699,
                0.4168403501458941,
                0.41841004184100417,
                0.4434589800443459,
                0.46210720887245843,
                0.47641734159123394,
                0.4916420845624385,
                0.5165289256198347,
                0.5307855626326964,
                0.5443658138268916,
                0.5241090146750524,
                0.5602240896358543,
                0.5747126436781609,
                0.5920663114268798,
                0.601684717208183
            ],
            "ler_eb": [
                0.008038160209813256,
                0.008316075407798386,
                0.008600178719073233,
                0.00892589310063252,
                0.009391427043481986,
                0.009771874741288412,
                0.0097510705164795,
                0.010066152029881113,
                0.010090450324546446,
                0.010461694737967167,
                0.010717428762936368,
                0.01090134761442661,
                0.011084952756122878,
                0.011357425453087738,
                0.011497536178729945,
                0.011619809136926226,
                0.011433399238203211,
                0.011748366810093225,
                0.011852009405136197,
                0.011958181384022102,
                0.012008325889383538
            ],
            "ler_x": [
                0.05030487804878049,
                0.05829882128066263,
                0.06227106227106227,
                0.07212885154061624,
                0.07368421052631578,
                0.07888446215139443,
                0.09054805401111994,
                0.09587328053355565,
                0.100418410041841,
                0.1073170731707317,
                0.1289279112754159,
                0.11148165793234874,
                0.12733529990167158,
                0.1337809917355372,
                0.14968152866242038,
                0.1698421339139902,
                0.16247379454926625,
                0.17198879551820728,
                0.17586206896551723,
                0.17525162818235643,
                0.2075812274368231
            ],
            "ler_z": [
                0.2685975609756098,
                0.27620261229690984,
                0.29037629037629037,
                0.3004201680672269,
                0.3281954887218045,
                0.34103585657370517,
                0.3383637807783956,
                0.3551479783243018,
                0.3569037656903766,
                0.3764966740576497,
                0.3798521256931608,
                0.4101953311100524,
                0.41494591937069814,
                0.4380165289256198,
                0.458067940552017,
                0.45073489384866633,
                0.4439203354297694,
                0.46442577030812326,
                0.4689655172413793,
                0.4979277679100059,
                0.5018050541516246
            ],
            "per": [
                0.38,
                0.386,
                0.392,
                0.398,
                0.404,
                0.41000000000000003,
                0.41600000000000004,
                0.422,
                0.428,
                0.434,
                0.44,
                0.446,
                0.452,
                0.458,
                0.464,
                0.47,
                0.476,
                0.482,
                0.488,
                0.494,
                0.5
            ]
        }
    },
    "distance_array": [
        5,
        9,
        13,
        17,
        21
    ],
    "ler_distances": [
        [
            0.3561253561253561,
            0.3518648838845883,
            0.38402457757296465,
            0.3762227238525207,
            0.37835792659856227,
            0.38955979742890534,
            0.38284839203675347,
            0.390625,
            0.3993610223642173,
            0.4351610095735422,
            0.4244482173174873,
            0.45599635202918376,
            0.4384042086804033,
            0.44822949350067237,
            0.46882325363338023,
            0.46104195481788846,
            0.4716981132075472,
            0.49236829148202854,
            0.5015045135406219,
            0.5042864346949067,
            0.4899559039686428
        ],
        [
            0.3189792663476874,
            0.3286230693394676,
            0.3486750348675035,
            0.3526093088857546,
            0.3637686431429611,
            0.365764447695684,
            0.3866976024748647,
            0.3996802557953637,
            0.4120313143798929,
            0.41999160016799664,
            0.4219409282700422,
            0.43497172683775553,
            0.4672897196261682,
            0.4701457451810061,
            0.4892367906066536,
            0.4784688995215311,
            0.4821600771456123,
            0.5053057099545225,
            0.5167958656330749,
            0.5288207297726071,
            0.531632110579479
        ],
        [
            0.297441998810232,
            0.33266799733865604,
            0.32786885245901637,
            0.3562522265764161,
            0.35688793718772305,
            0.37579857196542654,
            0.37650602409638556,
            0.39093041438623927,
            0.4192872117400419,
            0.42140750105351876,
            0.43591979075850046,
            0.4803073967339097,
            0.47664442326024786,
            0.4928536224741252,
            0.5012531328320802,
            0.5037783375314862,
            0.5364806866952789,
            0.5299417064122947,
            0.5359056806002144,
            0.5717552887364208,
            0.5461496450027308
        ],
        [
            0.3048780487804878,
            0.31857279388340237,
            0.333000333000333,
            0.35014005602240894,
            0.37593984962406013,
            0.398406374501992,
            0.3971405877680699,
            0.4168403501458941,
            0.41841004184100417,
            0.4434589800443459,
            0.46210720887245843,
            0.47641734159123394,
            0.4916420845624385,
            0.5165289256198347,
            0.5307855626326964,
            0.5443658138268916,
            0.5241090146750524,
            0.5602240896358543,
            0.5747126436781609,
            0.5920663114268798,
            0.601684717208183
        ]
    ],
    "n_logical_errors": 1000,
    "n_runs": 1000000,
    "per_list": [
        0.38,
        0.386,
        0.392,
        0.398,
        0.404,
        0.41000000000000003,
        0.41600000000000004,
        0.422,
        0.428,
        0.434,
        0.44,
        0.446,
        0.452,
        0.458,
        0.464,
        0.47,
        0.476,
        0.482,
        0.488,
        0.494,
        0.5
    ]
}
