{
    "bias": 10000,
    "code": "ColourCode",
    "data": {
        "21": {
            "ler": [
                0.29118863199580686,
                0.3107133979617201,
                0.3272893892779996,
                0.3508525717493509,
                0.3616374945754376,
                0.38109756097560976,
                0.4000320025602048,
                0.42186972662841715,
                0.44122837980938934,
                0.45351473922902497,
                0.47596382674916704,
                0.4945109286915241,
                0.5091649694501018,
                0.5290445455507353,
                0.5355612682090831,
                0.557165143748607,
                0.5662514156285391,
                0.5793071486502144,
                0.5852059925093633,
                0.6087168249330411,
                0.613421666053245
            ],
            "ler_eb": [
                0.0034670072597459242,
                0.003648168564263275,
                0.003796304698952174,
                0.003997710423305161,
                0.004086223667435425,
                0.004239964928040089,
                0.004382014162788614,
                0.004536346449987778,
                0.004664398064745765,
                0.004741280293726412,
                0.004872698933376796,
                0.004972179252725245,
                0.005044769057214532,
                0.005134488134437783,
                0.00516164788103879,
                0.005243482655316798,
                0.005274038961552566,
                0.005313815260568173,
                0.005330156973876354,
                0.005384878275905661,
                0.005393775472463109
            ],
            "ler_x": [
                0.06435268767107333,
                0.07109122545364156,
                0.07488381226680631,
                0.0849764928776928,
                0.08990308115145378,
                0.09519817073170732,
                0.10688855108408672,
                0.11947350658116773,
                0.13025061771973173,
                0.1326984126984127,
                0.14002855782960494,
                0.14686974582138265,
                0.16262729124236253,
                0.17606602475928473,
                0.17320051413881749,
                0.1883218185870292,
                0.1941109852774632,
                0.20553817634109606,
                0.21008895131086142,
                0.22364256148039932,
                0.22892896577107102
            ],
            "ler_z": [
                0.24325898316929706,
                0.25795426298782004,
                0.2725011455128625,
                0.29106729352326155,
                0.29806162302907563,
                0.31684451219512194,
                0.33034642771421713,
                0.3416301046236922,
                0.35721849629368163,
                0.36435374149659866,
                0.39171822941456447,
                0.40816932054198396,
                0.4134419551934827,
                0.42926674425986666,
                0.4343401885175664,
                0.4515266324938712,
                0.4602491506228766,
                0.47144015757154445,
                0.47928370786516855,
                0.49074750426101776,
                0.4984664458348669
            ],
            "per": [
                0.38,
                0.386,
                0.392,
                0.398,
                0.404,
                0.41000000000000003,
                0.41600000000000004,
                0.422,
                0.428,
                0.434,
                0.44,
                0.446,
                0.452,
                0.458,
                0.464,
                0.47,
                0.476,
                0.482,
                0.488,
                0.494,
                0.5
            ],
            "ratio": null
        }
    },
    "distance_array": [
        3,
        5,
        7,
        9,
        11,
        13,
        17,
        21
    ],