{
    "bias": 10000,
    "code": "ColourCode",
    "data": {
        "29": {
            "ler": [
                0.2748763056624519,
                0.2929630280658581,
                0.3159158400202186,
                0.3329559832190184,
                0.3591180061768297,
                0.3719131210949122,
                0.3963849690819724,
                0.41925205433506624,
                0.4405674508767292,
                0.4646840148698885,
                0.4930966469428008,
                0.4990518015770037,
                0.5130309870716191,
                0.5348165579206332,
                0.557165143748607,
                0.5691519635742743,
                0.5910864168341412,
                0.6056935190793459,
                0.6153846153846154,
                0.6215813028344107,
                0.642508352608584
            ],
            "ler_eb": [
                0.003310231380028379,
                0.003483765193659401,
                0.0036952273786198414,
                0.0038457324596588315,
                0.004065755086053074,
                0.004168370932892463,
                0.0043552410647257865,
                0.004518393374991819,
                0.0046601647627404486,
                0.004808148106608477,
                0.004964889980294306,
                0.00499524777576914,
                0.005063015518600582,
                0.005158601336600803,
                0.005243482655316798,
                0.0052833002863930225,
                0.005345418910617008,
                0.005378793634262117,
                0.005397280118812488,
                0.005407533683407013,
                0.005432837626604351
            ],
            "ler_x": [
                0.06756459593183067,
                0.07593601687467041,
                0.08839325203765717,
                0.09509222880735167,
                0.10084033613445378,
                0.11298720618863434,
                0.12010464563183765,
                0.13122589300687573,
                0.1430081945545863,
                0.1563197026022305,
                0.16863905325443787,
                0.17766244136141332,
                0.19228401395444286,
                0.2059043747994438,
                0.21172275462447068,
                0.2327831531018782,
                0.23868069511762618,
                0.24736523319200485,
                0.25784615384615384,
                0.26429636996519146,
                0.28745823695708045
            ],
            "ler_z": [
                0.22177020340846618,
                0.23560086717056308,
                0.2492575977759525,
                0.26270227075980557,
                0.2867198161315808,
                0.29247247842903895,
                0.3150467734263517,
                0.3339761864833138,
                0.34892942109436953,
                0.36589219330855016,
                0.3878698224852071,
                0.39015869847290147,
                0.4009850194951775,
                0.415552465504332,
                0.4361488745264096,
                0.43972680705748435,
                0.46672183473223783,
                0.4723198061780739,
                0.47852307692307694,
                0.48980606663351567,
                0.49434592649704445
            ],
            "per": [
                0.38,
                0.386,
                0.392,
                0.398,
                0.404,
                0.41000000000000003,
                0.41600000000000004,
                0.422,
                0.428,
                0.434,
                0.44,
                0.446,
                0.452,
                0.458,
                0.464,
                0.47,
                0.476,
                0.482,
                0.488,
                0.494,
                0.5
            ],
            "ratio": null
        }
    },
    "distance_array": [
        25,
        29
    ],
    "ler_distances": [
        [
            0.27799399532970087,
            0.29549081023580165,
            0.3133421069123269,
            0.3339567192091905,
            0.3649901452660778,
            0.3788739865120861,
            0.3976775630318937,
            0.4198505332101772,
            0.43863496797964735,
            0.46146746654360865,
            0.48412083656080557,
            0.5015045135406219,
            0.504693650953871,
            0.5268148772521336,
            0.5470459518599562,
            0.5524861878453039,
            0.590388475616956,
            0.590946696607966,
            0.6005284650492433,
            0.625,
            0.6313928526329082
        ],
        [
            0.2748763056624519,
            0.2929630280658581,
            0.3159158400202186,
            0.3329559832190184,
            0.3591180061768297,
            0.3719131210949122,
            0.3963849690819724,
            0.41925205433506624,
            0.4405674508767292,
            0.4646840148698885,
            0.4930966469428008,
            0.4990518015770037,
            0.5130309870716191,
            0.5348165579206332,
            0.557165143748607,
            0.5691519635742743,
            0.5910864168341412,
            0.6056935190793459,
            0.6153846153846154,
            0.6215813028344107,
            0.642508352608584
        ]
    ],
    "n_logical_errors": 5000,
    "n_runs": 1000000,
    "per_list": [
        0.38,
        0.386,
        0.392,
        0.398,
        0.404,
        0.41000000000000003,
        0.41600000000000004,
        0.422,
        0.428,
        0.434,
        0.44,
        0.446,
        0.452,
        0.458,
        0.464,
        0.47,
        0.476,
        0.482,
        0.488,
        0.494,
        0.5
    ]
}
