{
    "bias": 10000,
    "code": "ColourCode",
    "data": {
        "25": {
            "ler": [
                0.27799399532970087,
                0.29549081023580165,
                0.3133421069123269,
                0.3339567192091905,
                0.3649901452660778,
                0.3788739865120861,
                0.3976775630318937,
                0.4198505332101772,
                0.43863496797964735,
                0.46146746654360865,
                0.48412083656080557,
                0.5015045135406219,
                0.504693650953871,
                0.5268148772521336,
                0.5470459518599562,
                0.5524861878453039,
                0.590388475616956,
                0.590946696607966,
                0.6005284650492433,
                0.625,
                0.6313928526329082
            ],
            "ler_eb": [
                0.0033405718553600194,
                0.003507537379457746,
                0.0036720109316302875,
                0.003854396687518619,
                0.004113261959219037,
                0.004222791558032126,
                0.00436476239797933,
                0.00452251124745044,
                0.004647730385962987,
                0.004789189910288545,
                0.004917481858046143,
                0.0050074942476072875,
                0.00502319209578954,
                0.005124937454952962,
                0.005206739850443454,
                0.005226845282926774,
                0.005343661663678755,
                0.005345068302289482,
                0.005367740534677051,
                0.005412658773652742,
                0.005421213800451816
            ],
            "ler_x": [
                0.061714666963193596,
                0.06873116246084747,
                0.07683148461490255,
                0.08756345177664974,
                0.09913132345426673,
                0.10237175115556565,
                0.11548556430446194,
                0.11621462759257704,
                0.13123958241951048,
                0.14628518689432396,
                0.15317583268783888,
                0.161283851554664,
                0.17068739275259917,
                0.18354230323464335,
                0.19321663019693655,
                0.20574585635359116,
                0.21879796906364388,
                0.22030492849544972,
                0.23288493874609656,
                0.24325,
                0.25483015532264175
            ],
            "ler_z": [
                0.23151339931057488,
                0.24336623131020627,
                0.2556871592404587,
                0.2701041944963933,
                0.2925031024162348,
                0.30764567704781387,
                0.3189374055515788,
                0.34377361659249306,
                0.3538029651723835,
                0.3672358098754038,
                0.39126646010844307,
                0.4041123370110331,
                0.4037549207630968,
                0.41734274575914027,
                0.4402625820568928,
                0.4360220994475138,
                0.4766796552131302,
                0.47323011464365916,
                0.48150372327648333,
                0.50525,
                0.5027149892663215
            ],
            "per": [
                0.38,
                0.386,
                0.392,
                0.398,
                0.404,
                0.41000000000000003,
                0.41600000000000004,
                0.422,
                0.428,
                0.434,
                0.44,
                0.446,
                0.452,
                0.458,
                0.464,
                0.47,
                0.476,
                0.482,
                0.488,
                0.494,
                0.5
            ],
            "ratio": null
        }
    },
    "distance_array": [
        25,
        29
    ],
    "ler_distances": [
        [
            0.27799399532970087,
            0.29549081023580165,
            0.3133421069123269,
            0.3339567192091905,
            0.3649901452660778,
            0.3788739865120861,
            0.3976775630318937,
            0.4198505332101772,
            0.43863496797964735,
            0.46146746654360865,
            0.48412083656080557,
            0.5015045135406219,
            0.504693650953871,
            0.5268148772521336,
            0.5470459518599562,
            0.5524861878453039,
            0.590388475616956,
            0.590946696607966,
            0.6005284650492433,
            0.625,
            0.6313928526329082
        ]
    ],
    "n_logical_errors": 5000,
    "n_runs": 1000000,
    "per_list": [
        0.38,
        0.386,
        0.392,
        0.398,
        0.404,
        0.41000000000000003,
        0.41600000000000004,
        0.422,
        0.428,
        0.434,
        0.44,
        0.446,
        0.452,
        0.458,
        0.464,
        0.47,
        0.476,
        0.482,
        0.488,
        0.494,
        0.5
    ]
}
