{
    "bias": 10000,
    "code": "ColourCode",
    "data": {
        "17": {
            "ler": [
                0.29146021568055963,
                0.3176620076238882,
                0.31541761291950543,
                0.3430296377607025,
                0.3666764447051921,
                0.3701510216168197,
                0.3966050606805743,
                0.4176760504552669,
                0.42804554404588646,
                0.44519633158222777,
                0.4510599909788002,
                0.48482497818287595,
                0.491690431704199,
                0.5033725963958522,
                0.5107252298263534,
                0.5314625850340136,
                0.5518154729058603,
                0.5593466830741693,
                0.5759041695461875,
                0.5898313082458417,
                0.5941770647653001
            ],
            "ler_eb": [
                0.0034695759612633453,
                0.003710906831638797,
                0.0036907429531917555,
                0.003932054524535888,
                0.004126775372886186,
                0.004154436878955946,
                0.004356864776968502,
                0.004507512059656883,
                0.00457810450497997,
                0.004689604706219122,
                0.0047261962066128226,
                0.004921272161254658,
                0.004957593311883876,
                0.005016720513133181,
                0.005052178905186093,
                0.005144697357430384,
                0.0052244105923724676,
                0.005251031053918802,
                0.005303923139836208,
                0.0053422483398273815,
                0.005353023817391938
            ],
            "ler_x": [
                0.0552608568930341,
                0.06454891994917408,
                0.06283118849356548,
                0.07313391877058179,
                0.0772953945438545,
                0.08261770802487414,
                0.08764971841040692,
                0.09840447748726087,
                0.10127557572125674,
                0.107915590775532,
                0.11222372575552549,
                0.128284689227189,
                0.1346248402006097,
                0.1362126245847176,
                0.1365679264555669,
                0.15412414965986396,
                0.17161461207372256,
                0.16523101018010963,
                0.17611149504722415,
                0.1881561873304235,
                0.19156268568033274
            ],
            "ler_z": [
                0.24966482075196736,
                0.26912325285895805,
                0.27056522836235175,
                0.29226125137211856,
                0.3127750073335289,
                0.31655315368670417,
                0.3367970175299437,
                0.3515996992732437,
                0.36298262135091175,
                0.37414299706170423,
                0.38141632837167344,
                0.4136526713856298,
                0.414986724358344,
                0.4257525420316118,
                0.43615934627170583,
                0.44706632653061223,
                0.4582275687010264,
                0.46917999776261327,
                0.4836443215848883,
                0.49687389406629706,
                0.5019607843137255
            ],
            "per": [
                0.38,
                0.386,
                0.392,
                0.398,
                0.404,
                0.41000000000000003,
                0.41600000000000004,
                0.422,
                0.428,
                0.434,
                0.44,
                0.446,
                0.452,
                0.458,
                0.464,
                0.47,
                0.476,
                0.482,
                0.488,
                0.494,
                0.5
            ],
            "ratio": null
        }
    },
    "distance_array": [
        3,
        5,
        7,
        9,
        11,
        13,
        17,
        21
    ],