{
    "bias": 10000,
    "code": "ColourCode",
    "data": {
        "11": {
            "ler": [
                0.30625995344848705,
                0.3173998603440614,
                0.32347803584136636,
                0.34618846500034617,
                0.3496259002866932,
                0.3702880841294527,
                0.3766478342749529,
                0.3984381225595665,
                0.4107788366743345,
                0.4182000669120107,
                0.4276062601556487,
                0.4493978069387021,
                0.4633920296570899,
                0.4793404275716614,
                0.4851072086931212,
                0.4989024146876871,
                0.5059192552868562,
                0.5268148772521336,
                0.5349309939017867,
                0.5567928730512249,
                0.5606009642336585
            ],
            "ler_eb": [
                0.003607477180269201,
                0.0037085566337966376,
                0.003762709984159482,
                0.003958711749947878,
                0.003987495577430806,
                0.004155522998390184,
                0.004205495850129556,
                0.004370348158601847,
                0.0044592541697181945,
                0.004511136093939775,
                0.004575162144545211,
                0.0047159035576478546,
                0.004800562375413783,
                0.004891431606441071,
                0.0049227879846067265,
                0.004994497024674593,
                0.005029156741119514,
                0.005124937454952962,
                0.005159070447390877,
                0.005242181255683301,
                0.005255310589987649
            ],
            "ler_x": [
                0.2821266691167463,
                0.29156351171205486,
                0.29649996765219644,
                0.31793948625631796,
                0.320047549122439,
                0.3374065022587573,
                0.3449340866290019,
                0.36218025340664595,
                0.37380874137364445,
                0.38190030110404816,
                0.38835200547336013,
                0.4086823656300557,
                0.4198331788693234,
                0.43476176780749687,
                0.43533520908120693,
                0.4490121732189184,
                0.4570474552261459,
                0.4752923822568749,
                0.48154488071038837,
                0.4983296213808463,
                0.5048772283888329
            ],
            "ler_z": [
                0.03368859487933358,
                0.03789754332508094,
                0.03817040822928123,
                0.0423042304230423,
                0.04405286343612335,
                0.05006294897430201,
                0.049642184557438795,
                0.05602040003187505,
                0.05849490634242524,
                0.06022080963532954,
                0.06499615154365859,
                0.07037569656660075,
                0.07330861909175163,
                0.08148787268718244,
                0.08557291161346657,
                0.0896028736779086,
                0.09248203986643731,
                0.09482667790538404,
                0.10463250240718948,
                0.1123608017817372,
                0.11155959188249803
            ],
            "per": [
                0.38,
                0.386,
                0.392,
                0.398,
                0.404,
                0.41000000000000003,
                0.41600000000000004,
                0.422,
                0.428,
                0.434,
                0.44,
                0.446,
                0.452,
                0.458,
                0.464,
                0.47,
                0.476,
                0.482,
                0.488,
                0.494,
                0.5
            ],
            "ratio": null
        }
    },
    "distance_array": [
        3,
        5,
        7,
        9,
        11,
        13,
        17,
        21
    ],
    "ler_distances": [
        [
            0.36305547487656115,
            0.3666495563540368,
            0.3817668168282813,
            0.38532675709001235,
            0.39575747981636855,
            0.40696727983070163,
            0.4079967360261118,
            0.4083299305839118,
            0.4129160128829796,
            0.4291845493562232,
            0.43357613596947625,
            0.4467875971763024,
            0.45138575426559535,
            0.45951658854884664,
            0.45998160073597055,
            0.46274872744099954,
            0.4751045229950589,
            0.48290515742708134,
            0.48049202383240436,
            0.49130392060528644,
            0.5070479667376534
        ],
        [
            0.3354353951428955,
            0.3536818278276862,
            0.3591180061768297,
            0.36114120621162876,
            0.3744476896577548,
            0.3812428516965307,
            0.3937938095613137,
            0.4020908725371934,
            0.40786361040867936,
            0.41148876635667847,
            0.4297009281540048,
            0.43713936002797693,
            0.44895393732603034,
            0.4515895953757225,
            0.45816915605241454,
            0.47103155911446065,
            0.4780114722753346,
            0.4736193994506015,
            0.48775729197151496,
            0.486050354816759,
            0.4981568197668626
        ],
        [
            0.3176821907363873,
            0.3264346804204479,
            0.3331556503198294,
            0.346860908775581,
            0.3549371761198268,
            0.3749812509374531,
            0.3769886149438287,
            0.38449707782220854,
            0.40809663728370876,
            0.4114210483008311,
            0.4174668113884946,
            0.42611215271859554,
            0.442008486562942,
            0.45687134502923976,
            0.452447742285766,
            0.4749240121580547,
            0.48160277403197843,
            0.4837929366231253,
            0.5036768409388537,
            0.5060728744939271,
            0.5232862375719518
        ],
        [
            0.3157562361856647,
            0.3209242618741977,
            0.33656435110393107,
            0.3496259002866932,
            0.362476439031463,
            0.381854284405071,
            0.3820585313670054,
            0.3997441637352095,
            0.40498947027377286,
            0.4186202277294039,
            0.43073742246726393,
            0.4384811014645269,
            0.4493978069387021,
            0.4619791185438418,
            0.47587322737222804,
            0.48299845440494593,
            0.48713951675759937,
            0.5161556725508414,
            0.511665984445354,
            0.5285412262156448,
            0.5393743257820928
        ],
        [
            0.30625995344848705,
            0.3173998603440614,
            0.32347803584136636,
            0.34618846500034617,
            0.3496259002866932,
            0.3702880841294527,
            0.3766478342749529,
            0.3984381225595665,
            0.4107788366743345,
            0.4182000669120107,
            0.4276062601556487,
            0.4493978069387021,
            0.4633920296570899,
            0.4793404275716614,
            0.4851072086931212,
            0.4989024146876871,
            0.5059192552868562,
            0.5268148772521336,
            0.5349309939017867,
            0.5567928730512249,
            0.5606009642336585
        ]
    ],
    "n_logical_errors": 5000,
    "n_runs": 1000000,
    "per_list": [
        0.38,
        0.386,
        0.392,
        0.398,
        0.404,
        0.41000000000000003,
        0.41600000000000004,
        0.422,
        0.428,
        0.434,
        0.44,
        0.446,
        0.452,
        0.458,
        0.464,
        0.47,
        0.476,
        0.482,
        0.488,
        0.494,
        0.5
    ]
}
